{
    "response_code": 0,
    "results": [
        {
            "category": "Science & Nature",
            "correct_answer": "Blue",
            "difficulty": "hard",
            "incorrect_answers": [
                "Red",
                "Green",
                "Purple"
            ],
            "question": "What is considered the rarist form of color blindness?",
            "type": "multiple"
        },
        {
            "category": "Entertainment: Video Games",
            "correct_answer": "Alex Kidd",
            "difficulty": "medium",
            "incorrect_answers": [
                "Opa Opa",
                "NiGHTS",
                "Ristar"
            ],
            "question": "Who was the mascot of SEGA mascot before &quot;Sonic the Hedgehog&quot;?",
            "type": "multiple"
        },
        {
            "category": "Entertainment: Film",
            "correct_answer": "Chicago",
            "difficulty": "medium",
            "incorrect_answers": [
                "Dreamgirls",
                "Cabaret",
                "All That Jazz"
            ],
            "question": "Velma Kelly and Roxie Hart are the protagonists of which Oscar winning movie?",
            "type": "multiple"
        },
        {
            "category": "Entertainment: Film",
            "correct_answer": "Uma Thurman",
            "difficulty": "easy",
            "incorrect_answers": [
                "Kathy Griffin",
                "Pam Grier",
                "Bridget Fonda"
            ],
            "question": "Which actress danced the twist with John Travolta in &#039;Pulp Fiction&#039;?",
            "type": "multiple"
        },
        {
            "category": "Entertainment: Video Games",
            "correct_answer": "False",
            "difficulty": "easy",
            "incorrect_answers": [
                "True"
            ],
            "question": "The Mann Co. Store from Team Fortress 2 has the slogan &quot;We hire mercenaries and get in fights&quot;.",
            "type": "boolean"
        },
        {
            "category": "Geography",
            "correct_answer": "False",
            "difficulty": "easy",
            "incorrect_answers": [
                "True"
            ],
            "question": "Greenland is covered with grass and Iceland covered with ice.",
            "type": "boolean"
        },
        {
            "category": "Science & Nature",
            "correct_answer": "Venus",
            "difficulty": "easy",
            "incorrect_answers": [
                "Mars",
                "Mercury",
                "Jupiter"
            ],
            "question": "What is the hottest planet in the Solar System?",
            "type": "multiple"
        },
        {
            "category": "History",
            "correct_answer": "Culper Ring",
            "difficulty": "hard",
            "incorrect_answers": [
                "New York Spy Ring",
                "Washington&#039;s Spies",
                "Unnamed"
            ],
            "question": "What was the name of the spy ring that helped the United States win the Revolutionary War?",
            "type": "multiple"
        },
        {
            "category": "Animals",
            "correct_answer": "Black",
            "difficulty": "medium",
            "incorrect_answers": [
                "White",
                "Pink",
                "Green"
            ],
            "question": "What color/colour is a polar bear&#039;s skin?",
            "type": "multiple"
        },
        {
            "category": "Entertainment: Video Games",
            "correct_answer": "Garry Newman",
            "difficulty": "easy",
            "incorrect_answers": [
                "Randy Newman",
                "Facepunch Studios",
                "Gabe Newell"
            ],
            "question": "Who made Garry&#039;s Mod?",
            "type": "multiple"
        },
        {
            "category": "Science: Computers",
            "correct_answer": "Motherboard",
            "difficulty": "medium",
            "incorrect_answers": [
                "Hard Disk Drive",
                "Central Processing Unit",
                "Graphics Processing Unit"
            ],
            "question": "On which computer hardware device is the BIOS chip located?",
            "type": "multiple"
        },
        {
            "category": "Entertainment: Music",
            "correct_answer": "Japan",
            "difficulty": "medium",
            "incorrect_answers": [
                "South Korea",
                "China",
                "Vietnam"
            ],
            "question": "Which country is singer Kyary Pamyu Pamyu from?",
            "type": "multiple"
        },
        {
            "category": "Geography",
            "correct_answer": "False",
            "difficulty": "easy",
            "incorrect_answers": [
                "True"
            ],
            "question": "There is a city called Rome in every continent on Earth.",
            "type": "boolean"
        },
        {
            "category": "Geography",
            "correct_answer": "36,600",
            "difficulty": "hard",
            "incorrect_answers": [
                "2,400",
                "90,000",
                "323,400"
            ],
            "question": "In 2012 the German-speaking microstate &quot;Liechtenstein&quot; in Central Europe had a population of how many inhabitants?",
            "type": "multiple"
        },
        {
            "category": "Entertainment: Video Games",
            "correct_answer": "8 hours",
            "difficulty": "hard",
            "incorrect_answers": [
                "4 hours",
                "12 hours",
                "5 hours"
            ],
            "question": "How long are all the cutscenes from Metal Gear Solid 4 (PS3, 2008) combined?",
            "type": "multiple"
        },
        {
            "category": "Entertainment: Video Games",
            "correct_answer": "1000  km/h",
            "difficulty": "hard",
            "incorrect_answers": [
                "500 km/h",
                "320 km/h",
                "100 km/h"
            ],
            "question": "What is the fastest speed possible in Trackmania&sup2;: Stadium?",
            "type": "multiple"
        },
        {
            "category": "Science & Nature",
            "correct_answer": "Sputnik 1",
            "difficulty": "easy",
            "incorrect_answers": [
                "Soyuz 7K-OK",
                "Zenit-2",
                "Voskhod 3KV"
            ],
            "question": "What was the name of the first artificial Earth satellite, launched by the Soviet Union in 1957?",
            "type": "multiple"
        },
        {
            "category": "Science & Nature",
            "correct_answer": "Sulfuric acid",
            "difficulty": "hard",
            "incorrect_answers": [
                "Hydrochloric acid",
                "Potassium chloride",
                "Sodium chloride"
            ],
            "question": "Which of these chemical compounds is NOT found in gastric acid?",
            "type": "multiple"
        },
        {
            "category": "Entertainment: Video Games",
            "correct_answer": "18",
            "difficulty": "easy",
            "incorrect_answers": [
                "13",
                "16",
                "15"
            ],
            "question": "In the 2002 video game &quot;Kingdom Hearts&quot;, how many Keyblades are usable?",
            "type": "multiple"
        },
        {
            "category": "Entertainment: Video Games",
            "correct_answer": "Zepheniah Mann",
            "difficulty": "easy",
            "incorrect_answers": [
                "Cave Johnson",
                "Wallace Breem",
                "Saxton Hale"
            ],
            "question": "Who is the founder of Team Fortress 2&#039;s fictional company &quot;Mann Co&quot;?",
            "type": "multiple"
        },
        {
            "category": "General Knowledge",
            "correct_answer": "True",
            "difficulty": "easy",
            "incorrect_answers": [
                "False"
            ],
            "question": "You can legally drink alcohol while driving in Mississippi.",
            "type": "boolean"
        },
        {
            "category": "Entertainment: Video Games",
            "correct_answer": "City 17",
            "difficulty": "easy",
            "incorrect_answers": [
                "City 18",
                "City 6",
                "City 45"
            ],
            "question": "In what city in the dystopia alternate future of Half-Life 2 do you first start in?",
            "type": "multiple"
        },
        {
            "category": "Entertainment: Japanese Anime & Manga",
            "correct_answer": "Giorno Giovanna",
            "difficulty": "medium",
            "incorrect_answers": [
                "Guido Mista",
                "Jonathan Joestar",
                "Joey JoJo"
            ],
            "question": "The main protagonist of the fifth part of JoJo&#039;s Bizarre Adventure is which of the following?",
            "type": "multiple"
        },
        {
            "category": "Entertainment: Video Games",
            "correct_answer": "False",
            "difficulty": "hard",
            "incorrect_answers": [
                "True"
            ],
            "question": "In Undertale, having a &quot;Fun Value&quot; set to 56-57 will play the &quot;Wrong Number Song Call&quot;.",
            "type": "boolean"
        },
        {
            "category": "Entertainment: Board Games",
            "correct_answer": "True",
            "difficulty": "easy",
            "incorrect_answers": [
                "False"
            ],
            "question": "The Angry Video Game Nerd&#039;s alter ego is &quot;Board James&quot;.",
            "type": "boolean"
        },
        {
            "category": "Entertainment: Music",
            "correct_answer": "Lagwagon",
            "difficulty": "medium",
            "incorrect_answers": [
                "Goldfinger",
                "Less Than Jake",
                "Lit"
            ],
            "question": "May 16th of every year is known as __________ Day, named after a punk band prominent in the 1990s.",
            "type": "multiple"
        },
        {
            "category": "Entertainment: Video Games",
            "correct_answer": "False",
            "difficulty": "easy",
            "incorrect_answers": [
                "True"
            ],
            "question": "In the &quot;Half-Life&quot; series, &quot;H.E.V&quot; stands for &quot;Hazardous Evasiveness Vest&quot;",
            "type": "boolean"
        },
        {
            "category": "Entertainment: Television",
            "correct_answer": "JonTron",
            "difficulty": "medium",
            "incorrect_answers": [
                "Pewdiepie",
                "Tobuscus",
                "Markiplier"
            ],
            "question": "Who co-founded the YouTube Let&#039;s Play channel &quot;Game Grumps&quot; alongside Newgrounds animator Egoraptor?",
            "type": "multiple"
        },
        {
            "category": "History",
            "correct_answer": "Hideki Tojo",
            "difficulty": "easy",
            "incorrect_answers": [
                "Michinomiya Hirohito",
                "Isoroku Yamamoto",
                "Fumimaro Konoe"
            ],
            "question": "Who was the Prime Minister of Japan when Japan declared war on the US?",
            "type": "multiple"
        },
        {
            "category": "History",
            "correct_answer": "The Mayans",
            "difficulty": "medium",
            "incorrect_answers": [
                "The Incas",
                "The Aztecs",
                "The Navajos"
            ],
            "question": "Which American civilization is the source of the belief that the world would end or drastically change on December 21st, 2012?",
            "type": "multiple"
        },
        {
            "category": "Science: Computers",
            "correct_answer": "False",
            "difficulty": "hard",
            "incorrect_answers": [
                "True"
            ],
            "question": "The IBM PC used an Intel 8008 microprocessor clocked at 4.77 MHz and 8 kilobytes of memory.",
            "type": "boolean"
        },
        {
            "category": "Entertainment: Film",
            "correct_answer": "October 21, 2015",
            "difficulty": "medium",
            "incorrect_answers": [
                "August 28, 2015",
                "July 20, 2015",
                "January 25, 2015"
            ],
            "question": "In Back to the Future Part II, Marty and Dr. Emmett Brown go to which future date?",
            "type": "multiple"
        },
        {
            "category": "Entertainment: Cartoon & Animations",
            "correct_answer": "Lord Rockingham IX",
            "difficulty": "easy",
            "incorrect_answers": [
                "Rockhead Slate",
                "The Great Gazoo",
                "Barney Rubble"
            ],
            "question": "Which of the following is not a Flintstones character?",
            "type": "multiple"
        },
        {
            "category": "Sports",
            "correct_answer": "Atlanta Braves",
            "difficulty": "medium",
            "incorrect_answers": [
                "Chicago Cubs",
                "Cincinnati Reds",
                "St. Louis Cardinals"
            ],
            "question": "What is the oldest team in Major League Baseball?",
            "type": "multiple"
        },
        {
            "category": "Science: Computers",
            "correct_answer": "Austria",
            "difficulty": "medium",
            "incorrect_answers": [
                "Argentina",
                "Australia",
                "Angola"
            ],
            "question": ".at is the top-level domain for what country?",
            "type": "multiple"
        },
        {
            "category": "Entertainment: Film",
            "correct_answer": "Midnight",
            "difficulty": "easy",
            "incorrect_answers": [
                "Evening",
                "Morning",
                "Afternoon"
            ],
            "question": "In the movie Gremlins, after what time of day should you not feed Mogwai?",
            "type": "multiple"
        },
        {
            "category": "Entertainment: Music",
            "correct_answer": "White Christmas",
            "difficulty": "easy",
            "incorrect_answers": [
                "Frosty the Snowman",
                "Rudolph the Red-Nosed Reindeer",
                "Here Comes Santa Claus"
            ],
            "question": "&quot;The Singing Cowboy&quot; Gene Autry is credited with the first recording for all but which classic Christmas jingle?",
            "type": "multiple"
        },
        {
            "category": "Entertainment: Video Games",
            "correct_answer": "Black Forest",
            "difficulty": "medium",
            "incorrect_answers": [
                "Devil&#039;s Food",
                "Molten Chocolate",
                "German Chocolate"
            ],
            "question": "The cake depicted in Valve&#039;s &quot;Portal&quot; franchise most closely resembles which real-world type of cake?",
            "type": "multiple"
        },
        {
            "category": "Sports",
            "correct_answer": "Don Cherry",
            "difficulty": "easy",
            "incorrect_answers": [
                "Don McKellar",
                "Don Taylor ",
                "Donald Sutherland"
            ],
            "question": "This Canadian television sportscaster is known for his &quot;Hockey Night in Canada&quot; role, a commentary show during hockey games.",
            "type": "multiple"
        },
        {
            "category": "Entertainment: Television",
            "correct_answer": "Once you have their money, you never give it back. ",
            "difficulty": "medium",
            "incorrect_answers": [
                "Never place friendship above profit",
                "Greed is Eternal",
                "Never allow family to stand in the way of opportunity"
            ],
            "question": "In &quot;Star Trek&quot;, what is the Ferengi&#039;s First Rule of Acquisition?",
            "type": "multiple"
        },
        {
            "category": "Entertainment: Japanese Anime & Manga",
            "correct_answer": "Jupiter",
            "difficulty": "medium",
            "incorrect_answers": [
                "Uranus",
                "Poseidon",
                "Pluton"
            ],
            "question": "In &quot;One Piece&quot;, which one of the following is NOT an Ancient Weapon?",
            "type": "multiple"
        },
        {
            "category": "Entertainment: Japanese Anime & Manga",
            "correct_answer": "True",
            "difficulty": "medium",
            "incorrect_answers": [
                "False"
            ],
            "question": "In &quot;JoJo&#039;s Bizarre Adventure&quot;, Father Enrico Pucchi uses a total of 3 stands in Part 6: Stone Ocean.",
            "type": "boolean"
        },
        {
            "category": "Entertainment: Video Games",
            "correct_answer": "True",
            "difficulty": "medium",
            "incorrect_answers": [
                "False"
            ],
            "question": "The ADAM collecters in the Bioshock series are known as Little Sisters.",
            "type": "boolean"
        },
        {
            "category": "General Knowledge",
            "correct_answer": "Bobby Henderson",
            "difficulty": "medium",
            "incorrect_answers": [
                "Eric Tignor",
                "Bill Nye",
                "Zach Soldi"
            ],
            "question": "Who invented Pastafarianism?",
            "type": "multiple"
        },
        {
            "category": "Art",
            "correct_answer": "4",
            "difficulty": "hard",
            "incorrect_answers": [
                "1",
                "3",
                "2"
            ],
            "question": "How many paint and pastel versions of &quot;The Scream&quot; is Norwegian painter Edvard Munch believed to have produced?",
            "type": "multiple"
        },
        {
            "category": "Entertainment: Video Games",
            "correct_answer": "Fluffy",
            "difficulty": "medium",
            "incorrect_answers": [
                "Baxter",
                "Fido",
                "Henry"
            ],
            "question": "In &quot;Call Of Duty: Zombies&quot;, what is the name of Samantha Maxis&#039; dog?",
            "type": "multiple"
        },
        {
            "category": "Entertainment: Japanese Anime & Manga",
            "correct_answer": "Rito",
            "difficulty": "medium",
            "incorrect_answers": [
                "Mikan",
                "Lala",
                "Haruna"
            ],
            "question": "In &quot;To Love-Ru&quot;, who is the first to hear of Yami&#039;s past from her?",
            "type": "multiple"
        },
        {
            "category": "Entertainment: Television",
            "correct_answer": "Tina Fey",
            "difficulty": "medium",
            "incorrect_answers": [
                "Mikey Day",
                "Kate McKinnon",
                "Sasheer Zamata"
            ],
            "question": "Which of the following was not an actor/actress on the American television show &quot;Saturday Night Live&quot; in Season 42?",
            "type": "multiple"
        },
        {
            "category": "Mythology",
            "correct_answer": "Greek and Roman",
            "difficulty": "easy",
            "incorrect_answers": [
                "Roman and Spanish",
                "Greek and Chinese",
                "Greek, Roman and Norse"
            ],
            "question": "What mythology did the god &quot;Apollo&quot; come from?",
            "type": "multiple"
        },
        {
            "category": "History",
            "correct_answer": "Californian",
            "difficulty": "medium",
            "incorrect_answers": [
                "Carpathia",
                "Cristol",
                "Commerce"
            ],
            "question": "What is the name of the ship which was only a few miles away from the RMS Titanic when it struck an iceberg on April 14, 1912?",
            "type": "multiple"
        }
    ]
}