{
    "response_code": 0,
    "results": [
        {
            "category": "Entertainment: Video Games",
            "correct_answer": "&Uuml;ber Update",
            "difficulty": "easy",
            "incorrect_answers": [
                "Pyromania Update",
                "Mann-Conomy Update",
                "Engineer Update"
            ],
            "question": "What is the name of &quot;Team Fortress 2&quot; update, in which it became Free-to-play?",
            "type": "multiple"
        },
        {
            "category": "History",
            "correct_answer": "Silver",
            "difficulty": "easy",
            "incorrect_answers": [
                "Gold",
                "Juno",
                "Sword"
            ],
            "question": "Which one of these was not a beach landing site in the Invasion of Normandy?",
            "type": "multiple"
        },
        {
            "category": "Entertainment: Film",
            "correct_answer": "Duck Soup",
            "difficulty": "hard",
            "incorrect_answers": [
                "A Night at the Opera",
                "A Day at the Races",
                "Monkey Business"
            ],
            "question": "What was the last Marx Brothers film to feature Zeppo?",
            "type": "multiple"
        },
        {
            "category": "Entertainment: Film",
            "correct_answer": "The Vikings ",
            "difficulty": "medium",
            "incorrect_answers": [
                "The Long Ships",
                "Prince Valiant",
                "Spartacus"
            ],
            "question": "Which 1958 movie starred Kirk Douglas and Tony Curtis as half-brothers Einar and Eric?",
            "type": "multiple"
        },
        {
            "category": "Geography",
            "correct_answer": "Canada",
            "difficulty": "easy",
            "incorrect_answers": [
                "Russia",
                "China",
                "United States of America"
            ],
            "question": "What country is the second largest in the world by area?",
            "type": "multiple"
        },
        {
            "category": "Science: Computers",
            "correct_answer": "1024",
            "difficulty": "easy",
            "incorrect_answers": [
                "512",
                "1000",
                "500"
            ],
            "question": "How many bytes are in a kilobyte of RAM?",
            "type": "multiple"
        },
        {
            "category": "Geography",
            "correct_answer": "Wales",
            "difficulty": "medium",
            "incorrect_answers": [
                "Scotland",
                "Ireland",
                "Isle of Wight"
            ],
            "question": "Which country inside the United Kingdom does NOT appear on its flag, the Union Jack?",
            "type": "multiple"
        },
        {
            "category": "Entertainment: Video Games",
            "correct_answer": "Panau",
            "difficulty": "medium",
            "incorrect_answers": [
                "Davao",
                "Macau",
                "Palau"
            ],
            "question": "Just Cause 2 was mainly set in what fictional Southeast Asian island country?",
            "type": "multiple"
        },
        {
            "category": "History",
            "correct_answer": "Irish Republican Army",
            "difficulty": "medium",
            "incorrect_answers": [
                "Irish Rebel Alliance",
                "Irish Reformation Army",
                "Irish-Royal Alliance"
            ],
            "question": "In relation to the British Occupation in Ireland, what does the IRA stand for.",
            "type": "multiple"
        },
        {
            "category": "Geography",
            "correct_answer": "True",
            "difficulty": "medium",
            "incorrect_answers": [
                "False"
            ],
            "question": "There are no roads in/out of Juneau, Alaska.",
            "type": "boolean"
        },
        {
            "category": "Entertainment: Film",
            "correct_answer": "True",
            "difficulty": "medium",
            "incorrect_answers": [
                "False"
            ],
            "question": "There aren&#039;t any live-action clones in &quot;Star Wars: Episode III - Revenge of the Sith&quot;.",
            "type": "boolean"
        },
        {
            "category": "Entertainment: Film",
            "correct_answer": "Alejandro G. I&ntilde;&aacute;rritu",
            "difficulty": "easy",
            "incorrect_answers": [
                "Christopher Nolan",
                "David Fincher",
                "Wes Anderson"
            ],
            "question": "Who directed the 2015 movie &quot;The Revenant&quot;?",
            "type": "multiple"
        },
        {
            "category": "General Knowledge",
            "correct_answer": "19",
            "difficulty": "easy",
            "incorrect_answers": [
                "20",
                "12",
                "15"
            ],
            "question": "On a dartboard, what number is directly opposite No. 1?",
            "type": "multiple"
        },
        {
            "category": "Entertainment: Film",
            "correct_answer": "Gale",
            "difficulty": "easy",
            "incorrect_answers": [
                "Perkins",
                "Day",
                "Parker"
            ],
            "question": "What was Dorothy&#039;s surname in &#039;The Wizard Of Oz&#039;?",
            "type": "multiple"
        },
        {
            "category": "General Knowledge",
            "correct_answer": "Octagon",
            "difficulty": "easy",
            "incorrect_answers": [
                "Hexagon",
                "Circle",
                "Triangle"
            ],
            "question": "What geometric shape is generally used for stop signs?",
            "type": "multiple"
        },
        {
            "category": "Entertainment: Music",
            "correct_answer": "True",
            "difficulty": "medium",
            "incorrect_answers": [
                "False"
            ],
            "question": "Scottish producer Calvin Harris is from the town of Dumfries, Scotland.",
            "type": "boolean"
        },
        {
            "category": "Sports",
            "correct_answer": "True",
            "difficulty": "medium",
            "incorrect_answers": [
                "False"
            ],
            "question": "Soccer player Cristiano Ronaldo opened a museum dedicated to himself.",
            "type": "boolean"
        },
        {
            "category": "Entertainment: Music",
            "correct_answer": "Atlanta",
            "difficulty": "easy",
            "incorrect_answers": [
                "Savannah",
                "Augusta",
                "Marietta"
            ],
            "question": "Finish these lyrics from the 2016 song &quot;Panda&quot; by Desiigner: &quot;I got broads in _______&quot;.",
            "type": "multiple"
        },
        {
            "category": "History",
            "correct_answer": "1991",
            "difficulty": "easy",
            "incorrect_answers": [
                "1992",
                "1891",
                "1990"
            ],
            "question": "The collapse of the Soviet Union took place in which year?",
            "type": "multiple"
        },
        {
            "category": "Science & Nature",
            "correct_answer": "False",
            "difficulty": "medium",
            "incorrect_answers": [
                "True"
            ],
            "question": "Type 1 diabetes is a result of the liver working improperly.",
            "type": "boolean"
        },
        {
            "category": "Entertainment: Film",
            "correct_answer": "The Hateful Eight",
            "difficulty": "easy",
            "incorrect_answers": [
                "Tron: Legacy",
                "The Giver",
                "True Grit"
            ],
            "question": "Which of these movies did Jeff Bridges not star in?",
            "type": "multiple"
        },
        {
            "category": "Mythology",
            "correct_answer": "True",
            "difficulty": "easy",
            "incorrect_answers": [
                "False"
            ],
            "question": "According to Greek Mythology, Zeus can control lightning.",
            "type": "boolean"
        },
        {
            "category": "Science & Nature",
            "correct_answer": "False",
            "difficulty": "easy",
            "incorrect_answers": [
                "True"
            ],
            "question": "Salt is 100% composed of Sodium.",
            "type": "boolean"
        },
        {
            "category": "Entertainment: Video Games",
            "correct_answer": "Masahiro Sakurai",
            "difficulty": "easy",
            "incorrect_answers": [
                "Reggie Fils-Aim&eacute;",
                "Bill Trinen",
                "Hideo Kojima"
            ],
            "question": "Who is the creator of the Super Smash Bros. Series?",
            "type": "multiple"
        },
        {
            "category": "Entertainment: Video Games",
            "correct_answer": "Isaac Clarke",
            "difficulty": "easy",
            "incorrect_answers": [
                "Commander Shepard",
                "Gordon Freeman",
                "Master Chief"
            ],
            "question": "Who is the main protagonist of Dead Space?",
            "type": "multiple"
        },
        {
            "category": "Science & Nature",
            "correct_answer": "Shortsightedness",
            "difficulty": "medium",
            "incorrect_answers": [
                "Farsightedness",
                "Double Vision",
                "Clouded Vision"
            ],
            "question": "Myopia is the scientific term for which condition?",
            "type": "multiple"
        },
        {
            "category": "Entertainment: Japanese Anime & Manga",
            "correct_answer": "Over the Rainbow",
            "difficulty": "hard",
            "incorrect_answers": [
                "What a Wonderful World",
                "When You Wish Upon A Star",
                "Singing In The Rain"
            ],
            "question": "Which song was the callsign for Stefan Verdemann&#039;s KWFM radio station in Urasawa Naoki&#039;s &quot;Monster&quot;?",
            "type": "multiple"
        },
        {
            "category": "Science: Gadgets",
            "correct_answer": "80 Hz",
            "difficulty": "hard",
            "incorrect_answers": [
                "70 Hz",
                "90 Hz",
                "100 Hz"
            ],
            "question": "Which of the following is the standard THX subwoofer crossover frequency?",
            "type": "multiple"
        },
        {
            "category": "Entertainment: Video Games",
            "correct_answer": "Fleet of Particular Justice",
            "difficulty": "medium",
            "incorrect_answers": [
                "Fleet of Sacred Consecration",
                "Fleet of Furious Redemption",
                "Fleet of Righteous Vigilance"
            ],
            "question": "In the Halo series, what fleet was Thel &#039;Vadam supreme commander of before being branded an Arbiter?",
            "type": "multiple"
        },
        {
            "category": "Entertainment: Music",
            "correct_answer": "Nevermind",
            "difficulty": "easy",
            "incorrect_answers": [
                "Bleach",
                "In Utero",
                "Incesticide"
            ],
            "question": "Which Nirvana album had a naked baby on the cover?",
            "type": "multiple"
        },
        {
            "category": "Entertainment: Board Games",
            "correct_answer": "Monopoly",
            "difficulty": "hard",
            "incorrect_answers": [
                "Risk",
                "Clue",
                "Candy Land"
            ],
            "question": "Which board game was first released on February 6th, 1935?",
            "type": "multiple"
        },
        {
            "category": "Entertainment: Video Games",
            "correct_answer": "Shin Kuroi",
            "difficulty": "hard",
            "incorrect_answers": [
                "Kouya Aotsuki",
                "Soutarou Touno",
                "Torahiko Ooshima"
            ],
            "question": "Which character, in the game &quot;Morenatsu&quot;, has the most possible endings to their route, at a total of four different endings?",
            "type": "multiple"
        },
        {
            "category": "Entertainment: Video Games",
            "correct_answer": "True",
            "difficulty": "easy",
            "incorrect_answers": [
                "False"
            ],
            "question": "In Terraria, you can craft the Cell Phone pre-hardmode.",
            "type": "boolean"
        },
        {
            "category": "Entertainment: Video Games",
            "correct_answer": "Space Invaders",
            "difficulty": "medium",
            "incorrect_answers": [
                "Galaxian",
                "Galaga",
                "Sinistar"
            ],
            "question": "Of the following space shooter games, which came out first?",
            "type": "multiple"
        },
        {
            "category": "History",
            "correct_answer": "1918",
            "difficulty": "medium",
            "incorrect_answers": [
                "1914",
                "1916",
                "1912"
            ],
            "question": "In what year did the First World War end?",
            "type": "multiple"
        },
        {
            "category": "Entertainment: Board Games",
            "correct_answer": "Overlay at least 2 Monsters of the Same Level",
            "difficulty": "medium",
            "incorrect_answers": [
                "Activate a Spell and Send Monsters to the Graveyard",
                "Add the Monsters&#039; Levels Together to Match the Xyz Monster",
                "Banish A Number of Monsters From Your Hand And Deck"
            ],
            "question": "In Yu-Gi-Oh, how does a player perform an Xyz Summon?",
            "type": "multiple"
        },
        {
            "category": "Entertainment: Cartoon & Animations",
            "correct_answer": "True",
            "difficulty": "medium",
            "incorrect_answers": [
                "False"
            ],
            "question": "Nickelodeon rejected the pilot to Adventure Time.",
            "type": "boolean"
        },
        {
            "category": "Entertainment: Film",
            "correct_answer": "Smash Mouth",
            "difficulty": "easy",
            "incorrect_answers": [
                "Bowling for Soup",
                "Sum 41",
                "Linkin Park"
            ],
            "question": "At the end of the 2001 film &quot;Rat Race&quot;, whose concert do the contestants crash?",
            "type": "multiple"
        },
        {
            "category": "Entertainment: Japanese Anime & Manga",
            "correct_answer": "Coils",
            "difficulty": "medium",
            "incorrect_answers": [
                "Wires",
                "Collectors",
                "Tesla"
            ],
            "question": "What is the name of the device that allows for infinite energy in the anime &quot;Dimension W&quot;?",
            "type": "multiple"
        },
        {
            "category": "Science: Gadgets",
            "correct_answer": "Theodore Harold Maiman",
            "difficulty": "hard",
            "incorrect_answers": [
                "Nikola Tesla",
                "Jack Kilby",
                "Edith Clarke"
            ],
            "question": "Who built the first laser?",
            "type": "multiple"
        },
        {
            "category": "Entertainment: Comics",
            "correct_answer": "Clark Kent",
            "difficulty": "easy",
            "incorrect_answers": [
                "Bruce Wayne",
                "Arthur Curry",
                "John Jones"
            ],
            "question": "What is the alter-ego of the DC comics character &quot;Superman&quot;?",
            "type": "multiple"
        },
        {
            "category": "Science: Computers",
            "correct_answer": "Game Maker",
            "difficulty": "hard",
            "incorrect_answers": [
                "Stencyl",
                "Construct",
                "Torque 2D"
            ],
            "question": "Dutch computer scientist Mark Overmars is known for creating which game development engine?",
            "type": "multiple"
        },
        {
            "category": "Entertainment: Film",
            "correct_answer": "Masrani Global Corporation ",
            "difficulty": "medium",
            "incorrect_answers": [
                "Biology Synthetics Technologies",
                "International Genetics Incorporated",
                "International Genetic Technologies"
            ],
            "question": "In &quot;Jurassic World&quot;, which company purchases InGen and creates Jurassic World?",
            "type": "multiple"
        },
        {
            "category": "Entertainment: Film",
            "correct_answer": "Baryonyx",
            "difficulty": "hard",
            "incorrect_answers": [
                "Tyrannosaurus Rex",
                "Velociraptor",
                "Suchomimus"
            ],
            "question": "Before &quot;Jurassic Park III&quot; was finalized and the Spinosaurus was chosen, which dinosaur was going to be the star?",
            "type": "multiple"
        },
        {
            "category": "Entertainment: Cartoon & Animations",
            "correct_answer": "Applejack",
            "difficulty": "medium",
            "incorrect_answers": [
                "Twilight Sparkle",
                "Pinkie Pie",
                "Rarity"
            ],
            "question": "In &quot;My Little Pony: Friendship is Magic&quot;, which of these ponies represents the quality of honesty?",
            "type": "multiple"
        },
        {
            "category": "Geography",
            "correct_answer": "49",
            "difficulty": "hard",
            "incorrect_answers": [
                "51",
                "43",
                "47"
            ],
            "question": "How many stations does the Central Line have on the London Underground?",
            "type": "multiple"
        },
        {
            "category": "Entertainment: Video Games",
            "correct_answer": "True",
            "difficulty": "medium",
            "incorrect_answers": [
                "False"
            ],
            "question": "Hidden in the files for &quot;Mario Kart Arcade GP&quot; is a picture of the Beslan school hostage crisis.",
            "type": "boolean"
        },
        {
            "category": "Entertainment: Books",
            "correct_answer": "Amy",
            "difficulty": "medium",
            "incorrect_answers": [
                "Beth",
                "Jo",
                "Meg"
            ],
            "question": "In &quot;Little Women&quot;, which of the March sisters married Laurie?",
            "type": "multiple"
        },
        {
            "category": "Entertainment: Japanese Anime & Manga",
            "correct_answer": "False",
            "difficulty": "easy",
            "incorrect_answers": [
                "True"
            ],
            "question": "In Chobits, Hideki found Chii in his apartment.",
            "type": "boolean"
        },
        {
            "category": "Entertainment: Video Games",
            "correct_answer": "Donkey Kong",
            "difficulty": "hard",
            "incorrect_answers": [
                "Super Mario Bros.",
                "Super Mario Land",
                "Mario Bros."
            ],
            "question": "In which game did the character &quot;Mario&quot; make his first appearance?",
            "type": "multiple"
        }
    ]
}