{
    "response_code": 0,
    "results": [
        {
            "category": "Entertainment: Television",
            "correct_answer": "False",
            "difficulty": "medium",
            "incorrect_answers": [
                "True"
            ],
            "question": "AMC&#039;s &#039;The Walking Dead&#039;, Rick, Carl, Daryl, Morgan, Carol and Maggie were introduced to us in Season 1.",
            "type": "boolean"
        },
        {
            "category": "General Knowledge",
            "correct_answer": "Red Lion",
            "difficulty": "medium",
            "incorrect_answers": [
                "Royal Oak",
                "White Hart",
                "King&#039;s Head"
            ],
            "question": "According to the BBPA, what is the most common pub name in the UK?",
            "type": "multiple"
        },
        {
            "category": "Entertainment: Film",
            "correct_answer": "Rope",
            "difficulty": "hard",
            "incorrect_answers": [
                "Psycho",
                "Vertigo",
                "Rebecca"
            ],
            "question": "Which was the first of Alfred Hitchcock&#039;s movies to be filmed in colour?",
            "type": "multiple"
        },
        {
            "category": "Science: Computers",
            "correct_answer": "Apple",
            "difficulty": "easy",
            "incorrect_answers": [
                "Microsoft",
                "Atari",
                "Commodore"
            ],
            "question": "Which company was established on April 1st, 1976 by Steve Jobs, Steve Wozniak and Ronald Wayne?",
            "type": "multiple"
        },
        {
            "category": "General Knowledge",
            "correct_answer": "Bulldog",
            "difficulty": "hard",
            "incorrect_answers": [
                "Yorkshire Terrier",
                "Boxer",
                "Pug"
            ],
            "question": "What type of dog is &#039;Handsome Dan&#039;, the mascot of Yale University?",
            "type": "multiple"
        },
        {
            "category": "General Knowledge",
            "correct_answer": "Demolition",
            "difficulty": "easy",
            "incorrect_answers": [
                "The Dream Team",
                "The Bushwhackers",
                "The British Bulldogs"
            ],
            "question": "What was the name of the WWF professional wrestling tag team made up of the wrestlers Ax and Smash?",
            "type": "multiple"
        },
        {
            "category": "Geography",
            "correct_answer": "Bern",
            "difficulty": "medium",
            "incorrect_answers": [
                "Z&uuml;rich",
                "Frankfurt",
                "Wien"
            ],
            "question": "Which city is the capital of Switzerland?",
            "type": "multiple"
        },
        {
            "category": "Entertainment: Video Games",
            "correct_answer": "The Nihilanth",
            "difficulty": "easy",
            "incorrect_answers": [
                "Dr. Wallace Breen",
                "G-Man",
                "The Gonarch"
            ],
            "question": "In the game Half-Life, which enemy is showcased as the final boss?",
            "type": "multiple"
        },
        {
            "category": "Vehicles",
            "correct_answer": "Turin",
            "difficulty": "easy",
            "incorrect_answers": [
                "Maranello",
                "Modena",
                "Rome"
            ],
            "question": "Which Italian city is home of the car manufacturer &#039;Fiat&#039;?",
            "type": "multiple"
        },
        {
            "category": "Entertainment: Video Games",
            "correct_answer": "Estus Flask",
            "difficulty": "easy",
            "incorrect_answers": [
                "Health Potion",
                "Orange Juice",
                "Ashen Flask"
            ],
            "question": "What is the name of the main healing item in Dark Souls?",
            "type": "multiple"
        },
        {
            "category": "History",
            "correct_answer": "False",
            "difficulty": "medium",
            "incorrect_answers": [
                "True"
            ],
            "question": "In World War II, Hawker Typhoons served in the Pacific theater.",
            "type": "boolean"
        },
        {
            "category": "Science & Nature",
            "correct_answer": "8",
            "difficulty": "easy",
            "incorrect_answers": [
                "7",
                "9",
                "6"
            ],
            "question": "How many planets make up our Solar System?",
            "type": "multiple"
        },
        {
            "category": "Science: Computers",
            "correct_answer": "Captures what&#039;s on the screen and copies it to your clipboard",
            "difficulty": "easy",
            "incorrect_answers": [
                "Nothing",
                "Saves a .png file of what&#039;s on the screen in your screenshots folder in photos",
                "Closes all windows"
            ],
            "question": "What does the Prt Sc button do?",
            "type": "multiple"
        },
        {
            "category": "Entertainment: Video Games",
            "correct_answer": "Slalom",
            "difficulty": "medium",
            "incorrect_answers": [
                "R.C. Pro-Am",
                "Donkey Kong Country",
                "Battletoads"
            ],
            "question": "Which was the first video game to be produced by development company Rare?",
            "type": "multiple"
        },
        {
            "category": "Science: Computers",
            "correct_answer": "Intel 4004",
            "difficulty": "medium",
            "incorrect_answers": [
                "Intel 486SX",
                "TMS 1000",
                "AMD AM386"
            ],
            "question": "What was the first commerically available computer processor?",
            "type": "multiple"
        },
        {
            "category": "Art",
            "correct_answer": "True",
            "difficulty": "medium",
            "incorrect_answers": [
                "False"
            ],
            "question": "Vincent van Gogh cut off one of his ears.",
            "type": "boolean"
        },
        {
            "category": "Entertainment: Video Games",
            "correct_answer": "Bread",
            "difficulty": "easy",
            "incorrect_answers": [
                "Wheat",
                "Milk",
                "Egg"
            ],
            "question": "What ingredient is NOT used to craft a cake in Minecraft?",
            "type": "multiple"
        },
        {
            "category": "Entertainment: Video Games",
            "correct_answer": "1998",
            "difficulty": "hard",
            "incorrect_answers": [
                "2004",
                "1999",
                "1997"
            ],
            "question": "When was the first &quot;Half-Life&quot; released?",
            "type": "multiple"
        },
        {
            "category": "Entertainment: Video Games",
            "correct_answer": "Astron Belt",
            "difficulty": "medium",
            "incorrect_answers": [
                "Dragon&#039;s Lair",
                "Cube Quest",
                "M.A.C.H. 3"
            ],
            "question": "What was the first interactive movie video game?",
            "type": "multiple"
        },
        {
            "category": "Entertainment: Video Games",
            "correct_answer": "Tetris",
            "difficulty": "medium",
            "incorrect_answers": [
                "Jenga",
                "Boulder Dash",
                "Puzzled"
            ],
            "question": "Which puzzle game was designed by a Russian programmer, featuring Russian buildings and music?",
            "type": "multiple"
        },
        {
            "category": "Entertainment: Music",
            "correct_answer": "Silence",
            "difficulty": "medium",
            "incorrect_answers": [
                "Farts",
                "People talking",
                "Cricket chirps"
            ],
            "question": "The 1952 musical composition 4&#039;33&quot;, composed by prolific American composer John Cage, is mainly comprised of what sound?",
            "type": "multiple"
        },
        {
            "category": "General Knowledge",
            "correct_answer": "Daigaku",
            "difficulty": "medium",
            "incorrect_answers": [
                "Toshokan",
                "Jimusho",
                "Shokudou"
            ],
            "question": "What is the romanized Japanese word for &quot;university&quot;?",
            "type": "multiple"
        },
        {
            "category": "Geography",
            "correct_answer": "True",
            "difficulty": "easy",
            "incorrect_answers": [
                "False"
            ],
            "question": "Ottawa is the capital of Canada.",
            "type": "boolean"
        },
        {
            "category": "History",
            "correct_answer": "False",
            "difficulty": "easy",
            "incorrect_answers": [
                "True"
            ],
            "question": "United States President John F. Kennedy was assassinated during his presidential motorcade in Atlanta, Georgia on November 22nd, 1963.",
            "type": "boolean"
        },
        {
            "category": "Politics",
            "correct_answer": "True",
            "difficulty": "easy",
            "incorrect_answers": [
                "False"
            ],
            "question": "Russia passed a law in 2013 which outlaws telling children that homosexuals exist.",
            "type": "boolean"
        },
        {
            "category": "Science: Computers",
            "correct_answer": "10",
            "difficulty": "medium",
            "incorrect_answers": [
                "12",
                "8",
                "4"
            ],
            "question": "How many cores does the Intel i7-6950X have?",
            "type": "multiple"
        },
        {
            "category": "Entertainment: Television",
            "correct_answer": "Particle Style",
            "difficulty": "medium",
            "incorrect_answers": [
                "Any Doujutsu",
                "Shadow Style",
                "Ice Style"
            ],
            "question": "In Naruto: Shippuden, which of the following elements is a &quot;Kekkei T\u014dta?&quot;",
            "type": "multiple"
        },
        {
            "category": "Entertainment: Television",
            "correct_answer": "Matthew &quot;Rickety Cricket&quot; Mara",
            "difficulty": "medium",
            "incorrect_answers": [
                "Colin the Thief",
                "Ben the Soldier",
                "Kevin Gallagher aka Lil&#039; Kevin"
            ],
            "question": "Dee from &quot;It&#039;s Always Sunny in Philadelphia&quot; has dated all of the following guys EXCEPT",
            "type": "multiple"
        },
        {
            "category": "Entertainment: Books",
            "correct_answer": "The Balmoral",
            "difficulty": "medium",
            "incorrect_answers": [
                "The Dunstane Hotel",
                "Hotel Novotel",
                "Sheraton Grand Hotel &amp; Spa"
            ],
            "question": "J.K. Rowling completed &quot;Harry Potter and the Deathly Hallows&quot; in which hotel in Edinburgh, Scotland?",
            "type": "multiple"
        },
        {
            "category": "Animals",
            "correct_answer": "True",
            "difficulty": "medium",
            "incorrect_answers": [
                "False"
            ],
            "question": "The Platypus is a mammal.",
            "type": "boolean"
        },
        {
            "category": "Entertainment: Board Games",
            "correct_answer": "$35",
            "difficulty": "hard",
            "incorrect_answers": [
                "$30",
                "$50",
                "$45"
            ],
            "question": "In standard Monopoly, what&#039;s the rent if you land on Park Place with no houses?",
            "type": "multiple"
        },
        {
            "category": "Entertainment: Japanese Anime & Manga",
            "correct_answer": "Yhwach",
            "difficulty": "medium",
            "incorrect_answers": [
                "Juha Bach",
                "Yuhabah",
                "Juhabach"
            ],
            "question": "What is the name of the final villain in the manga series &quot;Bleach&quot;?",
            "type": "multiple"
        },
        {
            "category": "Entertainment: Video Games",
            "correct_answer": "Scout",
            "difficulty": "easy",
            "incorrect_answers": [
                "Spy",
                "Engineer",
                "Pyro"
            ],
            "question": "In the video game &quot;Team Fortress 2&quot;, which class is able to double jump?",
            "type": "multiple"
        },
        {
            "category": "Entertainment: Video Games",
            "correct_answer": "Mercy",
            "difficulty": "medium",
            "incorrect_answers": [
                "Reaper",
                "Sonic",
                "Ana"
            ],
            "question": "Which Overwatch character says the line &quot;Heroes never die!&quot;?",
            "type": "multiple"
        },
        {
            "category": "Animals",
            "correct_answer": "Amphibian",
            "difficulty": "easy",
            "incorrect_answers": [
                "Fish",
                "Reptiles",
                "Mammals"
            ],
            "question": "Which class of animals are newts members of?",
            "type": "multiple"
        },
        {
            "category": "History",
            "correct_answer": "December 8, 1941",
            "difficulty": "medium",
            "incorrect_answers": [
                "June 6, 1944",
                "June 22, 1941",
                "September 1, 1939"
            ],
            "question": "When did the United States formally declare war on Japan, entering World War II?",
            "type": "multiple"
        },
        {
            "category": "History",
            "correct_answer": "Hampton Court",
            "difficulty": "medium",
            "incorrect_answers": [
                "St James&#039;s Palace",
                "Buckingham Palace",
                "Coughton Court"
            ],
            "question": "What was the name of one of the surviving palaces of Henry VIII located near Richmond, London?",
            "type": "multiple"
        },
        {
            "category": "Entertainment: Video Games",
            "correct_answer": "Second World War",
            "difficulty": "medium",
            "incorrect_answers": [
                "Manga",
                "World of Warcraft",
                "An Anime"
            ],
            "question": "What is the browser game Kantai Collection heavily inspired by?",
            "type": "multiple"
        },
        {
            "category": "Entertainment: Video Games",
            "correct_answer": "Anor Londo",
            "difficulty": "medium",
            "incorrect_answers": [
                "Firelink Shrine",
                "Blighttown",
                "Kiln of the first flame"
            ],
            "question": "In which location does Dark Sun Gwyndolin reside in &quot;Dark Souls&quot;?",
            "type": "multiple"
        },
        {
            "category": "Sports",
            "correct_answer": "Cristiano Ronaldo dos Santos Aveiro",
            "difficulty": "hard",
            "incorrect_answers": [
                "Cristiano Ronaldo los Santos Diego",
                "Cristiano Armando Diego Ronaldo",
                "Cristiano Luis Armando Ronaldo"
            ],
            "question": "What is the full name of the footballer &quot;Cristiano Ronaldo&quot;?",
            "type": "multiple"
        },
        {
            "category": "Entertainment: Music",
            "correct_answer": "Celebration Day",
            "difficulty": "medium",
            "incorrect_answers": [
                "Stairway to Heaven",
                "Black Dog",
                "Rock and Roll"
            ],
            "question": "Which of these songs is not on the &quot;untitled&quot; album by Led Zeppelin?",
            "type": "multiple"
        },
        {
            "category": "Entertainment: Video Games",
            "correct_answer": "Margaret Borowski",
            "difficulty": "medium",
            "incorrect_answers": [
                "Marlena Woborski",
                "Milena Catharina",
                "Katia Managan"
            ],
            "question": "What is the full name of the protagonist from the indie adventure game &quot;Night in the Woods&quot;?",
            "type": "multiple"
        },
        {
            "category": "Entertainment: Video Games",
            "correct_answer": "Hume",
            "difficulty": "medium",
            "incorrect_answers": [
                "Miqo&#039;te",
                "Lalafell",
                "Roegadyn"
            ],
            "question": "What is not a playable race in &quot;Final Fantasy XIV: A Realm Reborn&quot;?",
            "type": "multiple"
        },
        {
            "category": "General Knowledge",
            "correct_answer": "Hewlett-Packard",
            "difficulty": "medium",
            "incorrect_answers": [
                "Toshiba",
                "Asus",
                "Dell"
            ],
            "question": "Computer manufacturer Compaq was acquired for $25 billion dollars in 2002 by which company?",
            "type": "multiple"
        },
        {
            "category": "Entertainment: Music",
            "correct_answer": "David Gilmour",
            "difficulty": "hard",
            "incorrect_answers": [
                "Jimmy Page",
                "Mark Knopfler",
                "Eric Clapton"
            ],
            "question": "Pete Townshend collaborated with which famous guitarist for an event at Brixton Academy in 1985?",
            "type": "multiple"
        },
        {
            "category": "Entertainment: Video Games",
            "correct_answer": "Terraria",
            "difficulty": "medium",
            "incorrect_answers": [
                "Minecraft",
                "Starbound",
                "Factorio"
            ],
            "question": "Which one of these games came out first?",
            "type": "multiple"
        },
        {
            "category": "Entertainment: Film",
            "correct_answer": "Velociraptor",
            "difficulty": "hard",
            "incorrect_answers": [
                "Triceratops",
                "Troodon",
                "Brachiosaurus"
            ],
            "question": "In the &quot;Jurassic Park&quot; universe, what was the first dinosaur cloned by InGen in 1986?",
            "type": "multiple"
        },
        {
            "category": "Sports",
            "correct_answer": "Ohio State Buckeyes",
            "difficulty": "medium",
            "incorrect_answers": [
                "Alabama Crimson Tide",
                "Clemson Tigers",
                "Wisconsin Badgers"
            ],
            "question": "Who won the 2015 College Football Playoff (CFP) National Championship? ",
            "type": "multiple"
        },
        {
            "category": "Entertainment: Cartoon & Animations",
            "correct_answer": "Pompompurin",
            "difficulty": "medium",
            "incorrect_answers": [
                "My Melody",
                "Badtz-Maru",
                "Kerropi"
            ],
            "question": "Which Sanrio character was introduced in 1996?",
            "type": "multiple"
        },
        {
            "category": "Science & Nature",
            "correct_answer": "Australopithecus Afarensis",
            "difficulty": "hard",
            "incorrect_answers": [
                "Australopithecus Africanus",
                "Australopithecus Architeuthis",
                "Australopithecus Antaris"
            ],
            "question": "What is the scientific name for the extinct hominin known as &quot;Lucy&quot;?",
            "type": "multiple"
        }
    ]
}