{
    "response_code": 0,
    "results": [
        {
            "category": "Entertainment: Film",
            "correct_answer": "Clint Eastwood",
            "difficulty": "easy",
            "incorrect_answers": [
                "Steve McQueen",
                "Charles Bronson",
                "Robert Vaughn"
            ],
            "question": "Which of the following was not one of &#039;The Magnificent Seven&#039;?",
            "type": "multiple"
        },
        {
            "category": "General Knowledge",
            "correct_answer": "Hearts",
            "difficulty": "medium",
            "incorrect_answers": [
                "Spades",
                "Diamonds",
                "Clubs"
            ],
            "question": "In a standard set of playing cards, which is the only king without a moustache?",
            "type": "multiple"
        },
        {
            "category": "Geography",
            "correct_answer": "True",
            "difficulty": "medium",
            "incorrect_answers": [
                "False"
            ],
            "question": "The surface area of Russia is slightly larger than that of the dwarf planet Pluto.",
            "type": "boolean"
        },
        {
            "category": "Entertainment: Video Games",
            "correct_answer": "Portal 2",
            "difficulty": "medium",
            "incorrect_answers": [
                "Left 4 Dead 2",
                "Team Fortress 2",
                "Counter-Strike: Global Offensive"
            ],
            "question": "Which video game earned music composer Mike Morasky the most awards for his work?",
            "type": "multiple"
        },
        {
            "category": "Science & Nature",
            "correct_answer": "Talc",
            "difficulty": "medium",
            "incorrect_answers": [
                "Quartz",
                "Diamond",
                "Gypsum"
            ],
            "question": "What mineral has the lowest number on the Mohs scale?",
            "type": "multiple"
        },
        {
            "category": "Science & Nature",
            "correct_answer": "C6H12O6",
            "difficulty": "hard",
            "incorrect_answers": [
                "C2H4O2",
                "K+",
                "CH4"
            ],
            "question": "What is the molecular formula of Glucose?",
            "type": "multiple"
        },
        {
            "category": "Entertainment: Film",
            "correct_answer": "Auric Goldfinger",
            "difficulty": "medium",
            "incorrect_answers": [
                "Dr. Julius No",
                "Rosa Klebb",
                "Emilio Largo"
            ],
            "question": "Which of the following James Bond villains is not affiliated with the SPECTRE organization?",
            "type": "multiple"
        },
        {
            "category": "Entertainment: Television",
            "correct_answer": "The Flash",
            "difficulty": "easy",
            "incorrect_answers": [
                "The Arrow",
                "Black Canary",
                "Daredevil"
            ],
            "question": "Grant Gustin plays which superhero on the CW show of the same name?",
            "type": "multiple"
        },
        {
            "category": "Entertainment: Video Games",
            "correct_answer": "True",
            "difficulty": "easy",
            "incorrect_answers": [
                "False"
            ],
            "question": "&quot;Undertale&quot; is an RPG created by Toby Fox and released in 2015.",
            "type": "boolean"
        },
        {
            "category": "Politics",
            "correct_answer": "True",
            "difficulty": "easy",
            "incorrect_answers": [
                "False"
            ],
            "question": "There was a satirical candidate named &quot;Deez Nuts&quot; running in the 2016 US presidential elections.",
            "type": "boolean"
        },
        {
            "category": "Geography",
            "correct_answer": "Serbia",
            "difficulty": "easy",
            "incorrect_answers": [
                "Bosnia and Herzegovina",
                "Montenegro",
                "Croatia"
            ],
            "question": "Which of the following former Yugoslavian states is landlocked?",
            "type": "multiple"
        },
        {
            "category": "Entertainment: Music",
            "correct_answer": "True",
            "difficulty": "medium",
            "incorrect_answers": [
                "False"
            ],
            "question": "The country song  &ldquo;A Boy Named Sue&rdquo; was written by Shel Silverstein.",
            "type": "boolean"
        },
        {
            "category": "Entertainment: Video Games",
            "correct_answer": "True",
            "difficulty": "easy",
            "incorrect_answers": [
                "False"
            ],
            "question": "The game &quot;Battlefield 1&quot; takes place during World War I.",
            "type": "boolean"
        },
        {
            "category": "History",
            "correct_answer": "October 27, 1980",
            "difficulty": "hard",
            "incorrect_answers": [
                "November 21, 1969",
                "October 29, 1969",
                "December 9, 1991"
            ],
            "question": "On which day did ARPANET suffer a 4 hour long network crash?",
            "type": "multiple"
        },
        {
            "category": "Entertainment: Cartoon & Animations",
            "correct_answer": "Lindsay Jones",
            "difficulty": "easy",
            "incorrect_answers": [
                "Tara Strong",
                "Jessica Nigri",
                "Hayden Panettiere"
            ],
            "question": "Who voices for Ruby in the animated series RWBY?",
            "type": "multiple"
        },
        {
            "category": "Entertainment: Music",
            "correct_answer": "Skrillex",
            "difficulty": "medium",
            "incorrect_answers": [
                "Diplo",
                "Jillionaire",
                "Walshy Fire"
            ],
            "question": "Which of these artists has NOT been a member of dancehall group Major Lazer?",
            "type": "multiple"
        },
        {
            "category": "Entertainment: Video Games",
            "correct_answer": "Bazooka",
            "difficulty": "easy",
            "incorrect_answers": [
                "Grenade",
                "Air Strike",
                "Mortar"
            ],
            "question": "In the &quot;Worms&quot; series of video games, which of these weapons is affected by wind?",
            "type": "multiple"
        },
        {
            "category": "Entertainment: Japanese Anime & Manga",
            "correct_answer": "Eastern Police Station",
            "difficulty": "hard",
            "incorrect_answers": [
                "The Center Mall",
                "Komuro&#039;s House",
                "On The Main Bridge"
            ],
            "question": "In &quot;Highschool of the Dead&quot;, where did Komuro and Saeko establish to meet after the bus explosion?",
            "type": "multiple"
        },
        {
            "category": "General Knowledge",
            "correct_answer": "L&ouml;ffel",
            "difficulty": "medium",
            "incorrect_answers": [
                "Gabel",
                "Messer",
                "Essst&auml;bchen"
            ],
            "question": "What is the German word for &quot;spoon&quot;?",
            "type": "multiple"
        },
        {
            "category": "Sports",
            "correct_answer": "Porsche",
            "difficulty": "medium",
            "incorrect_answers": [
                "Toyota",
                "Audi",
                "Ferrari"
            ],
            "question": "Which car manufacturer won the 2016 24 Hours of Le Mans?",
            "type": "multiple"
        },
        {
            "category": "History",
            "correct_answer": "September 4, 1998",
            "difficulty": "easy",
            "incorrect_answers": [
                "October 9, 1997",
                "December 12, 1989",
                "Feburary 7th, 2000"
            ],
            "question": "When was Google founded?",
            "type": "multiple"
        },
        {
            "category": "History",
            "correct_answer": "True",
            "difficulty": "easy",
            "incorrect_answers": [
                "False"
            ],
            "question": "The United States of America declared their independence from the British Empire on July 4th, 1776.",
            "type": "boolean"
        },
        {
            "category": "Entertainment: Musicals & Theatres",
            "correct_answer": "A million to one",
            "difficulty": "medium",
            "incorrect_answers": [
                "A billion to one",
                "A trillion to one",
                "A hundred to one"
            ],
            "question": "In Jeff Wayne&#039;s Musical Version of War of the Worlds, the chances of anything coming from Mars are...",
            "type": "multiple"
        },
        {
            "category": "Science & Nature",
            "correct_answer": "Titan",
            "difficulty": "hard",
            "incorrect_answers": [
                "Europa",
                "Miranda",
                "Callisto"
            ],
            "question": "Which moon is the only satellite in our solar system to possess a dense atmosphere?",
            "type": "multiple"
        },
        {
            "category": "Entertainment: Video Games",
            "correct_answer": "November 29th, 2016",
            "difficulty": "medium",
            "incorrect_answers": [
                "October 25th, 2016",
                "December 31th, 2016",
                "November 30th, 2016"
            ],
            "question": "When was Final Fantasy XV released?",
            "type": "multiple"
        },
        {
            "category": "Science: Computers",
            "correct_answer": "Heat Sink",
            "difficulty": "medium",
            "incorrect_answers": [
                "CPU Vent",
                "Temperature Decipator",
                "Heat Vent"
            ],
            "question": "What is the correct term for the metal object in between the CPU and the CPU fan within a computer system?",
            "type": "multiple"
        },
        {
            "category": "Entertainment: Video Games",
            "correct_answer": "The Hotshot",
            "difficulty": "medium",
            "incorrect_answers": [
                "The Discard",
                "The Elephant",
                "The Mohawk"
            ],
            "question": "In WarioWare: Smooth Moves, which one of these is NOT a Form?",
            "type": "multiple"
        },
        {
            "category": "Entertainment: Music",
            "correct_answer": "Take off all your clothes",
            "difficulty": "easy",
            "incorrect_answers": [
                "Take a cool shower",
                "Drink some water",
                "Go skinny dipping"
            ],
            "question": "According to the American rapper Nelly, what should you do when its hot in here?",
            "type": "multiple"
        },
        {
            "category": "Entertainment: Board Games",
            "correct_answer": "$180",
            "difficulty": "hard",
            "incorrect_answers": [
                "$200",
                "$160",
                "$220"
            ],
            "question": "On a standard Monopoly board, how much do you have to pay for Tennessee Ave?",
            "type": "multiple"
        },
        {
            "category": "General Knowledge",
            "correct_answer": "Scimitar",
            "difficulty": "easy",
            "incorrect_answers": [
                "Falchion",
                "Ulfberht",
                "Flamberge"
            ],
            "question": "Which one of these is not a typical European sword design?",
            "type": "multiple"
        },
        {
            "category": "Entertainment: Video Games",
            "correct_answer": "An enemy in the game",
            "difficulty": "easy",
            "incorrect_answers": [
                "The final boss&#039;s name",
                "The main character&#039;s name",
                "A spaceship&#039;s name"
            ],
            "question": "The name of the Metroid series comes from what?",
            "type": "multiple"
        },
        {
            "category": "Entertainment: Television",
            "correct_answer": "Juan Joya Borga",
            "difficulty": "easy",
            "incorrect_answers": [
                "Gabriel Garcia Marquez",
                "Jesus Quintero",
                "Ernesto Guevara"
            ],
            "question": "What is the real name of the famous spanish humorist, El Risitas?",
            "type": "multiple"
        },
        {
            "category": "Geography",
            "correct_answer": "Lithuania",
            "difficulty": "medium",
            "incorrect_answers": [
                "France",
                "Norway",
                "Netherlands"
            ],
            "question": "Which one of these countries borders with Poland?",
            "type": "multiple"
        },
        {
            "category": "Entertainment: Film",
            "correct_answer": "Animalympics",
            "difficulty": "medium",
            "incorrect_answers": [
                "The Fox and the Hound",
                "The Black Cauldron",
                "The Great Mouse Detecive"
            ],
            "question": "Which animated film did Steven Lisberger direct in 1980 before going on to direct Tron?",
            "type": "multiple"
        },
        {
            "category": "Entertainment: Video Games",
            "correct_answer": "Arms Race",
            "difficulty": "medium",
            "incorrect_answers": [
                "Hostage Rescue",
                "Bomb Defusal",
                "Assassination"
            ],
            "question": "What is not a default game mode in Counter-Strike (2000)?",
            "type": "multiple"
        },
        {
            "category": "Entertainment: Video Games",
            "correct_answer": "Corrin",
            "difficulty": "hard",
            "incorrect_answers": [
                "Cloud",
                "Bayonnetta",
                "Ryu"
            ],
            "question": "In Super Smash Bros. for Nintendo 3DS and Nintendo Wii U, who was the sixth fighter to be added to the game post-launch?",
            "type": "multiple"
        },
        {
            "category": "Entertainment: Video Games",
            "correct_answer": "True",
            "difficulty": "medium",
            "incorrect_answers": [
                "False"
            ],
            "question": "In Rocket League, you can play Basketball.",
            "type": "boolean"
        },
        {
            "category": "Entertainment: Japanese Anime & Manga",
            "correct_answer": "Ame &amp; Yuki",
            "difficulty": "easy",
            "incorrect_answers": [
                "Hana &amp; Yuki",
                "Ame &amp; Hana",
                "Chuck &amp; Anna"
            ],
            "question": "In the 2012 animated film &quot;Wolf Children&quot;, what are the names of the wolf children?",
            "type": "multiple"
        },
        {
            "category": "History",
            "correct_answer": "6 years",
            "difficulty": "easy",
            "incorrect_answers": [
                "4 years",
                "5 years",
                "7 years"
            ],
            "question": "How long did World War II last?",
            "type": "multiple"
        },
        {
            "category": "Entertainment: Books",
            "correct_answer": "Procompsognathus",
            "difficulty": "medium",
            "incorrect_answers": [
                "Dilophosaurus",
                "Tyrannosaurus Rex",
                "Velociraptor"
            ],
            "question": "In Michael Crichton&#039;s novel &quot;Jurassic Park&quot;, John Hammond meets his demise at the claws of which dinosaur?",
            "type": "multiple"
        },
        {
            "category": "Entertainment: Japanese Anime & Manga",
            "correct_answer": "Kill la Kill",
            "difficulty": "medium",
            "incorrect_answers": [
                "Kiznaiver",
                "Inferno Cop",
                "Gurren Lagann"
            ],
            "question": "What was studio Trigger&#039;s first original long-form animated series for television?",
            "type": "multiple"
        },
        {
            "category": "History",
            "correct_answer": "True",
            "difficulty": "easy",
            "incorrect_answers": [
                "False"
            ],
            "question": "Kublai Khan is the grandchild of Genghis Khan?",
            "type": "boolean"
        },
        {
            "category": "Entertainment: Television",
            "correct_answer": "Kahless the Unforgettable",
            "difficulty": "hard",
            "incorrect_answers": [
                "Lady Lukara of the Great Hall",
                "Molor the Unforgiving",
                "Dahar Master Kor"
            ],
            "question": "In &quot;Star Trek&quot;, who was the founder of the Klingon Empire and its philosophy?",
            "type": "multiple"
        },
        {
            "category": "Entertainment: Japanese Anime & Manga",
            "correct_answer": "Giorno Giovanna",
            "difficulty": "hard",
            "incorrect_answers": [
                "Josuke Higashikata",
                "Jolyne Cujoh",
                "Johnny Joestar"
            ],
            "question": "Which person from &quot;JoJo&#039;s Bizarre Adventure&quot; does NOT house a reference to a band, artist, or song earlier than 1980?",
            "type": "multiple"
        },
        {
            "category": "Sports",
            "correct_answer": "True",
            "difficulty": "medium",
            "incorrect_answers": [
                "False"
            ],
            "question": "Wilt Chamberlain scored his infamous 100-point-game against the New York Knicks in 1962.",
            "type": "boolean"
        },
        {
            "category": "Entertainment: Video Games",
            "correct_answer": "1,000,000 XP",
            "difficulty": "medium",
            "incorrect_answers": [
                "Juggernog at the start of each game",
                "50 Liquid Diviniums",
                "All three options."
            ],
            "question": "In &quot;Call of Duty: Black Ops III&quot; Zombies, what does completing all the main easter eggs reward you with?",
            "type": "multiple"
        },
        {
            "category": "Entertainment: Film",
            "correct_answer": "Isla Nublar",
            "difficulty": "easy",
            "incorrect_answers": [
                "Isla Sorna",
                "Isla Muerta",
                "Isla Pena"
            ],
            "question": "What is the name of the island that &quot;Jurassic Park&quot; is built on?",
            "type": "multiple"
        },
        {
            "category": "Entertainment: Television",
            "correct_answer": "Husker",
            "difficulty": "hard",
            "incorrect_answers": [
                "Starbuck",
                "Apollo",
                "Crashdown"
            ],
            "question": "What was the callsign of Commander William Adama in Battlestar Galactica (2004)?",
            "type": "multiple"
        },
        {
            "category": "Animals",
            "correct_answer": "Murder",
            "difficulty": "easy",
            "incorrect_answers": [
                "Pack",
                "Gaggle",
                "Herd"
            ],
            "question": "What is the collective noun for a group of crows?",
            "type": "multiple"
        },
        {
            "category": "Mythology",
            "correct_answer": "Spider",
            "difficulty": "medium",
            "incorrect_answers": [
                "Wild dog",
                "Monkey",
                "Crocodile"
            ],
            "question": "In African mythology, Anansi is a trickster and storyteller who takes the shape of which animal?",
            "type": "multiple"
        }
    ]
}