{
    "response_code": 0,
    "results": [
        {
            "category": "Animals",
            "correct_answer": "Nuts",
            "difficulty": "medium",
            "incorrect_answers": [
                "Nothing",
                "Fruit",
                "Seaweed"
            ],
            "question": "A carnivorous animal eats flesh, what does a nucivorous animal eat?",
            "type": "multiple"
        },
        {
            "category": "Entertainment: Video Games",
            "correct_answer": "David",
            "difficulty": "medium",
            "incorrect_answers": [
                "Solid Snake",
                "John",
                "Huey"
            ],
            "question": "What is Solid Snake&#039;s real name?",
            "type": "multiple"
        },
        {
            "category": "Entertainment: Video Games",
            "correct_answer": "True",
            "difficulty": "hard",
            "incorrect_answers": [
                "False"
            ],
            "question": "In &quot;The Sims&quot; series, the most members in a household you can have is 8.",
            "type": "boolean"
        },
        {
            "category": "Entertainment: Television",
            "correct_answer": "Jessica",
            "difficulty": "medium",
            "incorrect_answers": [
                "Angela",
                "Erica",
                "Sandra"
            ],
            "question": "What is the title of The Allman Brothers Band instrumental used as the theme to the BBC motoring show, &#039;Top Gear&#039;?",
            "type": "multiple"
        },
        {
            "category": "General Knowledge",
            "correct_answer": "Cabbage Patch Kids",
            "difficulty": "easy",
            "incorrect_answers": [
                "Transformers",
                "Care Bears",
                "Rubik&rsquo;s Cube"
            ],
            "question": "Which best selling toy of 1983 caused hysteria, resulting in riots breaking out in stores?",
            "type": "multiple"
        },
        {
            "category": "Entertainment: Video Games",
            "correct_answer": "Source Engine",
            "difficulty": "medium",
            "incorrect_answers": [
                "Frostbite 3",
                "Unreal Engine",
                "Cryengine"
            ],
            "question": "In what engine was Titanfall made in?",
            "type": "multiple"
        },
        {
            "category": "Geography",
            "correct_answer": "Barbados",
            "difficulty": "hard",
            "incorrect_answers": [
                "Fiji",
                "Maldives",
                "Seychelles"
            ],
            "question": "Which of these island countries is located in the Caribbean?",
            "type": "multiple"
        },
        {
            "category": "General Knowledge",
            "correct_answer": "Nevada",
            "difficulty": "easy",
            "incorrect_answers": [
                "Arizona",
                "New Mexico",
                "Utah"
            ],
            "question": "Area 51 is located in which US state?",
            "type": "multiple"
        },
        {
            "category": "Entertainment: Film",
            "correct_answer": "Jim Stark",
            "difficulty": "medium",
            "incorrect_answers": [
                "Ned Stark",
                "Jim Kane",
                "Frank Stark"
            ],
            "question": "What is the name of James Dean&#039;s character in the 1955 movie &quot;Rebel Without a Cause&quot;?",
            "type": "multiple"
        },
        {
            "category": "Entertainment: Comics",
            "correct_answer": "Robert Kirkman",
            "difficulty": "easy",
            "incorrect_answers": [
                "Stan Lee",
                "Malcolm Wheeler-Nicholson",
                "Robert Crumb"
            ],
            "question": "Who is the creator of the comic series &quot;The Walking Dead&quot;?",
            "type": "multiple"
        },
        {
            "category": "Geography",
            "correct_answer": "Birmingham",
            "difficulty": "medium",
            "incorrect_answers": [
                "Venice",
                "Amsterdam",
                "Berlin"
            ],
            "question": "Which European city has the highest mileage of canals in the world?",
            "type": "multiple"
        },
        {
            "category": "Sports",
            "correct_answer": "Peter Fleming",
            "difficulty": "hard",
            "incorrect_answers": [
                "Mark Woodforde",
                "Michael Stich",
                "Mary Carillo"
            ],
            "question": "With which doubles partner did John McEnroe have most success?",
            "type": "multiple"
        },
        {
            "category": "Entertainment: Film",
            "correct_answer": "Apollo 13",
            "difficulty": "easy",
            "incorrect_answers": [
                "The Right Stuff",
                "Capricorn One",
                "Marooned"
            ],
            "question": "This movie contains the quote, &quot;Houston, we have a problem.&quot;",
            "type": "multiple"
        },
        {
            "category": "Entertainment: Video Games",
            "correct_answer": "3",
            "difficulty": "easy",
            "incorrect_answers": [
                "2",
                "5",
                "13"
            ],
            "question": "In &quot;Undertale&quot;, how many main endings are there?",
            "type": "multiple"
        },
        {
            "category": "Geography",
            "correct_answer": "Copenhagen",
            "difficulty": "easy",
            "incorrect_answers": [
                "Aarhus",
                "Odense",
                "Aalborg"
            ],
            "question": "What is the capital of Denmark?",
            "type": "multiple"
        },
        {
            "category": "Entertainment: Video Games",
            "correct_answer": "Joja Co ",
            "difficulty": "medium",
            "incorrect_answers": [
                "Ronin",
                "Empire",
                "Robotnik Industry&#039;s "
            ],
            "question": "Who is the villain company in &quot;Stardew Valley&quot;?",
            "type": "multiple"
        },
        {
            "category": "Mythology",
            "correct_answer": "Eris",
            "difficulty": "easy",
            "incorrect_answers": [
                "Charon",
                "Ceres",
                "Dysnomia"
            ],
            "question": "This Greek goddess&#039;s name was chosen for the dwarf planet responsible for discord on Pluto&#039;s classification amongst astronomers.",
            "type": "multiple"
        },
        {
            "category": "Vehicles",
            "correct_answer": "Isuzu Trooper",
            "difficulty": "medium",
            "incorrect_answers": [
                "Holden Monaro",
                "Suzuki Swift",
                "Chevy Camaro"
            ],
            "question": "Which of the following car models has been badge-engineered (rebadged) the most?",
            "type": "multiple"
        },
        {
            "category": "Entertainment: Video Games",
            "correct_answer": "Korean",
            "difficulty": "easy",
            "incorrect_answers": [
                "Japanese",
                "Chinese",
                "Vietnamese "
            ],
            "question": "What Nationality is D.Va from Overwatch?",
            "type": "multiple"
        },
        {
            "category": "Entertainment: Music",
            "correct_answer": "Levels",
            "difficulty": "medium",
            "incorrect_answers": [
                "Fade Into Darkness",
                "Silhouettes",
                "Seek Bromance"
            ],
            "question": "Which song by Swedish electronic musician Avicii samples the song &quot;Something&#039;s Got A Hold On Me&quot; by Etta James?",
            "type": "multiple"
        },
        {
            "category": "Entertainment: Cartoon & Animations",
            "correct_answer": "Andy",
            "difficulty": "easy",
            "incorrect_answers": [
                "Edward",
                "Danny",
                "Matt"
            ],
            "question": "In the Pixar film, &quot;Toy Story&quot; what was the name of the child who owned the toys?",
            "type": "multiple"
        },
        {
            "category": "Entertainment: Japanese Anime & Manga",
            "correct_answer": "Macroons",
            "difficulty": "medium",
            "incorrect_answers": [
                "Ice Cream",
                "Pizza",
                "Chips"
            ],
            "question": "In the anime, &quot;Super Sonicio&quot;, what is Super Sonico&#039;s favorite food?",
            "type": "multiple"
        },
        {
            "category": "Animals",
            "correct_answer": "Pup",
            "difficulty": "easy",
            "incorrect_answers": [
                "Cub",
                "Chick",
                "Kid"
            ],
            "question": "What do you call a baby bat?",
            "type": "multiple"
        },
        {
            "category": "History",
            "correct_answer": "1990",
            "difficulty": "easy",
            "incorrect_answers": [
                "1992",
                "1988",
                "1986"
            ],
            "question": "In which year did the Invasion of Kuwait by Iraq occur?",
            "type": "multiple"
        },
        {
            "category": "General Knowledge",
            "correct_answer": "Pink",
            "difficulty": "easy",
            "incorrect_answers": [
                "Yellow",
                "Blue",
                "Green"
            ],
            "question": "Which of these colours is NOT featured in the logo for Google?",
            "type": "multiple"
        },
        {
            "category": "General Knowledge",
            "correct_answer": "False",
            "difficulty": "easy",
            "incorrect_answers": [
                "True"
            ],
            "question": "The Sun rises from the North.",
            "type": "boolean"
        },
        {
            "category": "Entertainment: Video Games",
            "correct_answer": "Television Remote",
            "difficulty": "medium",
            "incorrect_answers": [
                "Tablet",
                "Hairdryer",
                "Flip Phone"
            ],
            "question": "One of the early prototypes of the Sega Dreamcast controller resembled which of the following?",
            "type": "multiple"
        },
        {
            "category": "Science: Computers",
            "correct_answer": "Video Card",
            "difficulty": "medium",
            "incorrect_answers": [
                "Hard Drive",
                "Processor",
                "Power Supply"
            ],
            "question": "Generally, which component of a computer draws the most power?",
            "type": "multiple"
        },
        {
            "category": "Entertainment: Video Games",
            "correct_answer": "Victor Branco",
            "difficulty": "medium",
            "incorrect_answers": [
                "&Aacute;lvaro Neves",
                "Armando Becker",
                "Milo Rego"
            ],
            "question": "Who was the main antagonist of Max Payne 3 (2012)?",
            "type": "multiple"
        },
        {
            "category": "Entertainment: Video Games",
            "correct_answer": "Skeleton King",
            "difficulty": "easy",
            "incorrect_answers": [
                "Reaper King",
                "Skull King",
                "Hell King"
            ],
            "question": "In Dota 2, Wraith King was previously known as...",
            "type": "multiple"
        },
        {
            "category": "Entertainment: Video Games",
            "correct_answer": "Harmonix",
            "difficulty": "easy",
            "incorrect_answers": [
                "Activision",
                "Konami",
                "Electronic Arts"
            ],
            "question": "What company develops the Rock Band series of rhythm games?",
            "type": "multiple"
        },
        {
            "category": "Entertainment: Comics",
            "correct_answer": "Green Arrow",
            "difficulty": "medium",
            "incorrect_answers": [
                "Superman",
                "Batman",
                "Steve Trevor"
            ],
            "question": "Which of the following superheros did Wonder Woman NOT have a love interest in?",
            "type": "multiple"
        },
        {
            "category": "Entertainment: Video Games",
            "correct_answer": "1998",
            "difficulty": "hard",
            "incorrect_answers": [
                "2000",
                "1999",
                "2001"
            ],
            "question": "In what year was the game &quot;Eliminator&quot; released?",
            "type": "multiple"
        },
        {
            "category": "Entertainment: Japanese Anime & Manga",
            "correct_answer": "The Super Dimension Fortress Macross",
            "difficulty": "medium",
            "incorrect_answers": [
                "Mobile Suit Gundam",
                "Armored Trooper VOTOMS",
                "Neon Genesis Evangelion"
            ],
            "question": "Which of the following anime of the mecha genre began airing in 1982?",
            "type": "multiple"
        },
        {
            "category": "General Knowledge",
            "correct_answer": "False",
            "difficulty": "medium",
            "incorrect_answers": [
                "True"
            ],
            "question": "Albert Einstein had trouble with mathematics when he was in school.",
            "type": "boolean"
        },
        {
            "category": "Entertainment: Video Games",
            "correct_answer": "Animal Crossing: City Folk",
            "difficulty": "easy",
            "incorrect_answers": [
                "Animal Crossing: New Leaf",
                "Animal Crossing: Wild World",
                "Animal Crossing: Population Growing!"
            ],
            "question": "Which Animal Crossing game was for the Nintendo Wii?",
            "type": "multiple"
        },
        {
            "category": "Entertainment: Music",
            "correct_answer": "Say You Will",
            "difficulty": "medium",
            "incorrect_answers": [
                "Welcome to Heartbreak",
                "Street Lights",
                "Heartless"
            ],
            "question": "What is the first track on Kanye West&#039;s 808s &amp; Heartbreak?",
            "type": "multiple"
        },
        {
            "category": "Entertainment: Video Games",
            "correct_answer": "Fez",
            "difficulty": "medium",
            "incorrect_answers": [
                "Super Meat Boy",
                "Hotline Miami",
                "FTL"
            ],
            "question": "Phil Fish was the designer of which game?",
            "type": "multiple"
        },
        {
            "category": "Entertainment: Music",
            "correct_answer": "Swedish",
            "difficulty": "medium",
            "incorrect_answers": [
                "Hungarian",
                "Finnish",
                "Chinese"
            ],
            "question": "The song &quot;Caramelldansen&quot; is commonly mistaken as a Japanese song, what language is the song actually sung in?",
            "type": "multiple"
        },
        {
            "category": "Entertainment: Cartoon & Animations",
            "correct_answer": "Max Tennyson (Ben 10)",
            "difficulty": "medium",
            "incorrect_answers": [
                "Carl Wheezer (Jimmy Neutron)",
                "Yakko Warner (Animaniacs)",
                "The Mask (The Mask, TV Series)"
            ],
            "question": "Which one of these cartoon characters is NOT voiced by Rob Paulsen?",
            "type": "multiple"
        },
        {
            "category": "Entertainment: Video Games",
            "correct_answer": "They Went That-a-Way",
            "difficulty": "easy",
            "incorrect_answers": [
                "Come Fly With Me",
                "Ain&#039;t That a Kick in the Head",
                "Ring-a-Ding Ding"
            ],
            "question": "Which &quot;Fallout: New Vegas&quot; quest is NOT named after a real-life song?",
            "type": "multiple"
        },
        {
            "category": "Entertainment: Video Games",
            "correct_answer": "Rank 1 Legend",
            "difficulty": "easy",
            "incorrect_answers": [
                "Rank 1 Elite",
                "Rank 1 Master",
                "Rank 1 Supreme"
            ],
            "question": "In the game &quot;Hearthstone&quot;, what is the best rank possible?",
            "type": "multiple"
        },
        {
            "category": "Geography",
            "correct_answer": "Atlanta, Georgia USA",
            "difficulty": "medium",
            "incorrect_answers": [
                "London, England",
                "Chicago,Illinois ISA",
                "Tokyo,Japan"
            ],
            "question": "What city  has the busiest airport in the world?",
            "type": "multiple"
        },
        {
            "category": "Entertainment: Video Games",
            "correct_answer": "Zun",
            "difficulty": "easy",
            "incorrect_answers": [
                "Jun",
                "Twilight Frontier",
                "Tasofro"
            ],
            "question": "Who is the creator of Touhou project?",
            "type": "multiple"
        },
        {
            "category": "Geography",
            "correct_answer": "Wellington",
            "difficulty": "medium",
            "incorrect_answers": [
                "Auckland",
                "Christchurch",
                "Melbourne"
            ],
            "question": "What is the capital city of New Zealand?",
            "type": "multiple"
        },
        {
            "category": "Entertainment: Music",
            "correct_answer": "Ladyhawke",
            "difficulty": "hard",
            "incorrect_answers": [
                "Lorde",
                "Kesha",
                "Anika Moa"
            ],
            "question": "What is the stage name of New Zealand singer Phillipa &quot;Pip&quot; Brown?",
            "type": "multiple"
        },
        {
            "category": "Entertainment: Film",
            "correct_answer": "True",
            "difficulty": "easy",
            "incorrect_answers": [
                "False"
            ],
            "question": "Actor Tommy Chong served prison time.",
            "type": "boolean"
        },
        {
            "category": "History",
            "correct_answer": "Goldsboro, North Carolina",
            "difficulty": "medium",
            "incorrect_answers": [
                "Hicksville, New York",
                "Jacksonville, Florida",
                "Conway, Arkansas"
            ],
            "question": "In 1961, an American B-52 aircraft crashed and nearly detonated two 4mt nuclear bombs over which US city?",
            "type": "multiple"
        },
        {
            "category": "Entertainment: Video Games",
            "correct_answer": "Caroline",
            "difficulty": "medium",
            "incorrect_answers": [
                "Heather",
                "Melissa",
                "Jane"
            ],
            "question": "In the &quot;Portal&quot; series, who was Cave Johnson&#039;s personal assistant?",
            "type": "multiple"
        },
        {
            "category": "Entertainment: Board Games",
            "correct_answer": "Blinkmoth Infusion",
            "difficulty": "medium",
            "incorrect_answers": [
                "Vitalizing Wind",
                " Chant of Vitu-Ghazi",
                "Assert Authority"
            ],
            "question": "In &quot;Magic: The Gathering&quot;, what instant card has the highest converted mana cost?",
            "type": "multiple"
        }
    ]
}