{
    "response_code": 0,
    "results": [
        {
            "category": "Entertainment: Music",
            "correct_answer": "Figaro",
            "difficulty": "easy",
            "incorrect_answers": [
                "Angelo",
                "Fernando",
                "Dave"
            ],
            "question": "In the  Rossini opera, what was the name of &#039;The Barber of Seville&#039;?",
            "type": "multiple"
        },
        {
            "category": "Entertainment: Music",
            "correct_answer": "The Tornados",
            "difficulty": "medium",
            "incorrect_answers": [
                "The Ventures",
                "The Spotnicks",
                "The Tremeloes"
            ],
            "question": "Who had a US and UK number 1 hit in 1962 with the instrumental, &#039;Telstar&#039;?",
            "type": "multiple"
        },
        {
            "category": "Entertainment: Music",
            "correct_answer": "Drukqs",
            "difficulty": "hard",
            "incorrect_answers": [
                "Windowlicker",
                "Syro",
                "Collected Ambient Works 85-92"
            ],
            "question": "What was the last Aphex Twin album released before his decade-long hiatus?",
            "type": "multiple"
        },
        {
            "category": "Science & Nature",
            "correct_answer": "Elbow",
            "difficulty": "medium",
            "incorrect_answers": [
                "Knee",
                "Sholder",
                "Ankle"
            ],
            "question": "The humerus, paired radius, and ulna come together to form what joint?",
            "type": "multiple"
        },
        {
            "category": "Geography",
            "correct_answer": "Greenland",
            "difficulty": "medium",
            "incorrect_answers": [
                "New Guinea",
                "Borneo",
                "Madagascar"
            ],
            "question": "What is the largest non-continental island in the world?",
            "type": "multiple"
        },
        {
            "category": "Science: Computers",
            "correct_answer": "Markup Language",
            "difficulty": "easy",
            "incorrect_answers": [
                "Macro Language",
                "Programming Language",
                "Scripting Language"
            ],
            "question": "HTML is what type of language?",
            "type": "multiple"
        },
        {
            "category": "Animals",
            "correct_answer": "Syrian Brown Bear",
            "difficulty": "hard",
            "incorrect_answers": [
                "California Grizzly Bear",
                "Atlas Bear",
                "Mexican Grizzly Bear"
            ],
            "question": "Which species of Brown Bear is not extinct?",
            "type": "multiple"
        },
        {
            "category": "Entertainment: Film",
            "correct_answer": "Apocalypse Now",
            "difficulty": "medium",
            "incorrect_answers": [
                "Platoon",
                "The Deer Hunter",
                "Full Metal Jacket"
            ],
            "question": "This movie contains the quote, &quot;I love the smell of napalm in the morning!&quot;",
            "type": "multiple"
        },
        {
            "category": "Science & Nature",
            "correct_answer": "Kelvin",
            "difficulty": "easy",
            "incorrect_answers": [
                "Fahrenheit",
                "Celsius",
                "Rankine"
            ],
            "question": "What is the standard SI unit for temperature?",
            "type": "multiple"
        },
        {
            "category": "Geography",
            "correct_answer": "Malaysia",
            "difficulty": "medium",
            "incorrect_answers": [
                "Indonesia",
                "Singapore",
                "Thailand"
            ],
            "question": "Kuala Lumpur is the capital of which country?",
            "type": "multiple"
        },
        {
            "category": "Geography",
            "correct_answer": "Omicron (&Omicron;)",
            "difficulty": "easy",
            "incorrect_answers": [
                "Sigma (&Sigma;)",
                "Pi (&Pi;)",
                "Nu (&Nu;)"
            ],
            "question": "What is the 15th letter of the Greek alphabet?",
            "type": "multiple"
        },
        {
            "category": "Entertainment: Video Games",
            "correct_answer": "False",
            "difficulty": "hard",
            "incorrect_answers": [
                "True"
            ],
            "question": "In the game &quot;Melty Blood Actress Again Current Code&quot;, you can enter Blood Heat mode in Half Moon style.",
            "type": "boolean"
        },
        {
            "category": "Entertainment: Video Games",
            "correct_answer": "50 Blessings",
            "difficulty": "medium",
            "incorrect_answers": [
                "American Blessings",
                "50 Saints",
                "USSR&#039;s Blessings"
            ],
            "question": "What was the name of the Secret Organization in the Hotline Miami series? ",
            "type": "multiple"
        },
        {
            "category": "Animals",
            "correct_answer": "True",
            "difficulty": "easy",
            "incorrect_answers": [
                "False"
            ],
            "question": "A bear does NOT defecate during hibernation. ",
            "type": "boolean"
        },
        {
            "category": "Mythology",
            "correct_answer": "Ariadne",
            "difficulty": "hard",
            "incorrect_answers": [
                "Athena",
                "Ariel",
                "Alana"
            ],
            "question": "In Greek Mythology, who was the daughter of King Minos?",
            "type": "multiple"
        },
        {
            "category": "Science & Nature",
            "correct_answer": "Islets of Langerhans",
            "difficulty": "medium",
            "incorrect_answers": [
                "Node of Ranvier",
                "Schwann cell",
                "Myelin sheath"
            ],
            "question": "Which of these is NOT a part of the structure of a typical neuron?",
            "type": "multiple"
        },
        {
            "category": "Entertainment: Video Games",
            "correct_answer": "True",
            "difficulty": "easy",
            "incorrect_answers": [
                "False"
            ],
            "question": "In &quot;Super Mario 3D World&quot;, the Double Cherry power-up originated from a developer accidentally making two characters controllable.",
            "type": "boolean"
        },
        {
            "category": "Entertainment: Video Games",
            "correct_answer": "Dragon King: The Fighting Game",
            "difficulty": "hard",
            "incorrect_answers": [
                "Contest of Champions",
                "Smash and Pummel",
                "Fighter of the Ages: Conquest"
            ],
            "question": "Before Super Smash Bros. contained Nintendo characters, what was it known as internally?",
            "type": "multiple"
        },
        {
            "category": "Entertainment: Film",
            "correct_answer": "True",
            "difficulty": "easy",
            "incorrect_answers": [
                "False"
            ],
            "question": "In Alfred Hitchcock&#039;s film &#039;Psycho&#039; it is said he used chocolate syrup to simulate the blood in the famous shower scene from ",
            "type": "boolean"
        },
        {
            "category": "Entertainment: Film",
            "correct_answer": "Harrison Ford",
            "difficulty": "medium",
            "incorrect_answers": [
                "Michael J. Fox",
                "Andy Kaufman",
                "Arnold Schwarzenegger"
            ],
            "question": "Which one of these actors is said to be cut from the film &#039;E.T. the Extra-Terrestrial&#039;?",
            "type": "multiple"
        },
        {
            "category": "Vehicles",
            "correct_answer": "Toyota Prius",
            "difficulty": "hard",
            "incorrect_answers": [
                "Chevrolet Volt",
                "Honda Fit",
                "Peugeot 308 R HYbrid"
            ],
            "question": "Which car is the first mass-produced hybrid vehicle?",
            "type": "multiple"
        },
        {
            "category": "History",
            "correct_answer": "Robbing trains",
            "difficulty": "medium",
            "incorrect_answers": [
                "Pedophilia",
                "Tax evation",
                "Identity Fraud"
            ],
            "question": "Joseph Stalin had a criminal past doing what?",
            "type": "multiple"
        },
        {
            "category": "Entertainment: Video Games",
            "correct_answer": "Dr. Dre",
            "difficulty": "medium",
            "incorrect_answers": [
                "DJ Shadow",
                "Daft Punk",
                "Grandmaster Flash"
            ],
            "question": "Which musical artist was NOT featured as playable avatars in the game &quot;DJ Hero&quot;?",
            "type": "multiple"
        },
        {
            "category": "Entertainment: Video Games",
            "correct_answer": "T-45",
            "difficulty": "medium",
            "incorrect_answers": [
                "T-51",
                "T-60",
                "X-01"
            ],
            "question": "In Fallout 4, which type of power armor is first encountered in the early mission &quot;When Freedom Calls&quot; in a crashed Vertibird?",
            "type": "multiple"
        },
        {
            "category": "Geography",
            "correct_answer": "False",
            "difficulty": "medium",
            "incorrect_answers": [
                "True"
            ],
            "question": "The Sonoran Desert is located in eastern Africa.",
            "type": "boolean"
        },
        {
            "category": "Entertainment: Video Games",
            "correct_answer": "Grand Theft Auto: San Andreas",
            "difficulty": "easy",
            "incorrect_answers": [
                "Grand Theft Auto: Vice City",
                "Hitman: Blood Money",
                "Cooking Mama"
            ],
            "question": "What video game sparked controversy because of its hidden &quot;Hot Coffee&quot; minigame?",
            "type": "multiple"
        },
        {
            "category": "Entertainment: Video Games",
            "correct_answer": "Mattel Auto Race",
            "difficulty": "hard",
            "incorrect_answers": [
                "Game Boy",
                "Microvision",
                "Game &amp; Watch"
            ],
            "question": "What was the world&#039;s first handheld game device?",
            "type": "multiple"
        },
        {
            "category": "Entertainment: Video Games",
            "correct_answer": "105",
            "difficulty": "hard",
            "incorrect_answers": [
                "100",
                "98",
                "73"
            ],
            "question": "How many total monsters appear in Monster Hunter Generations?",
            "type": "multiple"
        },
        {
            "category": "Entertainment: Books",
            "correct_answer": "Holden Caulfield",
            "difficulty": "easy",
            "incorrect_answers": [
                "Fletcher Christian",
                "Jay Gatsby",
                "Randall Flagg"
            ],
            "question": "What is the name of the protagonist of J.D. Salinger&#039;s novel Catcher in the Rye?",
            "type": "multiple"
        },
        {
            "category": "Entertainment: Music",
            "correct_answer": "88",
            "difficulty": "easy",
            "incorrect_answers": [
                "72",
                "54",
                "60"
            ],
            "question": "How many keys are there are on a full-sized piano?",
            "type": "multiple"
        },
        {
            "category": "Entertainment: Film",
            "correct_answer": "1984",
            "difficulty": "medium",
            "incorrect_answers": [
                "1986",
                "1985",
                "1983"
            ],
            "question": "In what year was the movie &quot;Police Academy&quot; released?",
            "type": "multiple"
        },
        {
            "category": "Entertainment: Video Games",
            "correct_answer": "Toad",
            "difficulty": "easy",
            "incorrect_answers": [
                "Luigi",
                "Yoshi",
                "Bowser"
            ],
            "question": "In Super Mario Bros., who informs Mario that the princess is in another castle?",
            "type": "multiple"
        },
        {
            "category": "Entertainment: Video Games",
            "correct_answer": "Hello Games",
            "difficulty": "medium",
            "incorrect_answers": [
                "Dovetail Games",
                "Valve",
                "Blizzard Entertainment"
            ],
            "question": "Which Game Development company made No Man&#039;s Sky?",
            "type": "multiple"
        },
        {
            "category": "Entertainment: Television",
            "correct_answer": "Wolowizard",
            "difficulty": "medium",
            "incorrect_answers": [
                "Sheldor",
                "Rajesh",
                "Priya"
            ],
            "question": "In &quot;The Big Bang Theory&quot;, what is Howard Wolowitz&#039;s nickname in World of Warcraft?",
            "type": "multiple"
        },
        {
            "category": "Science: Computers",
            "correct_answer": "False",
            "difficulty": "easy",
            "incorrect_answers": [
                "True"
            ],
            "question": "The NVidia GTX 1080 gets its name because it can only render at a 1920x1080 screen resolution.",
            "type": "boolean"
        },
        {
            "category": "Science: Computers",
            "correct_answer": "Liquid Crystal Display",
            "difficulty": "medium",
            "incorrect_answers": [
                "Language Control Design",
                "Last Common Difference",
                "Long Continuous Design"
            ],
            "question": "What does &quot;LCD&quot; stand for?",
            "type": "multiple"
        },
        {
            "category": "Entertainment: Video Games",
            "correct_answer": "Barrier",
            "difficulty": "medium",
            "incorrect_answers": [
                "Obsidian",
                "Bedrock",
                "Block of Diamond"
            ],
            "question": "What block in Minecraft has the highest blast resistance?",
            "type": "multiple"
        },
        {
            "category": "Geography",
            "correct_answer": "Honshu",
            "difficulty": "easy",
            "incorrect_answers": [
                "Hokkaido",
                "Shikoku",
                "Kyushu"
            ],
            "question": "Which of the following Japanese islands is the biggest?",
            "type": "multiple"
        },
        {
            "category": "Entertainment: Cartoon & Animations",
            "correct_answer": "Sadie and Lars",
            "difficulty": "easy",
            "incorrect_answers": [
                "Steven and James",
                "Erik and Julie",
                "Bob and May"
            ],
            "question": "In the show &quot;Steven Universe&quot;, who are the main two employees of The Big Donut?",
            "type": "multiple"
        },
        {
            "category": "Science & Nature",
            "correct_answer": "0.1 Microsievert",
            "difficulty": "hard",
            "incorrect_answers": [
                "0.3 Microsievert",
                "0.5 Microsievert",
                "0.7 Microsievert"
            ],
            "question": "How much radiation does a banana emit?",
            "type": "multiple"
        },
        {
            "category": "Entertainment: Television",
            "correct_answer": "Great Dane",
            "difficulty": "medium",
            "incorrect_answers": [
                "Pit bull",
                "Boxer",
                "Doberman Pinscher"
            ],
            "question": "What breed of dog is &quot;Scooby Doo&quot;?",
            "type": "multiple"
        },
        {
            "category": "Politics",
            "correct_answer": "Theresa May",
            "difficulty": "medium",
            "incorrect_answers": [
                "Boris Johnson",
                "David Cameron",
                "Tony Blair"
            ],
            "question": "Who became Prime Minister of the United Kingdom in July 2016?",
            "type": "multiple"
        },
        {
            "category": "Entertainment: Video Games",
            "correct_answer": "31-79 JGb215",
            "difficulty": "hard",
            "incorrect_answers": [
                "Sliquifier",
                "V-R11",
                "Wunderwaffe DG-2"
            ],
            "question": "In &quot;Call Of Duty: Zombies&quot;, which weapon does NOT deal any damage?",
            "type": "multiple"
        },
        {
            "category": "Entertainment: Video Games",
            "correct_answer": "Rico Rodriguez",
            "difficulty": "medium",
            "incorrect_answers": [
                "Tom Sheldon",
                "Marcus Holloway",
                "Mario Frigo"
            ],
            "question": "Who is the main character in the video game &quot;Just Cause 3&quot;?",
            "type": "multiple"
        },
        {
            "category": "General Knowledge",
            "correct_answer": "False",
            "difficulty": "easy",
            "incorrect_answers": [
                "True"
            ],
            "question": "Scotland voted to become an independent country during the referendum from September 2014.",
            "type": "boolean"
        },
        {
            "category": "Entertainment: Television",
            "correct_answer": "Laura Roslin",
            "difficulty": "medium",
            "incorrect_answers": [
                "William Adama",
                "Tricia Helfer",
                "Harry Stills"
            ],
            "question": "In Battlestar Galactica (2004), what is the name of the President of the Twelve Colonies?",
            "type": "multiple"
        },
        {
            "category": "Entertainment: Video Games",
            "correct_answer": "2009",
            "difficulty": "easy",
            "incorrect_answers": [
                "2010",
                "2003",
                "2001"
            ],
            "question": "In which year was League of Legends released?",
            "type": "multiple"
        },
        {
            "category": "General Knowledge",
            "correct_answer": "Bearings",
            "difficulty": "easy",
            "incorrect_answers": [
                "Axles",
                "Gears",
                "Belts"
            ],
            "question": "What machine element is located in the center of fidget spinners?",
            "type": "multiple"
        },
        {
            "category": "General Knowledge",
            "correct_answer": "Traffic Collision Avoidance System",
            "difficulty": "hard",
            "incorrect_answers": [
                "Traffic Communication Alert System",
                "Traffic Configuration Alignment System",
                "Traffic Call-sign Abbreviation System"
            ],
            "question": "In flight systems, what does the initialism &quot;TCAS&quot; stand for?",
            "type": "multiple"
        },
        {
            "category": "General Knowledge",
            "correct_answer": "Board Games",
            "difficulty": "medium",
            "incorrect_answers": [
                "Television Shows",
                "Video Games",
                "Films"
            ],
            "question": "The website &quot;Shut Up &amp; Sit Down&quot; reviews which form of media?",
            "type": "multiple"
        }
    ]
}