{
    "response_code": 0,
    "results": [
        {
            "category": "Entertainment: Board Games",
            "correct_answer": "Carcassonne",
            "difficulty": "easy",
            "incorrect_answers": [
                "Paris",
                "Marseille",
                "Clermont-Ferrand"
            ],
            "question": "Carcassonne is based on which French town?",
            "type": "multiple"
        },
        {
            "category": "Entertainment: Music",
            "correct_answer": "Viola",
            "difficulty": "easy",
            "incorrect_answers": [
                "Oboe",
                "Trombone",
                "Duduk"
            ],
            "question": "What is not a wind instrument?",
            "type": "multiple"
        },
        {
            "category": "History",
            "correct_answer": "Brazil",
            "difficulty": "medium",
            "incorrect_answers": [
                "India",
                "Mozambique",
                "Madagascar"
            ],
            "question": "Which of these countries was sea charted in 1500 by the Portuguese maritime explorations?",
            "type": "multiple"
        },
        {
            "category": "Entertainment: Television",
            "correct_answer": "Teardrop",
            "difficulty": "medium",
            "incorrect_answers": [
                "Protection",
                "Angel",
                "Black Milk"
            ],
            "question": "Which track by &quot;Massive Attack&quot; is used for the theme of &quot;House&quot;? ",
            "type": "multiple"
        },
        {
            "category": "Science & Nature",
            "correct_answer": "True",
            "difficulty": "medium",
            "incorrect_answers": [
                "False"
            ],
            "question": "Chickens can live without a head.",
            "type": "boolean"
        },
        {
            "category": "Entertainment: Television",
            "correct_answer": "Frankie Laine",
            "difficulty": "medium",
            "incorrect_answers": [
                "Guy Mitchell",
                " Tennessee Ernie Ford",
                "Slim Whitman"
            ],
            "question": "Who sang the theme song for the TV show &#039;Rawhide&#039;?",
            "type": "multiple"
        },
        {
            "category": "Geography",
            "correct_answer": "Nepal",
            "difficulty": "medium",
            "incorrect_answers": [
                "Panama",
                "Angola",
                "Egypt"
            ],
            "question": "What is the only country in the world with a flag that doesn&#039;t have four right angles?",
            "type": "multiple"
        },
        {
            "category": "Entertainment: Film",
            "correct_answer": "Quentin Tarantino",
            "difficulty": "easy",
            "incorrect_answers": [
                "Martin Scorcese",
                "Steven Spielberg",
                "James Cameron"
            ],
            "question": "Who directed the movies &quot;Pulp Fiction&quot;, &quot;Reservoir Dogs&quot; and &quot;Django Unchained&quot;?",
            "type": "multiple"
        },
        {
            "category": "Sports",
            "correct_answer": "Badminton",
            "difficulty": "easy",
            "incorrect_answers": [
                "Table Tennis",
                "Rugby",
                "Cricket"
            ],
            "question": "In what sport is a &quot;shuttlecock&quot; used?",
            "type": "multiple"
        },
        {
            "category": "Science: Computers",
            "correct_answer": "Objective-C",
            "difficulty": "easy",
            "incorrect_answers": [
                "C#",
                "Ruby",
                "C++"
            ],
            "question": "The programming language &#039;Swift&#039; was created to replace what other programming language?",
            "type": "multiple"
        },
        {
            "category": "General Knowledge",
            "correct_answer": "Rosh Hashanah",
            "difficulty": "easy",
            "incorrect_answers": [
                "Elul",
                "New Year",
                "Succoss"
            ],
            "question": "What is the name of the Jewish New Year?",
            "type": "multiple"
        },
        {
            "category": "Science & Nature",
            "correct_answer": "2",
            "difficulty": "medium",
            "incorrect_answers": [
                "0",
                "1",
                "5"
            ],
            "question": "How many officially recognized dwarf planets in the solar system are named after Polynesian deities?",
            "type": "multiple"
        },
        {
            "category": "History",
            "correct_answer": "X",
            "difficulty": "easy",
            "incorrect_answers": [
                "W",
                "U",
                "J"
            ],
            "question": "The original Roman alphabet lacked the following letters EXCEPT:",
            "type": "multiple"
        },
        {
            "category": "Entertainment: Books",
            "correct_answer": "True",
            "difficulty": "easy",
            "incorrect_answers": [
                "False"
            ],
            "question": "The book 1984 was published in 1949.",
            "type": "boolean"
        },
        {
            "category": "Geography",
            "correct_answer": "Suriname",
            "difficulty": "medium",
            "incorrect_answers": [
                "Burkina Faso",
                "Mozambique",
                "Algeria"
            ],
            "question": "Which of these countries is NOT located in Africa?",
            "type": "multiple"
        },
        {
            "category": "Entertainment: Video Games",
            "correct_answer": "True",
            "difficulty": "easy",
            "incorrect_answers": [
                "False"
            ],
            "question": "&quot;Half-Life 2&quot; runs on the Source Engine.",
            "type": "boolean"
        },
        {
            "category": "Entertainment: Japanese Anime & Manga",
            "correct_answer": "False",
            "difficulty": "easy",
            "incorrect_answers": [
                "True"
            ],
            "question": "In Kill La Kill, the weapon of the main protagonist is a katana. ",
            "type": "boolean"
        },
        {
            "category": "Entertainment: Musicals & Theatres",
            "correct_answer": "Lin-Manuel Miranda",
            "difficulty": "easy",
            "incorrect_answers": [
                "Steven Sondheim",
                "Francis Scott Key",
                "John Phillips Sousa"
            ],
            "question": "Who wrote the award winning musical &quot;In The Heights&quot;?",
            "type": "multiple"
        },
        {
            "category": "General Knowledge",
            "correct_answer": "Shadows",
            "difficulty": "hard",
            "incorrect_answers": [
                "Eating",
                "Bright lights",
                "Transportation"
            ],
            "question": "Sciophobia is the fear of what?",
            "type": "multiple"
        },
        {
            "category": "History",
            "correct_answer": "January 30, 1933",
            "difficulty": "hard",
            "incorrect_answers": [
                "September 1, 1939",
                "February 27, 1933",
                "October 6, 1939"
            ],
            "question": "When was Adolf Hitler appointed as Chancellor of Germany?",
            "type": "multiple"
        },
        {
            "category": "General Knowledge",
            "correct_answer": "True",
            "difficulty": "easy",
            "incorrect_answers": [
                "False"
            ],
            "question": "On average, at least 1 person is killed by a drunk driver in the United States every hour.",
            "type": "boolean"
        },
        {
            "category": "Entertainment: Japanese Anime & Manga",
            "correct_answer": "My Father&#039;s Journal",
            "difficulty": "medium",
            "incorrect_answers": [
                "Billy Bat",
                "20th Century Boys",
                "Monster"
            ],
            "question": "Which one of these Manga titles was not created by Urasawa Naoki?",
            "type": "multiple"
        },
        {
            "category": "General Knowledge",
            "correct_answer": "A mall with high vacancy rates or low consumer foot traffic",
            "difficulty": "medium",
            "incorrect_answers": [
                "A mall with no stores",
                "A mall that has been condemed",
                "A mall after business hours"
            ],
            "question": "What is a dead mall?",
            "type": "multiple"
        },
        {
            "category": "Entertainment: Television",
            "correct_answer": "10",
            "difficulty": "easy",
            "incorrect_answers": [
                "3",
                "7",
                "12"
            ],
            "question": "How many seasons did &quot;Stargate SG-1&quot; have?",
            "type": "multiple"
        },
        {
            "category": "Geography",
            "correct_answer": "The First State",
            "difficulty": "easy",
            "incorrect_answers": [
                "The Fiftieth State",
                "The Second State",
                "The Sixteenth State"
            ],
            "question": "What is the nickname for the US state Delaware?",
            "type": "multiple"
        },
        {
            "category": "Entertainment: Video Games",
            "correct_answer": "4",
            "difficulty": "medium",
            "incorrect_answers": [
                "5",
                "3",
                "6"
            ],
            "question": "How many normal endings are there in Cry Of Fear&#039;s campaign mode?",
            "type": "multiple"
        },
        {
            "category": "Entertainment: Video Games",
            "correct_answer": "The Thing",
            "difficulty": "medium",
            "incorrect_answers": [
                "The Evil Dead",
                "Saw",
                "Alien"
            ],
            "question": "Which horror movie had a sequel in the form of a video game released in August 20, 2002?",
            "type": "multiple"
        },
        {
            "category": "History",
            "correct_answer": "1776",
            "difficulty": "hard",
            "incorrect_answers": [
                "1775",
                "1774",
                "1777"
            ],
            "question": "What year was the United States Declaration of Independence signed?",
            "type": "multiple"
        },
        {
            "category": "Science: Computers",
            "correct_answer": "Green",
            "difficulty": "easy",
            "incorrect_answers": [
                "Red",
                "Blue",
                "Yellow"
            ],
            "question": "In &quot;Hexadecimal&quot;, what color would be displayed from the color code? &quot;#00FF00&quot;?",
            "type": "multiple"
        },
        {
            "category": "Entertainment: Film",
            "correct_answer": "Billy Loomis and Stu Macher",
            "difficulty": "hard",
            "incorrect_answers": [
                "Dewey Riley",
                "Sidney Prescott",
                "Archie Prescott and Philip Marv"
            ],
            "question": "In the movie &quot;Scream&quot; who is Ghost Face?",
            "type": "multiple"
        },
        {
            "category": "Entertainment: Music",
            "correct_answer": "Unknown Pleasures",
            "difficulty": "medium",
            "incorrect_answers": [
                "The Dark Side of the Moon",
                "London Calling",
                "The Velvet Underground &amp; Nico"
            ],
            "question": "Which iconic album cover features the pulsar waves of CP 1919 placed in the center of the cover?",
            "type": "multiple"
        },
        {
            "category": "Entertainment: Video Games",
            "correct_answer": "Insomniac Games",
            "difficulty": "easy",
            "incorrect_answers": [
                "PixelTail Games",
                "Rare",
                "Bethesda"
            ],
            "question": "Who are the original creators of Rachet &amp; Clank?",
            "type": "multiple"
        },
        {
            "category": "History",
            "correct_answer": "False",
            "difficulty": "hard",
            "incorrect_answers": [
                "True"
            ],
            "question": "The Battle of Trafalgar took place on October 23rd, 1805",
            "type": "boolean"
        },
        {
            "category": "Science & Nature",
            "correct_answer": "Cytosine",
            "difficulty": "hard",
            "incorrect_answers": [
                "Thymine",
                "Adenine",
                "Uracil"
            ],
            "question": "What nucleotide pairs with guanine?",
            "type": "multiple"
        },
        {
            "category": "Entertainment: Film",
            "correct_answer": "New York, New York",
            "difficulty": "medium",
            "incorrect_answers": [
                "Las Vegas, Nevada",
                "Chicago, Illinois",
                "Orlando, Florida"
            ],
            "question": "What city did the monster attack in the film, &quot;Cloverfield&quot;?",
            "type": "multiple"
        },
        {
            "category": "Science: Computers",
            "correct_answer": "TRS-80",
            "difficulty": "hard",
            "incorrect_answers": [
                "Commodore 64",
                "ZX Spectrum",
                "Apple 3"
            ],
            "question": "Which of the following is the oldest of these computers by release date?",
            "type": "multiple"
        },
        {
            "category": "Entertainment: Video Games",
            "correct_answer": "2004",
            "difficulty": "medium",
            "incorrect_answers": [
                "2006",
                "2005",
                "2002"
            ],
            "question": "In which year did the first Monster Hunter game get released?",
            "type": "multiple"
        },
        {
            "category": "Entertainment: Video Games",
            "correct_answer": "DMC",
            "difficulty": "medium",
            "incorrect_answers": [
                "Noise",
                "Triangle",
                "Square"
            ],
            "question": "One of the Nintendo Entertainment System voice channels supports playback of sound samples. Which one?",
            "type": "multiple"
        },
        {
            "category": "Politics",
            "correct_answer": "True",
            "difficulty": "medium",
            "incorrect_answers": [
                "False"
            ],
            "question": "The State of Queensland, Australia voted NO to a referendum for daylight savings in 1992.",
            "type": "boolean"
        },
        {
            "category": "General Knowledge",
            "correct_answer": "Metropolitan Line",
            "difficulty": "easy",
            "incorrect_answers": [
                "Circle Line",
                "Bakerloo Line",
                "Victoria Line"
            ],
            "question": "What was the first ever London Underground line to be built?",
            "type": "multiple"
        },
        {
            "category": "Science: Gadgets",
            "correct_answer": "1982",
            "difficulty": "easy",
            "incorrect_answers": [
                "1992",
                "1972",
                "1962"
            ],
            "question": "When did the CD begin to appear on the consumer market?",
            "type": "multiple"
        },
        {
            "category": "Geography",
            "correct_answer": "Yellowstone",
            "difficulty": "medium",
            "incorrect_answers": [
                "Sequoia ",
                "Yosemite",
                "Rocky Mountain"
            ],
            "question": "What&#039;s the first National Park designated in the United States?",
            "type": "multiple"
        },
        {
            "category": "Entertainment: Video Games",
            "correct_answer": "169",
            "difficulty": "hard",
            "incorrect_answers": [
                "100",
                "132",
                "245"
            ],
            "question": "How many aces can be shot down through the entirety of &quot;Ace Combat Zero: The Belkan War&quot;?",
            "type": "multiple"
        },
        {
            "category": "Entertainment: Music",
            "correct_answer": "Ringo Starr",
            "difficulty": "medium",
            "incorrect_answers": [
                "George Harrison",
                "John Lennon",
                "Paul McCartney"
            ],
            "question": "Which member of &quot;The Beatles&quot; narrated episodes of &quot;Thomas the Tank Engine&quot;?",
            "type": "multiple"
        },
        {
            "category": "General Knowledge",
            "correct_answer": "True",
            "difficulty": "medium",
            "incorrect_answers": [
                "False"
            ],
            "question": "&quot;Santa Claus&quot; is a variety of melon.",
            "type": "boolean"
        },
        {
            "category": "History",
            "correct_answer": "January 1944",
            "difficulty": "hard",
            "incorrect_answers": [
                "September 1943",
                "November 1943",
                "March 1944"
            ],
            "question": "When was the &quot;Siege of Leningrad&quot; lifted during World War II?",
            "type": "multiple"
        },
        {
            "category": "History",
            "correct_answer": "Vistula-Oder Offensive",
            "difficulty": "hard",
            "incorrect_answers": [
                "Crimean Offensive",
                "Leningrad-Novgorod Offensive",
                "Operation Bagration"
            ],
            "question": "Which of the following was not one of Joseph Stalin&#039;s ten blows during World War II?",
            "type": "multiple"
        },
        {
            "category": "Entertainment: Cartoon & Animations",
            "correct_answer": "Eat a salamander and jump out the window.",
            "difficulty": "hard",
            "incorrect_answers": [
                "Leave in peace.",
                "Jump out the window.",
                "Release 1,000 captive salamanders into the white house."
            ],
            "question": "In &quot;Gravity Falls&quot;, what does Quentin Trembley do when he is driven out from the White House?",
            "type": "multiple"
        },
        {
            "category": "History",
            "correct_answer": "General Electric",
            "difficulty": "medium",
            "incorrect_answers": [
                "Colt Firearms",
                "Heckler &amp; Koch",
                "Sig Sauer"
            ],
            "question": "The minigun was designed in 1960 by which manufacturer.",
            "type": "multiple"
        },
        {
            "category": "Politics",
            "correct_answer": "Lord Buckethead",
            "difficulty": "hard",
            "incorrect_answers": [
                "James Francis",
                "Robert Wimbledon",
                "Sir Crumpetsby"
            ],
            "question": "Which of these was an official candidate in the 2017 British General Election?",
            "type": "multiple"
        }
    ]
}