{
    "response_code": 0,
    "results": [
        {
            "category": "Art",
            "correct_answer": "Leonardo da Vinci",
            "difficulty": "easy",
            "incorrect_answers": [
                "Pablo Picasso",
                "Claude Monet",
                "Vincent van Gogh"
            ],
            "question": "Who painted the Mona Lisa?",
            "type": "multiple"
        },
        {
            "category": "Entertainment: Video Games",
            "correct_answer": "True",
            "difficulty": "medium",
            "incorrect_answers": [
                "False"
            ],
            "question": "Amazon acquired Twitch in August 2014 for $970 million dollars.",
            "type": "boolean"
        },
        {
            "category": "Science: Mathematics",
            "correct_answer": "10",
            "difficulty": "medium",
            "incorrect_answers": [
                "Two (2)",
                "01",
                "11"
            ],
            "question": "In base 2, what is 1 + 1?",
            "type": "multiple"
        },
        {
            "category": "Entertainment: Video Games",
            "correct_answer": "Lambda",
            "difficulty": "easy",
            "incorrect_answers": [
                "Omega",
                "Alpha",
                "Sigma"
            ],
            "question": "Which Greek letter represents the &quot;Half-Life&quot; logo?",
            "type": "multiple"
        },
        {
            "category": "Mythology",
            "correct_answer": "True",
            "difficulty": "easy",
            "incorrect_answers": [
                "False"
            ],
            "question": "In Norse mythology, Thor once dressed as a woman.",
            "type": "boolean"
        },
        {
            "category": "General Knowledge",
            "correct_answer": "False",
            "difficulty": "easy",
            "incorrect_answers": [
                "True"
            ],
            "question": "The Great Wall of China is visible from the moon.",
            "type": "boolean"
        },
        {
            "category": "General Knowledge",
            "correct_answer": "True",
            "difficulty": "easy",
            "incorrect_answers": [
                "False"
            ],
            "question": "French is an official language in Canada.",
            "type": "boolean"
        },
        {
            "category": "Sports",
            "correct_answer": "Alain Prost",
            "difficulty": "medium",
            "incorrect_answers": [
                "Ayrton Senna",
                "Niki Lauda",
                "Emerson Fittipaldi"
            ],
            "question": "Which Formula One driver was nicknamed &#039;The Professor&#039;?",
            "type": "multiple"
        },
        {
            "category": "General Knowledge",
            "correct_answer": "True",
            "difficulty": "hard",
            "incorrect_answers": [
                "False"
            ],
            "question": "This is the correct spelling of &quot;Supercalifragilisticexpialidocious&quot;.",
            "type": "boolean"
        },
        {
            "category": "Entertainment: Video Games",
            "correct_answer": "False",
            "difficulty": "easy",
            "incorrect_answers": [
                "True"
            ],
            "question": "In &quot;Mario Kart 64&quot;, Waluigi is a playable character.",
            "type": "boolean"
        },
        {
            "category": "Entertainment: Video Games",
            "correct_answer": "Super Smash Bros. Crusade",
            "difficulty": "medium",
            "incorrect_answers": [
                "Super Smash Bros. Melee",
                "Super Smash Bros. Brawl",
                "Super Smash Bros. for Nintendo 3DS and Wii U"
            ],
            "question": "Which of these of NOT an official game in Nintendo&#039;s Super Smash Bros. series?",
            "type": "multiple"
        },
        {
            "category": "History",
            "correct_answer": "False",
            "difficulty": "medium",
            "incorrect_answers": [
                "True"
            ],
            "question": "Sargon II, a king of the Neo-Assyrian Empire, was a direct descendant of Sargon of Akkad.",
            "type": "boolean"
        },
        {
            "category": "Mythology",
            "correct_answer": "Enkidu",
            "difficulty": "medium",
            "incorrect_answers": [
                "Enki",
                "Enlil",
                "Enkimdu"
            ],
            "question": "Which of the following Mesopotamian mythological figures was NOT a deity?",
            "type": "multiple"
        },
        {
            "category": "General Knowledge",
            "correct_answer": "True",
            "difficulty": "medium",
            "incorrect_answers": [
                "False"
            ],
            "question": "The sum of all the numbers on a roulette wheel is 666.",
            "type": "boolean"
        },
        {
            "category": "Entertainment: Video Games",
            "correct_answer": "Tiger Woods 99 PGA Tour",
            "difficulty": "hard",
            "incorrect_answers": [
                "Tony Hawk&#039;s Pro Skater 3",
                "Sonic Adventure",
                "Madden 99"
            ],
            "question": "Which video game was recalled for containing a hidden, playable South Park episode?",
            "type": "multiple"
        },
        {
            "category": "Entertainment: Music",
            "correct_answer": "True Survivor",
            "difficulty": "medium",
            "incorrect_answers": [
                "True Fighter",
                "Real Kung-Fury",
                "Real Warrior"
            ],
            "question": "In 2015, David Hasselhof released a single called...",
            "type": "multiple"
        },
        {
            "category": "Entertainment: Video Games",
            "correct_answer": "Mental Health Issues",
            "difficulty": "hard",
            "incorrect_answers": [
                "Injuries",
                "Disease",
                "Danger to Others"
            ],
            "question": "Why was the character Trevor Philips discharged from the Air Force?",
            "type": "multiple"
        },
        {
            "category": "Geography",
            "correct_answer": "Olympia",
            "difficulty": "medium",
            "incorrect_answers": [
                "Washington D.C.",
                "Seattle",
                "Yukon"
            ],
            "question": "What is the capital of the State of Washington, United States?",
            "type": "multiple"
        },
        {
            "category": "Entertainment: Japanese Anime & Manga",
            "correct_answer": "Kyoko Tokiwa",
            "difficulty": "hard",
            "incorrect_answers": [
                "Melissa Mao",
                "Ren Mikihara",
                "Teletha &quot;Tessa&quot; Testarossa"
            ],
            "question": "In the anime, &quot;Full Metal Panel&quot;, who is Kaname&#039;s best friend?",
            "type": "multiple"
        },
        {
            "category": "Entertainment: Video Games",
            "correct_answer": "x86 Assembly",
            "difficulty": "medium",
            "incorrect_answers": [
                "C++",
                "C",
                "ALGOL"
            ],
            "question": "&quot;Rollercoaster Tycoon&quot; was programmed mostly entirely in...",
            "type": "multiple"
        },
        {
            "category": "Entertainment: Film",
            "correct_answer": "Matthew Taylor",
            "difficulty": "medium",
            "incorrect_answers": [
                "Jason Dip",
                "Eric Mabius",
                "Jimmy Matts"
            ],
            "question": "Who plays the Nemesis in the Resident Evil movies?",
            "type": "multiple"
        },
        {
            "category": "Entertainment: Musicals & Theatres",
            "correct_answer": "The Elves",
            "difficulty": "hard",
            "incorrect_answers": [
                "Wicked",
                "Hamilton",
                "The Book of Mormon"
            ],
            "question": "What is the name of Broadway&#039;s first &quot;long-run&quot; musical?",
            "type": "multiple"
        },
        {
            "category": "General Knowledge",
            "correct_answer": "Ole Kirk Christiansen",
            "difficulty": "medium",
            "incorrect_answers": [
                " Jens Niels Christiansen",
                "Kirstine Christiansen",
                " Gerhardt Kirk Christiansen"
            ],
            "question": "Who is the founder of &quot;The Lego Group&quot;?",
            "type": "multiple"
        },
        {
            "category": "Entertainment: Japanese Anime & Manga",
            "correct_answer": "Josuke Higashikata",
            "difficulty": "medium",
            "incorrect_answers": [
                "Yoshikage kira",
                "Koichi Hirose",
                "Joey JoJo"
            ],
            "question": "The main protagonist of the fourth part of JoJo&#039;s Bizarre Adventure is which of the following?",
            "type": "multiple"
        },
        {
            "category": "Entertainment: Video Games",
            "correct_answer": "Square Enix",
            "difficulty": "medium",
            "incorrect_answers": [
                "Capcom",
                "Konami",
                "Blizzard"
            ],
            "question": "Which company made the Japanese RPG &quot;Dragon Quest&quot;?",
            "type": "multiple"
        },
        {
            "category": "Vehicles",
            "correct_answer": "Aventador",
            "difficulty": "medium",
            "incorrect_answers": [
                "Huayra",
                "918",
                "Chiron"
            ],
            "question": "Which of these car models are produced by Lamborghini?",
            "type": "multiple"
        },
        {
            "category": "Entertainment: Cartoon & Animations",
            "correct_answer": "Sburb",
            "difficulty": "hard",
            "incorrect_answers": [
                "Homesick",
                "Husslie",
                "Hiveswap"
            ],
            "question": "In the web-comic Homestuck, what is the name of the game the 4 kids play?",
            "type": "multiple"
        },
        {
            "category": "Entertainment: Video Games",
            "correct_answer": "Tengu",
            "difficulty": "medium",
            "incorrect_answers": [
                "Sylvari",
                "Charr",
                "Asura "
            ],
            "question": "Which of the following is not a playable race in the MMORPG Guild Wars 2? ",
            "type": "multiple"
        },
        {
            "category": "Science & Nature",
            "correct_answer": "Iron",
            "difficulty": "easy",
            "incorrect_answers": [
                "Copper",
                "Iridium",
                "Cobalt"
            ],
            "question": "The element involved in making human blood red is which of the following?",
            "type": "multiple"
        },
        {
            "category": "Vehicles",
            "correct_answer": "3,000",
            "difficulty": "hard",
            "incorrect_answers": [
                "3,200",
                "2,578",
                "2,190"
            ],
            "question": "How much horsepower is produced by the SD40-2 Locomotive?",
            "type": "multiple"
        },
        {
            "category": "Animals",
            "correct_answer": "Tuatara",
            "difficulty": "hard",
            "incorrect_answers": [
                "Komodo Dragon",
                "Gila Monster",
                "Green Iguana"
            ],
            "question": "Which of these animals is NOT a lizard?",
            "type": "multiple"
        },
        {
            "category": "Entertainment: Comics",
            "correct_answer": "Sonic the Hedgehog #11",
            "difficulty": "medium",
            "incorrect_answers": [
                "Sonic Universe #32",
                "Sonic the Hedgehog #161",
                "Sonic the Hedgehog #47"
            ],
            "question": "Which issue of the &quot;Sonic the Hedgehog&quot; comic did Scourge the Hedgehog make his first appearance?",
            "type": "multiple"
        },
        {
            "category": "Sports",
            "correct_answer": "DING Ning (China)",
            "difficulty": "hard",
            "incorrect_answers": [
                "LI Xiaoxia (China)",
                "Ai FUKUHARA (Japan)",
                "Song KIM (North Korea)"
            ],
            "question": "Which female player won the gold medal of table tennis singles in 2016 Olympics Games?",
            "type": "multiple"
        },
        {
            "category": "Entertainment: Video Games",
            "correct_answer": "Rhyme",
            "difficulty": "medium",
            "incorrect_answers": [
                "Shiki",
                "Joshua",
                "Beat"
            ],
            "question": "In the game The World Ends With You, all of these characters act as a game partner with Neku for a week except:",
            "type": "multiple"
        },
        {
            "category": "Entertainment: Music",
            "correct_answer": "Too Weird To Live, Too Rare To Die!",
            "difficulty": "hard",
            "incorrect_answers": [
                "A Fever You Can&#039;t Sweat Out",
                "Death Of A Bachelor",
                "Vices &amp; Virtues"
            ],
            "question": "&quot;All the Boys&quot; by Panic! At the Disco was released as a bonus track on what album?",
            "type": "multiple"
        },
        {
            "category": "Entertainment: Video Games",
            "correct_answer": "40",
            "difficulty": "medium",
            "incorrect_answers": [
                "50",
                "30",
                "20"
            ],
            "question": "What level do you have to be to get a service medal on CS:GO?",
            "type": "multiple"
        },
        {
            "category": "Sports",
            "correct_answer": "False",
            "difficulty": "easy",
            "incorrect_answers": [
                "True"
            ],
            "question": "In association football, or soccer, a corner kick is when the game restarts after someone scores a goal.",
            "type": "boolean"
        },
        {
            "category": "Entertainment: Music",
            "correct_answer": "+44",
            "difficulty": "medium",
            "incorrect_answers": [
                "Box Car Racer",
                "Blink-182",
                "Angels &amp; Airwaves"
            ],
            "question": "Which of the following bands is Tom DeLonge not a part of?",
            "type": "multiple"
        },
        {
            "category": "Entertainment: Video Games",
            "correct_answer": "False",
            "difficulty": "easy",
            "incorrect_answers": [
                "True"
            ],
            "question": "In &quot;Undertale&quot;, the main character of the game is Sans.",
            "type": "boolean"
        },
        {
            "category": "Celebrities",
            "correct_answer": "Howard Stern",
            "difficulty": "medium",
            "incorrect_answers": [
                "Rush Limbaugh",
                "Pete Tong",
                "Ryan Seacrest"
            ],
            "question": "Which radio personality calls himself &quot;The King of All Media&quot;?",
            "type": "multiple"
        },
        {
            "category": "Entertainment: Video Games",
            "correct_answer": "Stick and Coal",
            "difficulty": "easy",
            "incorrect_answers": [
                "Stick and Fire",
                "Wood and Coal",
                "Wood and Fire"
            ],
            "question": "In Minecraft, which two items must be combined to craft a torch?",
            "type": "multiple"
        },
        {
            "category": "History",
            "correct_answer": " Soviet Union",
            "difficulty": "easy",
            "incorrect_answers": [
                "Italy",
                "Germany",
                "Japan"
            ],
            "question": "Which of the following countries was not an axis power during World War II?",
            "type": "multiple"
        },
        {
            "category": "Entertainment: Video Games",
            "correct_answer": "1985",
            "difficulty": "easy",
            "incorrect_answers": [
                "1983",
                "1987",
                "1986"
            ],
            "question": "What year was Super Mario Bros. released?",
            "type": "multiple"
        },
        {
            "category": "Entertainment: Books",
            "correct_answer": "Trial of Temperance",
            "difficulty": "hard",
            "incorrect_answers": [
                "Measure For Measure",
                "Titus Andronicus",
                "Cymbeline"
            ],
            "question": "Which of the following is NOT a work done by Shakespeare?",
            "type": "multiple"
        },
        {
            "category": "Entertainment: Japanese Anime & Manga",
            "correct_answer": "Shiron",
            "difficulty": "hard",
            "incorrect_answers": [
                "Jack",
                "Axia",
                "Drum"
            ],
            "question": "Which one of these characters is from &quot;Legendz : Tale of the Dragon Kings&quot;?",
            "type": "multiple"
        },
        {
            "category": "Science & Nature",
            "correct_answer": "False",
            "difficulty": "easy",
            "incorrect_answers": [
                "True"
            ],
            "question": "An average human can go two weeks without water.",
            "type": "boolean"
        },
        {
            "category": "Entertainment: Japanese Anime & Manga",
            "correct_answer": "1890",
            "difficulty": "medium",
            "incorrect_answers": [
                "1888",
                "1999",
                "2003"
            ],
            "question": "What year does Part 7 of &quot;JoJo&#039;s Bizarre Adventure&quot; take place in?",
            "type": "multiple"
        },
        {
            "category": "General Knowledge",
            "correct_answer": "I came, I saw, I conquered",
            "difficulty": "hard",
            "incorrect_answers": [
                "See no evil, hear no evil, speak no evil",
                "Life, liberty, and happiness",
                "Past, present, and future"
            ],
            "question": "What does the Latin phrase &quot;Veni, vidi, vici&quot; translate into English?",
            "type": "multiple"
        },
        {
            "category": "Entertainment: Board Games",
            "correct_answer": "False",
            "difficulty": "medium",
            "incorrect_answers": [
                "True"
            ],
            "question": "&quot;Rich Uncle Pennybags&quot; from the board game &quot;Monopoly&quot; wears a monocle.",
            "type": "boolean"
        },
        {
            "category": "Entertainment: Japanese Anime & Manga",
            "correct_answer": "3",
            "difficulty": "medium",
            "incorrect_answers": [
                "1",
                "2",
                "4"
            ],
            "question": "In the &quot;To Love-Ru&quot; series, how many Trans-weapons were created?",
            "type": "multiple"
        }
    ]
}