{
    "response_code": 0,
    "results": [
        {
            "category": "Entertainment: Film",
            "correct_answer": "Vanessa Kensington",
            "difficulty": "easy",
            "incorrect_answers": [
                "Pam Bouvier",
                "Mary Goodnight",
                "Wai Lin"
            ],
            "question": "Which of the following is not the name of a &#039;Bond Girl&#039;? ",
            "type": "multiple"
        },
        {
            "category": "Science & Nature",
            "correct_answer": "Nitrogen",
            "difficulty": "medium",
            "incorrect_answers": [
                "Helium",
                "Carbon",
                "Hydrogen"
            ],
            "question": "Along with Oxygen, which element is primarily responsible for the sky appearing blue?",
            "type": "multiple"
        },
        {
            "category": "Entertainment: Musicals & Theatres",
            "correct_answer": "Romeo &amp; Juliet",
            "difficulty": "easy",
            "incorrect_answers": [
                "Hamlet",
                "Macbeth",
                "Othello"
            ],
            "question": "Which Shakespeare play inspired the musical &#039;West Side Story&#039;?",
            "type": "multiple"
        },
        {
            "category": "History",
            "correct_answer": "AK-47",
            "difficulty": "medium",
            "incorrect_answers": [
                "RPK",
                "M16",
                "MG 42"
            ],
            "question": " What Russian automatic gas-operated assault rifle was developed in the Soviet Union in 1947, and is still popularly used today?",
            "type": "multiple"
        },
        {
            "category": "Geography",
            "correct_answer": "True",
            "difficulty": "easy",
            "incorrect_answers": [
                "False"
            ],
            "question": "A group of islands is called an &#039;archipelago&#039;.",
            "type": "boolean"
        },
        {
            "category": "History",
            "correct_answer": "Airship Dock",
            "difficulty": "medium",
            "incorrect_answers": [
                "Lightning Rod",
                "Antennae",
                "Flag Pole"
            ],
            "question": "The crown of the Empire State Building was originally built for what purpose?",
            "type": "multiple"
        },
        {
            "category": "Entertainment: Television",
            "correct_answer": "Torquay",
            "difficulty": "easy",
            "incorrect_answers": [
                "Blackpool",
                "Bournemouth",
                "Great Yarmouth"
            ],
            "question": "In which British seaside town was the BBC sitcom &quot;Fawlty Towers&quot; set?",
            "type": "multiple"
        },
        {
            "category": "Science & Nature",
            "correct_answer": "Hydroxyl",
            "difficulty": "hard",
            "incorrect_answers": [
                "Carbonyl",
                "Alkyl",
                "Aldehyde"
            ],
            "question": "An organic compound is considered an alcohol if it has what functional group?",
            "type": "multiple"
        },
        {
            "category": "Entertainment: Video Games",
            "correct_answer": "Arkham Asylum",
            "difficulty": "easy",
            "incorrect_answers": [
                "Arkham Knight",
                "Arkham City",
                "Arkham Origins"
            ],
            "question": "What was the first video game in the Batman &quot;Arkham&quot; series?",
            "type": "multiple"
        },
        {
            "category": "Geography",
            "correct_answer": "Pakistan",
            "difficulty": "medium",
            "incorrect_answers": [
                "Iran",
                "Turkey",
                "Azerbaijan"
            ],
            "question": "Which of the following countries does NOT recognize Armenia as an independent country?",
            "type": "multiple"
        },
        {
            "category": "General Knowledge",
            "correct_answer": "True",
            "difficulty": "medium",
            "incorrect_answers": [
                "False"
            ],
            "question": "Furby was released in 1998.",
            "type": "boolean"
        },
        {
            "category": "Entertainment: Video Games",
            "correct_answer": "P.E.K.K.A&#039;s Playhouse",
            "difficulty": "medium",
            "incorrect_answers": [
                "Barbarian Bowl",
                "Spell Valley",
                "Royal Arena"
            ],
            "question": "In &quot;Clash Royale&quot; what is Arena 4 called?",
            "type": "multiple"
        },
        {
            "category": "History",
            "correct_answer": "German",
            "difficulty": "medium",
            "incorrect_answers": [
                "American",
                "British",
                "Polish"
            ],
            "question": "The creator of the Enigma Cypher and Machine was of what nationality?",
            "type": "multiple"
        },
        {
            "category": "Entertainment: Video Games",
            "correct_answer": "Lionel Messi",
            "difficulty": "medium",
            "incorrect_answers": [
                "Cristiano Ronaldo",
                "Wayne Rooney",
                "David Beckham"
            ],
            "question": "Which football player is featured on the international cover version of the video game FIFA 16?",
            "type": "multiple"
        },
        {
            "category": "Science: Computers",
            "correct_answer": "Cascading Style Sheet",
            "difficulty": "easy",
            "incorrect_answers": [
                "Counter Strike: Source",
                "Corrective Style Sheet",
                "Computer Style Sheet"
            ],
            "question": "In web design, what does CSS stand for?",
            "type": "multiple"
        },
        {
            "category": "General Knowledge",
            "correct_answer": "Parlor",
            "difficulty": "hard",
            "incorrect_answers": [
                "Open Room",
                "Sitting Room",
                "Loft"
            ],
            "question": "Before the 19th Century, the &quot;Living Room&quot; was originally called the...",
            "type": "multiple"
        },
        {
            "category": "Entertainment: Video Games",
            "correct_answer": "False",
            "difficulty": "easy",
            "incorrect_answers": [
                "True"
            ],
            "question": "Big the Cat is a playable character in &quot;Sonic Generations&quot;.",
            "type": "boolean"
        },
        {
            "category": "Entertainment: Music",
            "correct_answer": "Skrillex",
            "difficulty": "hard",
            "incorrect_answers": [
                "Ti&euml;sto",
                "Slushii",
                "Dash Berlin"
            ],
            "question": "Which of these artists did NOT remix the song &quot;Faded&quot; by Alan Walker?",
            "type": "multiple"
        },
        {
            "category": "Science & Nature",
            "correct_answer": "206",
            "difficulty": "easy",
            "incorrect_answers": [
                "203",
                "209",
                "200"
            ],
            "question": "How many bones are in the human body?",
            "type": "multiple"
        },
        {
            "category": "General Knowledge",
            "correct_answer": "False",
            "difficulty": "easy",
            "incorrect_answers": [
                "True"
            ],
            "question": "Bulls are attracted to the color red.",
            "type": "boolean"
        },
        {
            "category": "Science & Nature",
            "correct_answer": "Mexico",
            "difficulty": "medium",
            "incorrect_answers": [
                "France",
                "Spain",
                "Russia"
            ],
            "question": "Where did the dog breed &quot;Chihuahua&quot; originate?",
            "type": "multiple"
        },
        {
            "category": "Entertainment: Video Games",
            "correct_answer": "Alexandros Mograine",
            "difficulty": "medium",
            "incorrect_answers": [
                "Tirion Fordring",
                "Arthas Menethil",
                "Uther the Lightbringer"
            ],
            "question": "In World of Warcraft lore, who was first to have the title &quot;The Ashbringer&quot;?",
            "type": "multiple"
        },
        {
            "category": "Entertainment: Video Games",
            "correct_answer": "&quot;You done?&quot;",
            "difficulty": "hard",
            "incorrect_answers": [
                "&quot;Whoa there.&quot;",
                "&quot;Hold up now.&quot;",
                "&quot;Don&#039;t move.&quot;"
            ],
            "question": "In the game &quot;Overwatch,&quot; which quote does the hero &quot;McCree&quot; NOT say upon using his flashbang ability?",
            "type": "multiple"
        },
        {
            "category": "Science: Mathematics",
            "correct_answer": "True",
            "difficulty": "hard",
            "incorrect_answers": [
                "False"
            ],
            "question": "If you could fold a piece of paper in half 50 times, its&#039; thickness will be 3/4th the distance from the Earth to the Sun.",
            "type": "boolean"
        },
        {
            "category": "Science: Computers",
            "correct_answer": "False",
            "difficulty": "medium",
            "incorrect_answers": [
                "True"
            ],
            "question": "The open source program Redis is a relational database server.",
            "type": "boolean"
        },
        {
            "category": "Celebrities",
            "correct_answer": "Abandoned Buildings and Dead Malls",
            "difficulty": "easy",
            "incorrect_answers": [
                "Historic Landmarks",
                "Action Films",
                "Documentaries "
            ],
            "question": "What does film maker Dan Bell typically focus his films on?",
            "type": "multiple"
        },
        {
            "category": "Entertainment: Books",
            "correct_answer": "True",
            "difficulty": "easy",
            "incorrect_answers": [
                "False"
            ],
            "question": "Stephen Chbosky wrote the book &#039;The Perks of Being A Wallflower&#039;.",
            "type": "boolean"
        },
        {
            "category": "Entertainment: Video Games",
            "correct_answer": "Parasite Eve",
            "difficulty": "hard",
            "incorrect_answers": [
                "Final Fantasy VIII",
                "Front Mission",
                "Vagrant Story"
            ],
            "question": "Which was the first M-rated video game developed by Squaresoft/Square Enix?",
            "type": "multiple"
        },
        {
            "category": "Entertainment: Musicals & Theatres",
            "correct_answer": "Stephen Sondheim",
            "difficulty": "hard",
            "incorrect_answers": [
                "Himself",
                "Oscar Hammerstein",
                "Richard Rodgers"
            ],
            "question": "Who wrote the lyrics for Leonard Bernstein&#039;s 1957 Brodway musical West Side Story?",
            "type": "multiple"
        },
        {
            "category": "Entertainment: Film",
            "correct_answer": "False",
            "difficulty": "hard",
            "incorrect_answers": [
                "True"
            ],
            "question": "&quot;Cube&quot;, &quot;Cube 2: Hypercube&quot; and &quot;Cube Zero&quot; were directed by the same person.",
            "type": "boolean"
        },
        {
            "category": "Entertainment: Japanese Anime & Manga",
            "correct_answer": "2015",
            "difficulty": "medium",
            "incorrect_answers": [
                "2014",
                "2012",
                "2013"
            ],
            "question": "What year did the anime &quot;Himouto! Umaru-chan&quot; air?",
            "type": "multiple"
        },
        {
            "category": "Entertainment: Japanese Anime & Manga",
            "correct_answer": "False",
            "difficulty": "easy",
            "incorrect_answers": [
                "True"
            ],
            "question": "In the &quot;Toaru Kagaku no Railgun&quot; anime,  espers can only reach a maximum of level 6 in their abilities.",
            "type": "boolean"
        },
        {
            "category": "Science: Mathematics",
            "correct_answer": "False",
            "difficulty": "medium",
            "incorrect_answers": [
                "True"
            ],
            "question": "E = MC3",
            "type": "boolean"
        },
        {
            "category": "Entertainment: Television",
            "correct_answer": "74",
            "difficulty": "medium",
            "incorrect_answers": [
                "88",
                "49",
                "62"
            ],
            "question": "How long was Ken Jennings&#039; win streak on Jeopardy?",
            "type": "multiple"
        },
        {
            "category": "History",
            "correct_answer": "True",
            "difficulty": "medium",
            "incorrect_answers": [
                "False"
            ],
            "question": "Martin Luther King Jr. and Anne Frank were born the same year. ",
            "type": "boolean"
        },
        {
            "category": "Entertainment: Video Games",
            "correct_answer": "Shepard",
            "difficulty": "medium",
            "incorrect_answers": [
                "Mordin",
                "Garrus",
                "Thane"
            ],
            "question": "In the Mass Effect trilogy, who is the main protagonist?",
            "type": "multiple"
        },
        {
            "category": "Celebrities",
            "correct_answer": "James Dougherty",
            "difficulty": "medium",
            "incorrect_answers": [
                "Joe Dimaggio",
                "Kirk Douglas",
                "Arthur Miller"
            ],
            "question": "What was the name of Marilyn Monroe&#039;s first husband?",
            "type": "multiple"
        },
        {
            "category": "History",
            "correct_answer": "True",
            "difficulty": "easy",
            "incorrect_answers": [
                "False"
            ],
            "question": "In World War ll, Great Britian used inflatable tanks on the ports of Great Britain to divert Hitler away from Normandy/D-day landing.",
            "type": "boolean"
        },
        {
            "category": "History",
            "correct_answer": "Weimar Republic",
            "difficulty": "medium",
            "incorrect_answers": [
                "German Democratic Republic",
                "Federal Republic of Germany",
                "Oesterreich "
            ],
            "question": "What was the unofficial name for Germany between 1919 and 1933?",
            "type": "multiple"
        },
        {
            "category": "Geography",
            "correct_answer": "New Delhi",
            "difficulty": "easy",
            "incorrect_answers": [
                "Bejing",
                "Montreal",
                "Tithi"
            ],
            "question": "What is the capital of India?",
            "type": "multiple"
        },
        {
            "category": "Entertainment: Video Games",
            "correct_answer": "Las Vegas",
            "difficulty": "easy",
            "incorrect_answers": [
                "Paris",
                "Bellevue",
                "London"
            ],
            "question": "&quot;Minecraft&quot; was released from beta in 2011 during a convention held in which city?",
            "type": "multiple"
        },
        {
            "category": "Entertainment: Television",
            "correct_answer": "He&#039;s the big kahuna.",
            "difficulty": "hard",
            "incorrect_answers": [
                "To find out where all the bananas are.",
                "Because Diddy Kong forced him.",
                "He wants to punish brutes."
            ],
            "question": "In &quot;Donkey Kong Country&quot;, why does Donkey Kong want to know the secret of the crystal coconut?",
            "type": "multiple"
        },
        {
            "category": "Entertainment: Japanese Anime & Manga",
            "correct_answer": "Fairies",
            "difficulty": "medium",
            "incorrect_answers": [
                "Elves",
                "The Earth",
                "Animals"
            ],
            "question": "The heroine of &quot;Humanity Has Declined&quot; is a mediator between humans and what?",
            "type": "multiple"
        },
        {
            "category": "Entertainment: Japanese Anime & Manga",
            "correct_answer": "The End",
            "difficulty": "hard",
            "incorrect_answers": [
                "Perfection",
                "Sandbox",
                "Fairness"
            ],
            "question": "Medaka Kurokami from &quot;Medaka Box&quot; has what abnormality?",
            "type": "multiple"
        },
        {
            "category": "Entertainment: Music",
            "correct_answer": "1993",
            "difficulty": "hard",
            "incorrect_answers": [
                "1992",
                "1995",
                "1994"
            ],
            "question": "What year was Min Yoongi from South Korea boy band &quot;BTS&quot; born in?",
            "type": "multiple"
        },
        {
            "category": "Entertainment: Video Games",
            "correct_answer": "Vanilla",
            "difficulty": "medium",
            "incorrect_answers": [
                "Peach",
                "Strawberry",
                "Mint"
            ],
            "question": "What is the name of Cream the Rabbit&#039;s mom in the &quot;Sonic the Hedgehog&quot; series?",
            "type": "multiple"
        },
        {
            "category": "Entertainment: Video Games",
            "correct_answer": "50,000 HP",
            "difficulty": "hard",
            "incorrect_answers": [
                "9,000,000 HP",
                "100 HP",
                "150,000 HP"
            ],
            "question": "In &quot;Starbound&quot;, what is the max HP of the monster &quot;Punchy&quot;?",
            "type": "multiple"
        },
        {
            "category": "Entertainment: Film",
            "correct_answer": "Max Payne",
            "difficulty": "medium",
            "incorrect_answers": [
                "Alan Wake",
                "Hitman",
                "God Of War"
            ],
            "question": "Mark Wahlberg played the titular character of which 2008 video-game adaptation?",
            "type": "multiple"
        },
        {
            "category": "Entertainment: Music",
            "correct_answer": "False",
            "difficulty": "hard",
            "incorrect_answers": [
                "True"
            ],
            "question": "Pete Townshend&#039;s solo album, &quot;White City: A Novel&quot;, is set in the metropolitan area of Chicago.",
            "type": "boolean"
        },
        {
            "category": "Celebrities",
            "correct_answer": "Auction Hunters",
            "difficulty": "medium",
            "incorrect_answers": [
                "Ramsay&#039;s Kitchen Nightmares",
                "Hotel Hell",
                "Hell&#039;s Kitchen"
            ],
            "question": "In which of these TV shows did the chef Gordon Ramsay not appear?",
            "type": "multiple"
        }
    ]
}