{
    "response_code": 0,
    "results": [
        {
            "category": "Entertainment: Cartoon & Animations",
            "correct_answer": "The Dragon Wagon",
            "difficulty": "easy",
            "incorrect_answers": [
                "The Bouldermobile",
                "The Crimson Haybailer",
                "The Compact Pussycat"
            ],
            "question": "Which of the following did not feature in the cartoon &#039;Wacky Races&#039;?",
            "type": "multiple"
        },
        {
            "category": "Entertainment: Video Games",
            "correct_answer": "Kenya",
            "difficulty": "medium",
            "incorrect_answers": [
                "India",
                "Turkey",
                "Slovakia"
            ],
            "question": "In the &quot;Halo&quot; franchise, in what country is New Mombasa?",
            "type": "multiple"
        },
        {
            "category": "Geography",
            "correct_answer": "Sudbury, Ontario",
            "difficulty": "medium",
            "incorrect_answers": [
                "Calgary, Alberta",
                "Halifax, Nova Scotia ",
                "Victoria, British Columbia"
            ],
            "question": "In which city, is the Big Nickel located in Canada?",
            "type": "multiple"
        },
        {
            "category": "History",
            "correct_answer": "Battle of Midway",
            "difficulty": "hard",
            "incorrect_answers": [
                "Attack on Truk Island",
                "Attack on Pearl Harbor",
                "Battle of the Coral Sea"
            ],
            "question": "Which naval battle was considered the turning point of the Pacific Ocean Theater during World War 2?",
            "type": "multiple"
        },
        {
            "category": "Entertainment: Music",
            "correct_answer": "Elton John",
            "difficulty": "hard",
            "incorrect_answers": [
                "John Denver",
                "Billy Joel",
                "Joe Cocker"
            ],
            "question": "Who recorded the1975 album &#039;Captain Fantastic and the Brown Dirt Cowboy&#039;?",
            "type": "multiple"
        },
        {
            "category": "Geography",
            "correct_answer": "Islamabad",
            "difficulty": "hard",
            "incorrect_answers": [
                "Hyderabad",
                "Ahmedabad",
                "Ghaziabad"
            ],
            "question": "Which of these is NOT a city in India?",
            "type": "multiple"
        },
        {
            "category": "Entertainment: Television",
            "correct_answer": "7 Meters",
            "difficulty": "medium",
            "incorrect_answers": [
                "10 Meters",
                "2 Meters",
                "5 Meters"
            ],
            "question": "In the original Doctor Who series (1963), fourth doctor Tom Baker&#039;s scarf was how long?",
            "type": "multiple"
        },
        {
            "category": "Entertainment: Music",
            "correct_answer": "Syd Barrett",
            "difficulty": "medium",
            "incorrect_answers": [
                "John Lennon",
                "David Gilmour",
                "Floyd"
            ],
            "question": "Who is the Pink Floyd song &quot;Shine On You Crazy Diamond&quot; written about?",
            "type": "multiple"
        },
        {
            "category": "Entertainment: Music",
            "correct_answer": "John McVie",
            "difficulty": "easy",
            "incorrect_answers": [
                "Christine McVie",
                "Mac McAnally",
                "David Tennant"
            ],
            "question": "Where does the Mac part of the name Fleetwood Mac come from?",
            "type": "multiple"
        },
        {
            "category": "Entertainment: Television",
            "correct_answer": "Ron Grainer",
            "difficulty": "hard",
            "incorrect_answers": [
                "Murray Gold",
                "Delia Derbyshire",
                "Peter Howell"
            ],
            "question": "The theme for the popular science fiction series &quot;Doctor Who&quot; was composed by who?",
            "type": "multiple"
        },
        {
            "category": "History",
            "correct_answer": "1923",
            "difficulty": "medium",
            "incorrect_answers": [
                "1903",
                "1913",
                "1933"
            ],
            "question": "In what year was the famous 45 foot tall Hollywood sign first erected?",
            "type": "multiple"
        },
        {
            "category": "Science & Nature",
            "correct_answer": "Shin Splints",
            "difficulty": "hard",
            "incorrect_answers": [
                "Tennis Elbow",
                "Carpal Tunnel",
                "Housemaid&#039;s Knee"
            ],
            "question": "What common name is given to the medial condition, tibial stress syndrome (MTSS)?",
            "type": "multiple"
        },
        {
            "category": "Entertainment: Video Games",
            "correct_answer": "Looking up and down",
            "difficulty": "medium",
            "incorrect_answers": [
                "Increased room sizes",
                "Unlimited weapons",
                "Highly-detailed textures"
            ],
            "question": "Which of these features was added in the 1994 game &quot;Heretic&quot; that the original &quot;DOOM&quot; could not add due to limitations?",
            "type": "multiple"
        },
        {
            "category": "Vehicles",
            "correct_answer": "Toyota",
            "difficulty": "easy",
            "incorrect_answers": [
                "Honda",
                "Ford",
                "Volkswagen"
            ],
            "question": "Which of the following car manufacturers had a war named after it?",
            "type": "multiple"
        },
        {
            "category": "Politics",
            "correct_answer": "Tonga",
            "difficulty": "easy",
            "incorrect_answers": [
                "Palau",
                "Fiji",
                "Kiribati"
            ],
            "question": "Which of the following Pacific Islander countries is ruled by a constitutional monarchy?",
            "type": "multiple"
        },
        {
            "category": "Science: Mathematics",
            "correct_answer": "True",
            "difficulty": "medium",
            "incorrect_answers": [
                "False"
            ],
            "question": "111,111,111 x 111,111,111 = 12,345,678,987,654,321",
            "type": "boolean"
        },
        {
            "category": "Politics",
            "correct_answer": "False",
            "difficulty": "easy",
            "incorrect_answers": [
                "True"
            ],
            "question": "In 2016, the United Kingdom voted to stay in the EU.",
            "type": "boolean"
        },
        {
            "category": "Entertainment: Film",
            "correct_answer": "War Operation Plan Response",
            "difficulty": "medium",
            "incorrect_answers": [
                "Self Evolving Thought Helix",
                "Master Control Program",
                "West Campus Analog Computer"
            ],
            "question": "What is the name of the Artificial Intelligence system in the 1983 film, &quot;WarGames&quot;?",
            "type": "multiple"
        },
        {
            "category": "Entertainment: Music",
            "correct_answer": "Baauer",
            "difficulty": "easy",
            "incorrect_answers": [
                "RL Grime",
                "NGHTMRE",
                "Flosstradamus"
            ],
            "question": "Which artist released the 2012 single &quot;Harlem Shake&quot;, which was used in numerous YouTube videos in 2013?",
            "type": "multiple"
        },
        {
            "category": "Geography",
            "correct_answer": "5",
            "difficulty": "medium",
            "incorrect_answers": [
                "4",
                "3",
                "6"
            ],
            "question": "How many countries are larger than Australia?",
            "type": "multiple"
        },
        {
            "category": "Entertainment: Music",
            "correct_answer": "Daniel Johns",
            "difficulty": "medium",
            "incorrect_answers": [
                "Ben Gillies",
                "Chris Joannou",
                ""
            ],
            "question": "Who is the lead singer of Silverchair?",
            "type": "multiple"
        },
        {
            "category": "Sports",
            "correct_answer": "Golden State Warriors",
            "difficulty": "medium",
            "incorrect_answers": [
                "Cleveland Cavaliers",
                "Houston Rockets",
                "Atlanta Hawks"
            ],
            "question": "Which team was the 2014-2015 NBA Champions?",
            "type": "multiple"
        },
        {
            "category": "Sports",
            "correct_answer": "Moscow",
            "difficulty": "hard",
            "incorrect_answers": [
                "Barcelona",
                "Tokyo",
                "Los Angeles"
            ],
            "question": "Where was the Games of the XXII Olympiad held?",
            "type": "multiple"
        },
        {
            "category": "Entertainment: Film",
            "correct_answer": "Gene Wilder",
            "difficulty": "medium",
            "incorrect_answers": [
                "Shia LeBouf",
                "Peter Ostrum",
                "Johnny Depp"
            ],
            "question": "In the 1971 film &quot;Willy Wonka &amp; the Chocolate Factory&quot;, who played Willy Wonka?",
            "type": "multiple"
        },
        {
            "category": "Entertainment: Video Games",
            "correct_answer": "BOPE",
            "difficulty": "medium",
            "incorrect_answers": [
                "GSG-9",
                "Elite Crew",
                "Phoenix Connexion"
            ],
            "question": "Which of these is NOT a faction included in the game Counter-Strike: Global Offensive?",
            "type": "multiple"
        },
        {
            "category": "Science & Nature",
            "correct_answer": "212&deg;F",
            "difficulty": "medium",
            "incorrect_answers": [
                "200&deg;F",
                "181&deg;F",
                "178&deg;F"
            ],
            "question": "At what temperature does water boil?",
            "type": "multiple"
        },
        {
            "category": "Entertainment: Books",
            "correct_answer": "My Struggle",
            "difficulty": "medium",
            "incorrect_answers": [
                "My Hatred",
                "My Sadness",
                "My Desire"
            ],
            "question": "The title of Adolf Hitler&#039;s autobiography &quot;Mein Kampf&quot; is what when translated to English?",
            "type": "multiple"
        },
        {
            "category": "Entertainment: Video Games",
            "correct_answer": "Ultima Online",
            "difficulty": "medium",
            "incorrect_answers": [
                "World of Warcraft",
                "Meridian 59",
                "Guild Wars"
            ],
            "question": "What was the name of the first MMORPG to popularize the genre?",
            "type": "multiple"
        },
        {
            "category": "Entertainment: Books",
            "correct_answer": "42",
            "difficulty": "medium",
            "incorrect_answers": [
                "Loving everyone around you",
                "Chocolate",
                "Death"
            ],
            "question": "According to The Hitchhiker&#039;s Guide to the Galaxy book, the answer to life, the universe and everything else is...",
            "type": "multiple"
        },
        {
            "category": "Science: Computers",
            "correct_answer": "NovodeX",
            "difficulty": "hard",
            "incorrect_answers": [
                "Ageia",
                "Nvidia",
                "AMD"
            ],
            "question": "Who is the original author of the realtime physics engine called PhysX?",
            "type": "multiple"
        },
        {
            "category": "Geography",
            "correct_answer": "Prince Edward Island",
            "difficulty": "easy",
            "incorrect_answers": [
                "New Brunswick",
                "Nova Scotia",
                "Yukon"
            ],
            "question": "What is Canada&#039;s smallest province?",
            "type": "multiple"
        },
        {
            "category": "General Knowledge",
            "correct_answer": "Southeast",
            "difficulty": "medium",
            "incorrect_answers": [
                "Southwest",
                "Northwest",
                "Northeast"
            ],
            "question": "What direction does the Statue of Liberty face?",
            "type": "multiple"
        },
        {
            "category": "Entertainment: Video Games",
            "correct_answer": "2002",
            "difficulty": "medium",
            "incorrect_answers": [
                "2003",
                "2000",
                "2004"
            ],
            "question": "In what year was &quot;Super Mario Sunshine&quot; released?",
            "type": "multiple"
        },
        {
            "category": "Entertainment: Video Games",
            "correct_answer": "FME-7",
            "difficulty": "hard",
            "incorrect_answers": [
                "VRC7",
                "VRC6",
                "MMC5"
            ],
            "question": "&quot;Gimmick!&quot; is a Japanese Famicom game that uses a sound chip expansion in the cartridge. What is it called?",
            "type": "multiple"
        },
        {
            "category": "Entertainment: Musicals & Theatres",
            "correct_answer": "Chorus",
            "difficulty": "hard",
            "incorrect_answers": [
                "Montague",
                "Refrain",
                "Capulet"
            ],
            "question": "Who serves as the speaker of the prologue in Shakespeare&#039;s Romeo and Juliet?",
            "type": "multiple"
        },
        {
            "category": "Geography",
            "correct_answer": "Kashmir",
            "difficulty": "medium",
            "incorrect_answers": [
                "Andorra",
                "Gibraltar",
                "Quin"
            ],
            "question": "What is the region conjoining Pakistan, India, and China with unknown leadership called?",
            "type": "multiple"
        },
        {
            "category": "Entertainment: Japanese Anime & Manga",
            "correct_answer": "Another",
            "difficulty": "medium",
            "incorrect_answers": [
                "Humanity Has Declined",
                "Assassination Classroom",
                "Danganronpa: The Animation"
            ],
            "question": "Which anime did Seiji Kishi NOT direct?",
            "type": "multiple"
        },
        {
            "category": "Entertainment: Video Games",
            "correct_answer": "Ceadeus",
            "difficulty": "hard",
            "incorrect_answers": [
                "Alatreon",
                "Rathalos",
                "Lagiacrus"
            ],
            "question": "Which monster in &quot;Monster Hunter Tri&quot; was causing earthquakes in Moga Village?",
            "type": "multiple"
        },
        {
            "category": "Geography",
            "correct_answer": "Isthmus of Panama",
            "difficulty": "hard",
            "incorrect_answers": [
                "Isthmus of Suez",
                "Urals",
                "Australasia"
            ],
            "question": "What is the land connecting North America and South America?",
            "type": "multiple"
        },
        {
            "category": "Entertainment: Japanese Anime & Manga",
            "correct_answer": "2013",
            "difficulty": "easy",
            "incorrect_answers": [
                "2014",
                "2012",
                "2015"
            ],
            "question": "What year did &quot;Attack on Titan&quot; first air?",
            "type": "multiple"
        },
        {
            "category": "Entertainment: Video Games",
            "correct_answer": "Lucio",
            "difficulty": "easy",
            "incorrect_answers": [
                "Reinhardt",
                "Sombra",
                "Mercy"
            ],
            "question": "In &quot;Overwatch&quot;, which hero is able to wallride?",
            "type": "multiple"
        },
        {
            "category": "Entertainment: Film",
            "correct_answer": "Stewjon",
            "difficulty": "hard",
            "incorrect_answers": [
                "Alderaan",
                "Tatooine",
                "Naboo"
            ],
            "question": "According to &quot;Star Wars&quot; lore, which planet does Obi-Wan Kenobi come from?",
            "type": "multiple"
        },
        {
            "category": "Geography",
            "correct_answer": "False",
            "difficulty": "easy",
            "incorrect_answers": [
                "True"
            ],
            "question": "Hungary is the only country in the world beginning with H.",
            "type": "boolean"
        },
        {
            "category": "Entertainment: Film",
            "correct_answer": "Isla Sorna",
            "difficulty": "medium",
            "incorrect_answers": [
                "Isla Nublar",
                "Isla Pena",
                "Isla Muerta"
            ],
            "question": "In the &quot;Jurassic Park&quot; universe, what is the name of the island that contains InGen&#039;s Site B?",
            "type": "multiple"
        },
        {
            "category": "Entertainment: Television",
            "correct_answer": "The Cylons",
            "difficulty": "medium",
            "incorrect_answers": [
                "The Collective",
                "The Federation",
                "The Rebels"
            ],
            "question": "What is the name of the main antagonists in Battlestar Galactica?",
            "type": "multiple"
        },
        {
            "category": "Sports",
            "correct_answer": "1961",
            "difficulty": "medium",
            "incorrect_answers": [
                "1965",
                "1959",
                "1963"
            ],
            "question": "What year was hockey legend Wayne Gretzky born?",
            "type": "multiple"
        },
        {
            "category": "Entertainment: Music",
            "correct_answer": "Viktor Tsoi",
            "difficulty": "hard",
            "incorrect_answers": [
                "Jimi Hendrix",
                "Brian Jones",
                "Vladimir Vysotsky"
            ],
            "question": "What was the name of the cold-war singer who has a song in Grand Theft Auto IV, and a wall landmark in Moscow for his memorial?",
            "type": "multiple"
        },
        {
            "category": "Entertainment: Television",
            "correct_answer": "William Hartnell",
            "difficulty": "easy",
            "incorrect_answers": [
                "David Tennant",
                "Peter Capaldi",
                "Tom Baker"
            ],
            "question": "Who was the first ever actor to play &quot;The Doctor&quot; on &quot;Doctor Who&quot;?",
            "type": "multiple"
        },
        {
            "category": "Science & Nature",
            "correct_answer": "Hippocampus",
            "difficulty": "medium",
            "incorrect_answers": [
                "Cerebellum",
                "Thalamus",
                "Amygdala"
            ],
            "question": "What part of the brain takes its name from the Greek for seahorse?",
            "type": "multiple"
        },
        {
            "category": "General Knowledge",
            "correct_answer": "An Australian State",
            "difficulty": "easy",
            "incorrect_answers": [
                "A flavor of Ben and Jerry&#039;s ice-cream",
                "A Psychological Disorder",
                "The Name of a Warner Brothers Cartoon Character"
            ],
            "question": "What is Tasmania?",
            "type": "multiple"
        }
    ]
}