{
    "response_code": 0,
    "results": [
        {
            "category": "Animals",
            "correct_answer": "Toad",
            "difficulty": "medium",
            "incorrect_answers": [
                "Bird",
                "Fish",
                "Insect"
            ],
            "question": "What type of animal is a natterjack?",
            "type": "multiple"
        },
        {
            "category": "Mythology",
            "correct_answer": "Athena",
            "difficulty": "medium",
            "incorrect_answers": [
                "Ares",
                "Artemis",
                "Apollo"
            ],
            "question": "This Greek mythological figure is the god/goddess of battle strategy (among other things).",
            "type": "multiple"
        },
        {
            "category": "Entertainment: Video Games",
            "correct_answer": "Raiden",
            "difficulty": "medium",
            "incorrect_answers": [
                "Solidus Snake",
                "Big Boss",
                "Venom Snake"
            ],
            "question": "What is the main character of Metal Gear Solid 2?",
            "type": "multiple"
        },
        {
            "category": "Sports",
            "correct_answer": "Leicester City",
            "difficulty": "easy",
            "incorrect_answers": [
                "Northampton Town",
                "Bradford City",
                "West Bromwich Albion"
            ],
            "question": "Which English football club has the nickname &#039;The Foxes&#039;?",
            "type": "multiple"
        },
        {
            "category": "Science & Nature",
            "correct_answer": "Hg",
            "difficulty": "easy",
            "incorrect_answers": [
                "Me",
                "Mc",
                "Hy"
            ],
            "question": "What is the elemental symbol for mercury?",
            "type": "multiple"
        },
        {
            "category": "Geography",
            "correct_answer": "Uzbekistan",
            "difficulty": "medium",
            "incorrect_answers": [
                "Switzerland",
                "Bolivia",
                "Ethiopia"
            ],
            "question": "Which of these countries is &quot;doubly landlocked&quot; (surrounded entirely by one or more landlocked countries)?",
            "type": "multiple"
        },
        {
            "category": "Geography",
            "correct_answer": "26",
            "difficulty": "medium",
            "incorrect_answers": [
                "32",
                "28",
                "30"
            ],
            "question": "How many counties in the Republic of Ireland.",
            "type": "multiple"
        },
        {
            "category": "Science & Nature",
            "correct_answer": "Eight",
            "difficulty": "easy",
            "incorrect_answers": [
                "Nine",
                "Seven",
                "Ten"
            ],
            "question": "How many planets are in our Solar System?",
            "type": "multiple"
        },
        {
            "category": "Entertainment: Music",
            "correct_answer": "Chris Martin",
            "difficulty": "easy",
            "incorrect_answers": [
                "Chris Isaak",
                "Chris Wallace",
                "Chris Connelly"
            ],
            "question": "Who is the lead singer of the band Coldplay?",
            "type": "multiple"
        },
        {
            "category": "Entertainment: Music",
            "correct_answer": "Recess",
            "difficulty": "easy",
            "incorrect_answers": [
                "All is Fair in Love and Brostep",
                "Rock N Roll (Will Take You to the Mountain)",
                "Scary Monsters and Nice Sprites"
            ],
            "question": "Which of these songs by Skrillex features Fatman Scoop as a side artist?",
            "type": "multiple"
        },
        {
            "category": "General Knowledge",
            "correct_answer": "False",
            "difficulty": "easy",
            "incorrect_answers": [
                "True"
            ],
            "question": "Nutella is produced by the German company Ferrero.",
            "type": "boolean"
        },
        {
            "category": "Entertainment: Video Games",
            "correct_answer": "Mark Hamill",
            "difficulty": "medium",
            "incorrect_answers": [
                "Jason Dohring",
                "Jesse McCartney",
                "Haley Joel Osment"
            ],
            "question": "In the Kingdom Heart series who provides the english voice for Master Eraqus?",
            "type": "multiple"
        },
        {
            "category": "General Knowledge",
            "correct_answer": "Daniel Ek",
            "difficulty": "medium",
            "incorrect_answers": [
                "Sean Parker",
                "Felix Miller",
                "Michael Breidenbruecker"
            ],
            "question": "Who is a co-founder of music streaming service Spotify?",
            "type": "multiple"
        },
        {
            "category": "Entertainment: Video Games",
            "correct_answer": "Head",
            "difficulty": "easy",
            "incorrect_answers": [
                "Arm",
                "Leg",
                "Chest"
            ],
            "question": "In most FPS video games such as Counter-Strike, shooting which part of the body does the highest damage?",
            "type": "multiple"
        },
        {
            "category": "Science & Nature",
            "correct_answer": "Sphenopalatine Ganglioneuralgia",
            "difficulty": "hard",
            "incorrect_answers": [
                "Hyacinthoides Italica",
                "Amaranthus Retroflexus",
                "Amblyomma Americanum"
            ],
            "question": "Which one of these is scientific term for &quot;Brain Freeze&quot;?",
            "type": "multiple"
        },
        {
            "category": "History",
            "correct_answer": "True",
            "difficulty": "hard",
            "incorrect_answers": [
                "False"
            ],
            "question": "The fourth funnel of the RMS Titanic was fake designed to make the ship look more powerful and symmetrical.",
            "type": "boolean"
        },
        {
            "category": "Entertainment: Video Games",
            "correct_answer": "False",
            "difficulty": "easy",
            "incorrect_answers": [
                "True"
            ],
            "question": "The PlayStation was originally a joint project between Sega and Sony that was a Sega Genesis with a disc drive.",
            "type": "boolean"
        },
        {
            "category": "Entertainment: Video Games",
            "correct_answer": "Lucas",
            "difficulty": "medium",
            "incorrect_answers": [
                "Mega Man",
                "Meta Knight",
                "Diddy Kong"
            ],
            "question": "Which of the following characters were considered for inclusion in Super Smash Bros. Melee?",
            "type": "multiple"
        },
        {
            "category": "General Knowledge",
            "correct_answer": "Omega",
            "difficulty": "medium",
            "incorrect_answers": [
                "Mu",
                "Epsilon",
                "Kappa"
            ],
            "question": "What is the last letter of the Greek alphabet?",
            "type": "multiple"
        },
        {
            "category": "Entertainment: Music",
            "correct_answer": "Duran Duran",
            "difficulty": "easy",
            "incorrect_answers": [
                "The Cure",
                "New Order",
                "Depeche Mode"
            ],
            "question": "Which band released songs suchs as &quot;Rio&quot;, &quot;Girls on Film&quot;, and &quot;The Reflex&quot;?",
            "type": "multiple"
        },
        {
            "category": "General Knowledge",
            "correct_answer": "False",
            "difficulty": "hard",
            "incorrect_answers": [
                "True"
            ],
            "question": "Pluto is a planet.",
            "type": "boolean"
        },
        {
            "category": "Geography",
            "correct_answer": "True",
            "difficulty": "medium",
            "incorrect_answers": [
                "False"
            ],
            "question": "Antarctica is the largest desert in the world.",
            "type": "boolean"
        },
        {
            "category": "Entertainment: Music",
            "correct_answer": "Tuba",
            "difficulty": "easy",
            "incorrect_answers": [
                "Trombone",
                "Contrabass",
                "Bassoon"
            ],
            "question": "In an orchestra, what is the lowest member of the brass family?",
            "type": "multiple"
        },
        {
            "category": "History",
            "correct_answer": "The Columbian Exchange",
            "difficulty": "medium",
            "incorrect_answers": [
                "Triangle Trade",
                "Transatlantic Slave Trade",
                "The Silk Road"
            ],
            "question": "What was the transfer of disease, crops, and people across the Atlantic shortly after the discovery of the Americas called?",
            "type": "multiple"
        },
        {
            "category": "Entertainment: Video Games",
            "correct_answer": "Terraforming",
            "difficulty": "medium",
            "incorrect_answers": [
                "Building",
                "Crafting",
                "Multiplayer"
            ],
            "question": "In the game &quot;Subnautica&quot;, which feature was removed due to performance issues in 2016?",
            "type": "multiple"
        },
        {
            "category": "Entertainment: Board Games",
            "correct_answer": "Atlantic City, New Jersey",
            "difficulty": "easy",
            "incorrect_answers": [
                "Las Vegas, Nevada",
                "Duluth, Minnesota",
                "Charleston, South Carolina"
            ],
            "question": "The board game Monopoly takes its street names from which real American city?",
            "type": "multiple"
        },
        {
            "category": "Entertainment: Music",
            "correct_answer": "Earth",
            "difficulty": "easy",
            "incorrect_answers": [
                "Venus",
                "Mars",
                "Uranus"
            ],
            "question": "According to a song by Belinda Carlisle, Heaven is a place on what?",
            "type": "multiple"
        },
        {
            "category": "Entertainment: Film",
            "correct_answer": "Air",
            "difficulty": "easy",
            "incorrect_answers": [
                "The Schwartz",
                "Princess Lonestar",
                "Meatballs"
            ],
            "question": "In the movie &quot;Spaceballs&quot;, what are the Spaceballs attempting to steal from Planet Druidia?",
            "type": "multiple"
        },
        {
            "category": "Entertainment: Music",
            "correct_answer": "Sweden",
            "difficulty": "medium",
            "incorrect_answers": [
                "Finland",
                "Denmark",
                "Norway"
            ],
            "question": "Which country does the electronic music duo &quot;The Knife&quot; originate from?",
            "type": "multiple"
        },
        {
            "category": "Geography",
            "correct_answer": "1,776 ft",
            "difficulty": "medium",
            "incorrect_answers": [
                "1,888 ft",
                "1,225 ft",
                "1,960 ft"
            ],
            "question": "How tall is One World Trade Center in New York City?",
            "type": "multiple"
        },
        {
            "category": "Vehicles",
            "correct_answer": "Faulty ignition switch",
            "difficulty": "hard",
            "incorrect_answers": [
                "Malfunctioning gas pedal",
                "Breaking fuel lines",
                "Faulty brake pads"
            ],
            "question": "In 2014, over 6 million General Motors vehicles were recalled due to what critical flaw?",
            "type": "multiple"
        },
        {
            "category": "Entertainment: Video Games",
            "correct_answer": "4",
            "difficulty": "easy",
            "incorrect_answers": [
                "6",
                "5",
                "3"
            ],
            "question": "In &quot;Mario &amp; Sonic at the Olympic Games&quot;, characters are split into how many types?",
            "type": "multiple"
        },
        {
            "category": "Entertainment: Film",
            "correct_answer": "Doug Bradley",
            "difficulty": "medium",
            "incorrect_answers": [
                "Doug Jones",
                "Doug Savant",
                "Doug Benson"
            ],
            "question": "Who played the Cenobite called &quot;Pinhead&quot; in the original Hellraiser films?",
            "type": "multiple"
        },
        {
            "category": "Politics",
            "correct_answer": "Donald Trump",
            "difficulty": "easy",
            "incorrect_answers": [
                "Barack Obama",
                "Bill Clinton",
                "George Bush"
            ],
            "question": "Who was the 45th President of the United States?",
            "type": "multiple"
        },
        {
            "category": "Entertainment: Video Games",
            "correct_answer": "8",
            "difficulty": "hard",
            "incorrect_answers": [
                "6",
                "10",
                "12"
            ],
            "question": "How many voice channels does the Super Nintendo Entertainment System support?",
            "type": "multiple"
        },
        {
            "category": "Entertainment: Film",
            "correct_answer": "Replicants",
            "difficulty": "easy",
            "incorrect_answers": [
                "Cylons",
                "Synthetics",
                "Skinjobs"
            ],
            "question": "In the movie &quot;Blade Runner&quot;, what is the term used for human-like androids ?",
            "type": "multiple"
        },
        {
            "category": "Entertainment: Video Games",
            "correct_answer": "J.K. Simmons",
            "difficulty": "easy",
            "incorrect_answers": [
                "Nolan North",
                "John Patrick Lowrie",
                "Christopher Lloyd"
            ],
            "question": "Aperture Science CEO Cave Johnson is voiced by which American actor?",
            "type": "multiple"
        },
        {
            "category": "History",
            "correct_answer": "1997",
            "difficulty": "medium",
            "incorrect_answers": [
                "1999",
                "1841",
                "1900"
            ],
            "question": "When did the British hand-over sovereignty of Hong Kong back to China?",
            "type": "multiple"
        },
        {
            "category": "Science: Computers",
            "correct_answer": "Multipurpose Internet Mail Extensions",
            "difficulty": "medium",
            "incorrect_answers": [
                "Mail Internet Mail Exchange",
                "Multipurpose Interleave Mail Exchange",
                "Mail Interleave Method Exchange"
            ],
            "question": "What does the term MIME stand for, in regards to computing?",
            "type": "multiple"
        },
        {
            "category": "General Knowledge",
            "correct_answer": "True",
            "difficulty": "hard",
            "incorrect_answers": [
                "False"
            ],
            "question": "Stagecoach owned &quot;South West Trains&quot; before losing the rights to FirstGroup and MTR in March of 2017.",
            "type": "boolean"
        },
        {
            "category": "Entertainment: Video Games",
            "correct_answer": "The Elder Scrolls IV: Oblivion",
            "difficulty": "medium",
            "incorrect_answers": [
                "The Elder Scrolls V: Skyrim",
                "The Elder Scrolls III: Morrowind ",
                "The Elder Scrolls Online"
            ],
            "question": "Sean Bean voices the character of &quot;Martin Septim&quot; in which Elder Scrolls game?",
            "type": "multiple"
        },
        {
            "category": "Entertainment: Video Games",
            "correct_answer": "March 1986",
            "difficulty": "medium",
            "incorrect_answers": [
                "April 1990",
                "June 2001",
                "August 1956"
            ],
            "question": "When was the video game publisher &quot;Ubisoft&quot; founded ?",
            "type": "multiple"
        },
        {
            "category": "Entertainment: Music",
            "correct_answer": "Axl Rose",
            "difficulty": "medium",
            "incorrect_answers": [
                "Kurt Cobain",
                "Slash",
                "Bono"
            ],
            "question": "Who is the vocalist and frontman of rock band &quot;Guns N&#039; Roses&quot;?",
            "type": "multiple"
        },
        {
            "category": "Entertainment: Music",
            "correct_answer": "Sunset Strip",
            "difficulty": "medium",
            "incorrect_answers": [
                "Rattle That Lock",
                "Blue Light",
                "Arnold Layne"
            ],
            "question": "Which of these is not a single by Pink Floyd guitarist, David Gilmour?",
            "type": "multiple"
        },
        {
            "category": "Entertainment: Music",
            "correct_answer": "Jeff Lynne&#039;s Electric Light Orchestra",
            "difficulty": "medium",
            "incorrect_answers": [
                "The Rolling Stones",
                "Pink Floyd",
                "The Who"
            ],
            "question": "Which artist or group did John Lennon consider &quot;son(s) of the Beatles&quot;?",
            "type": "multiple"
        },
        {
            "category": "Entertainment: Video Games",
            "correct_answer": "August 24, 1996",
            "difficulty": "hard",
            "incorrect_answers": [
                "December 26, 1994",
                "March 22, 1997",
                "March 13, 1997"
            ],
            "question": "When was the Valve Corporation founded?",
            "type": "multiple"
        },
        {
            "category": "Celebrities",
            "correct_answer": "Gregg Turkington",
            "difficulty": "easy",
            "incorrect_answers": [
                "Nathan Fielder",
                "Tim Heidecker",
                "Todd Glass"
            ],
            "question": "Neil Hamburger is played by which comedian?",
            "type": "multiple"
        },
        {
            "category": "Entertainment: Books",
            "correct_answer": "June",
            "difficulty": "hard",
            "incorrect_answers": [
                "August",
                "April",
                "May"
            ],
            "question": "In Margaret Atwood&#039;s &quot;The Handmaid&#039;s Tale&quot;, what is Offred&#039;s real name is implied to be?",
            "type": "multiple"
        },
        {
            "category": "Science & Nature",
            "correct_answer": "Honey Fungus",
            "difficulty": "medium",
            "incorrect_answers": [
                "Blue Whale",
                "Redwood Tree",
                "The Coral Reef"
            ],
            "question": "What is the largest living organism currently known to man?",
            "type": "multiple"
        },
        {
            "category": "History",
            "correct_answer": "Royal Mail Ship",
            "difficulty": "hard",
            "incorrect_answers": [
                "Royal Majesty Service",
                "Regular Maritime Schedule ",
                "Regulated Maelstrom Sensor"
            ],
            "question": "What did the abbreviation &quot;RMS&quot; stand for in the RMS Titanic in 1912?",
            "type": "multiple"
        }
    ]
}