{
    "response_code": 0,
    "results": [
        {
            "category": "Entertainment: Television",
            "correct_answer": "Dexter",
            "difficulty": "medium",
            "incorrect_answers": [
                "Marvel&#039;s Daredevil",
                "Boardwalk Empire",
                "The Walking Dead"
            ],
            "question": "From what show is the character &quot;James Doakes&quot;? ",
            "type": "multiple"
        },
        {
            "category": "Sports",
            "correct_answer": "Putney",
            "difficulty": "medium",
            "incorrect_answers": [
                "Hammersmith",
                "Vauxhall ",
                "Battersea"
            ],
            "question": "At which bridge does the annual Oxford and Cambridge boat race start?",
            "type": "multiple"
        },
        {
            "category": "Animals",
            "correct_answer": "False",
            "difficulty": "medium",
            "incorrect_answers": [
                "True"
            ],
            "question": "The Ceratosaurus, a dinosaur known for having a horn on the top of its nose, is also known to be a decendent of the Tyrannosaurus Rex.",
            "type": "boolean"
        },
        {
            "category": "Entertainment: Music",
            "correct_answer": "88",
            "difficulty": "medium",
            "incorrect_answers": [
                "24",
                "12",
                "96"
            ],
            "question": "Typically, how many keys are on a piano?",
            "type": "multiple"
        },
        {
            "category": "Geography",
            "correct_answer": "Four",
            "difficulty": "medium",
            "incorrect_answers": [
                "Two",
                "Three",
                "One"
            ],
            "question": "How many countries are inside the United Kingdom?",
            "type": "multiple"
        },
        {
            "category": "Geography",
            "correct_answer": "Jakarta",
            "difficulty": "easy",
            "incorrect_answers": [
                "Bandung",
                "Medan",
                "Palembang"
            ],
            "question": "What is the capital of Indonesia?",
            "type": "multiple"
        },
        {
            "category": "Geography",
            "correct_answer": "Yugoslavia",
            "difficulty": "medium",
            "incorrect_answers": [
                "Czechoslovakia",
                "Abkhazia",
                "South Ossetia"
            ],
            "question": "What is the name of the former country that was succeeded by countries such as Serbia, Croatia and Slovenia?",
            "type": "multiple"
        },
        {
            "category": "Science: Mathematics",
            "correct_answer": "D",
            "difficulty": "medium",
            "incorrect_answers": [
                "L",
                "C",
                "X"
            ],
            "question": "What is the Roman numeral for 500?",
            "type": "multiple"
        },
        {
            "category": "General Knowledge",
            "correct_answer": "India",
            "difficulty": "hard",
            "incorrect_answers": [
                "Papua New Guinea",
                "Ethiopia",
                "China"
            ],
            "question": "The words &quot;bungalow&quot; and &quot;shampoo&quot; originate from the languages of which country?",
            "type": "multiple"
        },
        {
            "category": "Science: Computers",
            "correct_answer": "Nougat",
            "difficulty": "easy",
            "incorrect_answers": [
                "Ice Cream Sandwich",
                "Jelly Bean",
                "Marshmallow"
            ],
            "question": "What is the code name for the mobile operating system Android 7.0?",
            "type": "multiple"
        },
        {
            "category": "Geography",
            "correct_answer": "Switzerland",
            "difficulty": "medium",
            "incorrect_answers": [
                "United Kingdom",
                "France",
                "Belgium"
            ],
            "question": "The World Health Organization headquarters is located in which European country?",
            "type": "multiple"
        },
        {
            "category": "Science: Computers",
            "correct_answer": "True",
            "difficulty": "easy",
            "incorrect_answers": [
                "False"
            ],
            "question": "RAM stands for Random Access Memory.",
            "type": "boolean"
        },
        {
            "category": "Science: Computers",
            "correct_answer": "New Mexico",
            "difficulty": "medium",
            "incorrect_answers": [
                "Washington",
                "Colorado",
                "Arizona"
            ],
            "question": "While Apple was formed in California, in which western state was Microsoft founded?",
            "type": "multiple"
        },
        {
            "category": "Art",
            "correct_answer": "Salvador Dali",
            "difficulty": "easy",
            "incorrect_answers": [
                "Jackson Pollock",
                "Vincent van Gogh",
                "Edgar Degas"
            ],
            "question": "Who painted &quot;Swans Reflecting Elephants&quot;, &quot;Sleep&quot;, and &quot;The Persistence of Memory&quot;?",
            "type": "multiple"
        },
        {
            "category": "Entertainment: Music",
            "correct_answer": "12",
            "difficulty": "easy",
            "incorrect_answers": [
                "19",
                "21",
                "25"
            ],
            "question": "Which of these is NOT the name of an album released by English singer-songwriter Adele?",
            "type": "multiple"
        },
        {
            "category": "General Knowledge",
            "correct_answer": "Feiji",
            "difficulty": "hard",
            "incorrect_answers": [
                "Qiche",
                "Zongxian",
                "Huojian"
            ],
            "question": "What is the romanized Chinese word for &quot;airplane&quot;?",
            "type": "multiple"
        },
        {
            "category": "General Knowledge",
            "correct_answer": "False",
            "difficulty": "medium",
            "incorrect_answers": [
                "True"
            ],
            "question": "The term &quot;Spam&quot; came before the food product &quot;Spam&quot;.",
            "type": "boolean"
        },
        {
            "category": "Entertainment: Music",
            "correct_answer": "Du Riechst So Gut",
            "difficulty": "medium",
            "incorrect_answers": [
                "Du Hast",
                "Benzin",
                "Mein Teil"
            ],
            "question": "Which one of these Rammstein songs has two official music videos?",
            "type": "multiple"
        },
        {
            "category": "Entertainment: Japanese Anime & Manga",
            "correct_answer": "8",
            "difficulty": "medium",
            "incorrect_answers": [
                "6",
                "4",
                "3"
            ],
            "question": "The manga JoJo&#039;s Bizarre Adventure is split into how many parts?",
            "type": "multiple"
        },
        {
            "category": "History",
            "correct_answer": "True",
            "difficulty": "medium",
            "incorrect_answers": [
                "False"
            ],
            "question": "In 1967, a magazine published a story about extracting hallucinogenic chemicals from bananas to raise moral questions about banning drugs.",
            "type": "boolean"
        },
        {
            "category": "Science & Nature",
            "correct_answer": "False",
            "difficulty": "medium",
            "incorrect_answers": [
                "True"
            ],
            "question": "Centripedal force is an apparent force that acts outward on a body moving around a center, arising from the body&#039;s inertia.",
            "type": "boolean"
        },
        {
            "category": "Entertainment: Television",
            "correct_answer": "Amazon",
            "difficulty": "easy",
            "incorrect_answers": [
                "Netflix",
                "BBC",
                "CCTV"
            ],
            "question": "Which company has exclusive rights to air episodes of the &quot;The Grand Tour&quot;?",
            "type": "multiple"
        },
        {
            "category": "Entertainment: Video Games",
            "correct_answer": "7",
            "difficulty": "easy",
            "incorrect_answers": [
                "5",
                "6",
                "8"
            ],
            "question": "How many differently shaped Tetris pieces are there?",
            "type": "multiple"
        },
        {
            "category": "Entertainment: Television",
            "correct_answer": "Essos",
            "difficulty": "easy",
            "incorrect_answers": [
                "Easteros",
                "Westereast",
                "Esuntos"
            ],
            "question": "In Game of Thrones, what continent lies across the Narrow Sea from Westeros?",
            "type": "multiple"
        },
        {
            "category": "Science & Nature",
            "correct_answer": "O3",
            "difficulty": "hard",
            "incorrect_answers": [
                "C6H2O6",
                "N2O",
                "SO4"
            ],
            "question": "What is the molecular formula of Ozone?",
            "type": "multiple"
        },
        {
            "category": "Entertainment: Comics",
            "correct_answer": "1970",
            "difficulty": "hard",
            "incorrect_answers": [
                "2000",
                "1990",
                "1985"
            ],
            "question": "What year was the first San Diego Comic-Con?",
            "type": "multiple"
        },
        {
            "category": "Entertainment: Video Games",
            "correct_answer": "True",
            "difficulty": "easy",
            "incorrect_answers": [
                "False"
            ],
            "question": "In the game Dead by Daylight, the killer Michael Myers is refered to as &quot;The Shape&quot;.",
            "type": "boolean"
        },
        {
            "category": "History",
            "correct_answer": "1066",
            "difficulty": "hard",
            "incorrect_answers": [
                "911",
                "1204",
                "1420"
            ],
            "question": "The Battle of Hastings was fought in which year?",
            "type": "multiple"
        },
        {
            "category": "Geography",
            "correct_answer": "Port of Rotterdam",
            "difficulty": "medium",
            "incorrect_answers": [
                "Port of Antwerp",
                "Port of Hamburg",
                "Port of Amsterdam"
            ],
            "question": "What is the busiest port in Europe?",
            "type": "multiple"
        },
        {
            "category": "Entertainment: Film",
            "correct_answer": "Between Episode 3 and 4",
            "difficulty": "easy",
            "incorrect_answers": [
                "After Episode 6",
                "Before Episode 1",
                "Between Episode 4 and 5"
            ],
            "question": "When does &quot;Rogue One: A Star Wars Story&quot; take place chronologically in the series?",
            "type": "multiple"
        },
        {
            "category": "Entertainment: Video Games",
            "correct_answer": "58",
            "difficulty": "hard",
            "incorrect_answers": [
                "48",
                "51",
                "55"
            ],
            "question": "How many playable characters are there in Super Smash Bros. for Nintendo 3DS and Wii U?",
            "type": "multiple"
        },
        {
            "category": "Entertainment: Television",
            "correct_answer": "Helen Wood",
            "difficulty": "easy",
            "incorrect_answers": [
                "Christopher Hall",
                "Pauline Bennett",
                "Pavandeep &quot;Pav&quot; Paul"
            ],
            "question": "Who won Big Brother 2014 UK?",
            "type": "multiple"
        },
        {
            "category": "Entertainment: Film",
            "correct_answer": "Boomstick",
            "difficulty": "easy",
            "incorrect_answers": [
                "Bloomstick",
                "Blastbranch",
                "2-Pump Chump"
            ],
            "question": "In the 1992 film &quot;Army of Darkness&quot;, what name does Ash give to his double-barreled shotgun?",
            "type": "multiple"
        },
        {
            "category": "Entertainment: Video Games",
            "correct_answer": "November 17, 2009",
            "difficulty": "easy",
            "incorrect_answers": [
                "May 3, 2008",
                "November 30, 2009",
                "June 30, 2010"
            ],
            "question": "When was Left 4 Dead 2 released?",
            "type": "multiple"
        },
        {
            "category": "Science: Computers",
            "correct_answer": "False",
            "difficulty": "easy",
            "incorrect_answers": [
                "True"
            ],
            "question": "Linux was first created as an alternative to Windows XP.",
            "type": "boolean"
        },
        {
            "category": "Entertainment: Video Games",
            "correct_answer": "True",
            "difficulty": "medium",
            "incorrect_answers": [
                "False"
            ],
            "question": "In the video game &quot;Transistor&quot;, &quot;Red&quot; is the name of the main character.",
            "type": "boolean"
        },
        {
            "category": "Politics",
            "correct_answer": " Concentration of power and authority in a central organization.",
            "difficulty": "hard",
            "incorrect_answers": [
                "Conforming to one single common political agenda.",
                "Remaining politically neutral.",
                "The grey area in the spectrum of political left and right."
            ],
            "question": "What is centralism?",
            "type": "multiple"
        },
        {
            "category": "General Knowledge",
            "correct_answer": "A flag",
            "difficulty": "medium",
            "incorrect_answers": [
                "A rope",
                "A window",
                "A type of food"
            ],
            "question": "What is a Burgee?",
            "type": "multiple"
        },
        {
            "category": "Entertainment: Comics",
            "correct_answer": "Joani",
            "difficulty": "hard",
            "incorrect_answers": [
                "Ethel",
                "Debbi",
                "Margret"
            ],
            "question": "In the &quot;Archie&quot; comics, who was Jughead&#039;s first girlfriend?",
            "type": "multiple"
        },
        {
            "category": "Entertainment: Video Games",
            "correct_answer": "Bansai Ichiyanagi",
            "difficulty": "hard",
            "incorrect_answers": [
                "Manfred Von Karma",
                "Gregory Edgeworth",
                "Tateyuki Shigaraki"
            ],
            "question": "In the &quot;Ace Attorney&quot; series, who was the truly responsible of the forging of the autopsy report of the pivotal IS-7 incident?",
            "type": "multiple"
        },
        {
            "category": "Politics",
            "correct_answer": "Julius",
            "difficulty": "medium",
            "incorrect_answers": [
                "Donald Jr.",
                "Ivanka",
                "Eric"
            ],
            "question": "Which of these is NOT one of Donald Trump&#039;s children?",
            "type": "multiple"
        },
        {
            "category": "Entertainment: Japanese Anime & Manga",
            "correct_answer": "Naruto: Shipp\u016bden",
            "difficulty": "medium",
            "incorrect_answers": [
                "One Piece",
                "Naruto",
                "Gurren Lagann"
            ],
            "question": "&quot;Silhouette&quot;, a song performed by the group &#039;KANA-BOON&#039; is featured as the sixteenth opening of which anime?",
            "type": "multiple"
        },
        {
            "category": "Entertainment: Video Games",
            "correct_answer": "Treyarch",
            "difficulty": "easy",
            "incorrect_answers": [
                "Sledgehammer Games",
                "Infinity Ward",
                "Naughty Dog"
            ],
            "question": "What is the name of the game developer who created &quot;Call Of Duty: Zombies&quot;?",
            "type": "multiple"
        },
        {
            "category": "Entertainment: Video Games",
            "correct_answer": "Sal DeLuca and Finn O&#039;Leary",
            "difficulty": "hard",
            "incorrect_answers": [
                "Richtofen",
                "Al Arlington and Sal DeLuca",
                "Jessica Rose and Jack Vincent"
            ],
            "question": "In &quot;Call Of Duty: Zombies&quot;, &quot;Richtofen&quot; is in possession of two filled blood vials belonging to who?",
            "type": "multiple"
        },
        {
            "category": "Mythology",
            "correct_answer": "Narcissus",
            "difficulty": "medium",
            "incorrect_answers": [
                "Clotho",
                "Atropos",
                "Lachesis"
            ],
            "question": "Which of the following is not one of the Greek Fates?",
            "type": "multiple"
        },
        {
            "category": "Science: Computers",
            "correct_answer": "Injection ",
            "difficulty": "hard",
            "incorrect_answers": [
                "Broken Authentication",
                "Cross-Site Scripting",
                "Insecure Direct Object References"
            ],
            "question": "What vulnerability ranked #1 on the OWASP Top 10 in 2013?",
            "type": "multiple"
        },
        {
            "category": "Entertainment: Video Games",
            "correct_answer": "Belushya Guba",
            "difficulty": "medium",
            "incorrect_answers": [
                "Yasnaya Polyana",
                "Pochinki",
                "Georgopol"
            ],
            "question": "Which of these is NOT a name of a city in the main island of PLAYERUNKNOWN&#039;S BATTLEGROUNDS?",
            "type": "multiple"
        },
        {
            "category": "Entertainment: Books",
            "correct_answer": " Osteogenesis Imperfecta",
            "difficulty": "hard",
            "incorrect_answers": [
                "Spinocerebellar ataxia",
                "Adrenoleukodystrophy",
                "Cystic Fibrosis"
            ],
            "question": "In the book series &quot;Odd Thomas&quot;, Danny Jessup has what genetic disease? ",
            "type": "multiple"
        },
        {
            "category": "Animals",
            "correct_answer": "Gooty",
            "difficulty": "hard",
            "incorrect_answers": [
                "Hopper",
                "Silver Stripe",
                "Woebegone"
            ],
            "question": "Which of the following is another name for the &quot;Poecilotheria Metallica Tarantula&quot;?",
            "type": "multiple"
        },
        {
            "category": "General Knowledge",
            "correct_answer": "Bergamot oil",
            "difficulty": "medium",
            "incorrect_answers": [
                "Lavender",
                "Vanilla",
                "Honey"
            ],
            "question": "Earl Grey tea is black tea flavoured with what?",
            "type": "multiple"
        }
    ]
}