{
    "response_code": 0,
    "results": [
        {
            "category": "Entertainment: Film",
            "correct_answer": "&quot;Frankly, my dear, I don&#039;t give a damn.&quot;",
            "difficulty": "medium",
            "incorrect_answers": [
                "&quot;Here&#039;s lookin&#039; at you, kid.&quot;",
                "&ldquo;Of all the gin joints, in all the towns, in all the world, she walks into mine&hellip;&rdquo;",
                "&quot;Round up the usual suspects.&quot;"
            ],
            "question": "Which of the following is NOT a quote from the 1942 film Casablanca? ",
            "type": "multiple"
        },
        {
            "category": "Sports",
            "correct_answer": "Hammer",
            "difficulty": "hard",
            "incorrect_answers": [
                "Wrench",
                "Drill",
                "Screwdriver"
            ],
            "question": "What tool lends it&#039;s name to a last-stone advantage in an end in Curling?",
            "type": "multiple"
        },
        {
            "category": "Science: Mathematics",
            "correct_answer": "The Letter A",
            "difficulty": "medium",
            "incorrect_answers": [
                "10",
                "The Number 0",
                "16"
            ],
            "question": "In the hexadecimal system, what number comes after 9?",
            "type": "multiple"
        },
        {
            "category": "Entertainment: Comics",
            "correct_answer": "Scarecrow",
            "difficulty": "hard",
            "incorrect_answers": [
                "Bane",
                "Calendar Man",
                "Clayface"
            ],
            "question": "In the Batman comics, by what other name is the villain Dr. Jonathan Crane known?",
            "type": "multiple"
        },
        {
            "category": "Entertainment: Music",
            "correct_answer": "Goodbye Yellow Brick Road",
            "difficulty": "medium",
            "incorrect_answers": [
                "Rocket Man",
                "Bennie and the Jets",
                "Crocodile Rock"
            ],
            "question": "Which Elton John hit starts with the line &quot;When are you gonna come down&quot;?",
            "type": "multiple"
        },
        {
            "category": "General Knowledge",
            "correct_answer": "True",
            "difficulty": "medium",
            "incorrect_answers": [
                "False"
            ],
            "question": "&quot;Typewriter&quot; is the longest word that can be typed using only the first row on a QWERTY keyboard.",
            "type": "boolean"
        },
        {
            "category": "General Knowledge",
            "correct_answer": "Adi&oacute;s",
            "difficulty": "easy",
            "incorrect_answers": [
                " Hola",
                "Au Revoir",
                "Salir"
            ],
            "question": "How would one say goodbye in Spanish?",
            "type": "multiple"
        },
        {
            "category": "General Knowledge",
            "correct_answer": "Skin",
            "difficulty": "easy",
            "incorrect_answers": [
                "Heart",
                "large Intestine",
                "Liver"
            ],
            "question": "What is the largest organ of the human body?",
            "type": "multiple"
        },
        {
            "category": "Science & Nature",
            "correct_answer": "True",
            "difficulty": "medium",
            "incorrect_answers": [
                "False"
            ],
            "question": "The planet Mars has two moons orbiting it.",
            "type": "boolean"
        },
        {
            "category": "Entertainment: Musicals & Theatres",
            "correct_answer": "Hamlet",
            "difficulty": "medium",
            "incorrect_answers": [
                "Macbeth",
                "King Lear",
                "Twelfth Night"
            ],
            "question": "In which Shakespeare play does the character Marcellus say, &quot;Something is rotten in the state of Denmark&quot;?",
            "type": "multiple"
        },
        {
            "category": "Geography",
            "correct_answer": "Kingston",
            "difficulty": "easy",
            "incorrect_answers": [
                "Rio de Janeiro",
                "Dar es Salaam",
                "Kano"
            ],
            "question": "What is the capital of Jamaica?",
            "type": "multiple"
        },
        {
            "category": "Entertainment: Television",
            "correct_answer": "Mudflap",
            "difficulty": "medium",
            "incorrect_answers": [
                "Skids",
                "Sideswipe",
                "Ratchet"
            ],
            "question": "Which of the following Autobot names in Michael Bay&#039;s movies was NOT a name for a Transformer in the original 1980&#039;s cartoon?",
            "type": "multiple"
        },
        {
            "category": "Science: Mathematics",
            "correct_answer": "False",
            "difficulty": "easy",
            "incorrect_answers": [
                "True"
            ],
            "question": "A universal set, or a set that contains all sets, exists.",
            "type": "boolean"
        },
        {
            "category": "Geography",
            "correct_answer": "Inuktitut",
            "difficulty": "hard",
            "incorrect_answers": [
                "Inuinnaqtun",
                "Greenlandic",
                "Inupiat"
            ],
            "question": "Which of the following Inuit languages was the FIRST to use a unique writing system not based on the Latin alphabet?",
            "type": "multiple"
        },
        {
            "category": "Entertainment: Video Games",
            "correct_answer": "Wings Gaming",
            "difficulty": "easy",
            "incorrect_answers": [
                "Digital Chaos",
                "Evil Geniuses",
                "Fnatic"
            ],
            "question": "Which eSports team came first place in The International Dota 2 Championship 2016?",
            "type": "multiple"
        },
        {
            "category": "Entertainment: Video Games",
            "correct_answer": "False",
            "difficulty": "hard",
            "incorrect_answers": [
                "True"
            ],
            "question": "The first &quot;Metal Gear&quot; game was released for the PlayStation 1.",
            "type": "boolean"
        },
        {
            "category": "General Knowledge",
            "correct_answer": "Potimarron",
            "difficulty": "hard",
            "incorrect_answers": [
                "Brinjal",
                "Guinea Squash",
                "Melongene"
            ],
            "question": "Which of the following is not another name for the eggplant?",
            "type": "multiple"
        },
        {
            "category": "Science & Nature",
            "correct_answer": "Brain",
            "difficulty": "easy",
            "incorrect_answers": [
                "Lungs",
                "Skin",
                "Heart"
            ],
            "question": "Alzheimer&#039;s disease primarily affects which part of the human body?",
            "type": "multiple"
        },
        {
            "category": "Science: Computers",
            "correct_answer": ".tv",
            "difficulty": "easy",
            "incorrect_answers": [
                ".tu",
                ".tt",
                ".tl"
            ],
            "question": "What is the domain name for the country Tuvalu?",
            "type": "multiple"
        },
        {
            "category": "Entertainment: Music",
            "correct_answer": "U2",
            "difficulty": "hard",
            "incorrect_answers": [
                "Radiohead",
                "Rush",
                "Rolling Stones"
            ],
            "question": "Which band is the longest active band in the world with no breaks or line-up changes?",
            "type": "multiple"
        },
        {
            "category": "Entertainment: Japanese Anime & Manga",
            "correct_answer": "AC/DC",
            "difficulty": "medium",
            "incorrect_answers": [
                "Green Day",
                "Survivor",
                "Red Hot Chili Peppers"
            ],
            "question": "Which band name isn&#039;t a Stand in &quot;JoJo&#039;s Bizzare Adventure&quot;?",
            "type": "multiple"
        },
        {
            "category": "Entertainment: Video Games",
            "correct_answer": "Pen Pen TriIcelon",
            "difficulty": "hard",
            "incorrect_answers": [
                "Sylvester &amp; Tweety in Cagey Capers",
                "Perfect Dark",
                "Tetrisphere"
            ],
            "question": "Which game was exclusive to Dreamcast?",
            "type": "multiple"
        },
        {
            "category": "Entertainment: Film",
            "correct_answer": "50 mph",
            "difficulty": "medium",
            "incorrect_answers": [
                "60 mph",
                "40 mph",
                "70 mph"
            ],
            "question": "In the 1994 movie &quot;Speed&quot;, what is the minimum speed the bus must go to prevent to bomb from exploding?",
            "type": "multiple"
        },
        {
            "category": "Geography",
            "correct_answer": "Budapest",
            "difficulty": "medium",
            "incorrect_answers": [
                "Boodapest",
                "Bhudapest",
                "Budapast"
            ],
            "question": "What is the right way to spell the capital of Hungary?",
            "type": "multiple"
        },
        {
            "category": "Science & Nature",
            "correct_answer": "Hydrogen",
            "difficulty": "easy",
            "incorrect_answers": [
                "Helium",
                "Lithium",
                "Oxygen"
            ],
            "question": "Which is the most abundant element in the universe?",
            "type": "multiple"
        },
        {
            "category": "Entertainment: Video Games",
            "correct_answer": "Dagger",
            "difficulty": "easy",
            "incorrect_answers": [
                "Dirk",
                "Garnet",
                "Quina"
            ],
            "question": "What is the default alias that Princess Garnet goes by in Final Fantasy IX?",
            "type": "multiple"
        },
        {
            "category": "Entertainment: Video Games",
            "correct_answer": "Wasp",
            "difficulty": "hard",
            "incorrect_answers": [
                "Raptor",
                "Hornet",
                "Behemoth"
            ],
            "question": "Which car did not appear in the 2002 Lego Game: Drome Racers?",
            "type": "multiple"
        },
        {
            "category": "Entertainment: Music",
            "correct_answer": "Red Special",
            "difficulty": "medium",
            "incorrect_answers": [
                "Blue Special",
                "Green Special",
                "Yellow Special"
            ],
            "question": "What is Brian May&#039;s guitar called?",
            "type": "multiple"
        },
        {
            "category": "Entertainment: Video Games",
            "correct_answer": "Bill",
            "difficulty": "medium",
            "incorrect_answers": [
                "Louis",
                "Francis",
                "Zoey"
            ],
            "question": "Which survivor in Left 4 Dead sacrificed themself to save the other survivors?",
            "type": "multiple"
        },
        {
            "category": "Sports",
            "correct_answer": "False",
            "difficulty": "medium",
            "incorrect_answers": [
                "True"
            ],
            "question": "Formula E is an auto racing series that uses hybrid electric race cars.",
            "type": "boolean"
        },
        {
            "category": "General Knowledge",
            "correct_answer": "Dr. Pepper",
            "difficulty": "medium",
            "incorrect_answers": [
                "Coca-Cola",
                "Sprite",
                "Mountain Dew"
            ],
            "question": "Which of the following carbonated soft drinks were introduced first?",
            "type": "multiple"
        },
        {
            "category": "Geography",
            "correct_answer": "3",
            "difficulty": "easy",
            "incorrect_answers": [
                "2",
                "4",
                "1"
            ],
            "question": "How many countries does Mexico border?",
            "type": "multiple"
        },
        {
            "category": "Science: Computers",
            "correct_answer": "Serbia",
            "difficulty": "medium",
            "incorrect_answers": [
                "Romania",
                "Russia",
                "Rwanda"
            ],
            "question": ".rs is the top-level domain for what country?",
            "type": "multiple"
        },
        {
            "category": "Entertainment: Comics",
            "correct_answer": "Earth-199999",
            "difficulty": "medium",
            "incorrect_answers": [
                "Earth-616",
                "Earth-10005",
                "Earth-2008"
            ],
            "question": "What is the designation given to the Marvel Cinematic Universe?",
            "type": "multiple"
        },
        {
            "category": "Art",
            "correct_answer": "Georges Seurat",
            "difficulty": "medium",
            "incorrect_answers": [
                "Paul C&eacute;zanne",
                "Vincent Van Gogh",
                "Henri Rousseau"
            ],
            "question": "Which artist&#039;s style was to use small different colored dots to create a picture?",
            "type": "multiple"
        },
        {
            "category": "Entertainment: Music",
            "correct_answer": "Dan Smith",
            "difficulty": "medium",
            "incorrect_answers": [
                "Will Farquarson",
                "Kyle Simmons",
                "Chris Wood"
            ],
            "question": "Who is the lead singer of Bastille?",
            "type": "multiple"
        },
        {
            "category": "Entertainment: Video Games",
            "correct_answer": "9999G",
            "difficulty": "medium",
            "incorrect_answers": [
                "7G",
                "40G",
                "12G"
            ],
            "question": "In Undertale, how much do Spider Donuts cost in Hotland?",
            "type": "multiple"
        },
        {
            "category": "Entertainment: Japanese Anime & Manga",
            "correct_answer": "Blank",
            "difficulty": "easy",
            "incorrect_answers": [
                "Immanity",
                "Disboard",
                "Warbeasts"
            ],
            "question": "The two main characters of &quot;No Game No Life&quot;, Sora and Shiro, together go by what name?",
            "type": "multiple"
        },
        {
            "category": "Vehicles",
            "correct_answer": "364",
            "difficulty": "easy",
            "incorrect_answers": [
                "346",
                "376",
                "402"
            ],
            "question": "The LS2 engine is how many cubic inches?",
            "type": "multiple"
        },
        {
            "category": "Entertainment: Japanese Anime & Manga",
            "correct_answer": "Pearl Jam",
            "difficulty": "medium",
            "incorrect_answers": [
                "Red Hot Chili Pepper",
                "Cream Starter",
                "Nut King Call"
            ],
            "question": "Which of the stands from &quot;JoJo&#039;s Bizarre Adventure&quot; mimics the likeness of a tomato?",
            "type": "multiple"
        },
        {
            "category": "Entertainment: Japanese Anime & Manga",
            "correct_answer": "Zebra",
            "difficulty": "medium",
            "incorrect_answers": [
                "Coco",
                "Sunny",
                "Toriko"
            ],
            "question": "In &quot;Toriko&quot;, which of the following Heavenly Kings has an enhanced sense of Hearing?",
            "type": "multiple"
        },
        {
            "category": "Science & Nature",
            "correct_answer": "Myofibrils",
            "difficulty": "hard",
            "incorrect_answers": [
                "Epimysium",
                "Myofiaments",
                "Myocardium"
            ],
            "question": "Muscle fiber is constructed of bundles small long organelles called what?",
            "type": "multiple"
        },
        {
            "category": "Science & Nature",
            "correct_answer": "Drop-slide",
            "difficulty": "hard",
            "incorrect_answers": [
                "Foreshock",
                "Strike-slip",
                "Temblor"
            ],
            "question": "Which of the following is NOT a word used to describe an earthquake?",
            "type": "multiple"
        },
        {
            "category": "Politics",
            "correct_answer": "Saxophone",
            "difficulty": "easy",
            "incorrect_answers": [
                "Baritone horn",
                "Piano",
                "Violin"
            ],
            "question": "Former United States President Bill Clinton famously played which instrument?",
            "type": "multiple"
        },
        {
            "category": "Entertainment: Video Games",
            "correct_answer": "False",
            "difficulty": "medium",
            "incorrect_answers": [
                "True"
            ],
            "question": "In &quot;Call Of Duty: Zombies&quot;, you can upgrade the &quot;Apothicon Servant&quot; in the &quot;Shadows Of Evil&quot; map.",
            "type": "boolean"
        },
        {
            "category": "Entertainment: Video Games",
            "correct_answer": "HRL-7",
            "difficulty": "medium",
            "incorrect_answers": [
                "Heavy Crossbow",
                "Thanatos .50 cal",
                "Broomstick Pistol"
            ],
            "question": "In &quot;PAYDAY 2&quot;, what weapon has the highest base weapon damage on a per-shot basis?",
            "type": "multiple"
        },
        {
            "category": "Entertainment: Video Games",
            "correct_answer": "Showdown",
            "difficulty": "hard",
            "incorrect_answers": [
                "Hadouken",
                "Organ Grinder",
                "Skewer"
            ],
            "question": "In &quot;Team Fortress 2&quot;, what is the fastest taunt kill that can be pulled off?",
            "type": "multiple"
        },
        {
            "category": "Entertainment: Cartoon & Animations",
            "correct_answer": "Grape Ape",
            "difficulty": "medium",
            "incorrect_answers": [
                "Boss Gator",
                "Wally Gator",
                "Yogi Bear"
            ],
            "question": "Which Hanna-Barbera cartoon character travelled with a canine companion named Beegle Beagle?",
            "type": "multiple"
        },
        {
            "category": "Entertainment: Video Games",
            "correct_answer": "Po Town",
            "difficulty": "hard",
            "incorrect_answers": [
                "Heahea City",
                "Tapu Village",
                "Iki Town"
            ],
            "question": "In &quot;Pok&eacute;mon Sun and Moon&quot;, Team Skull took over which town?",
            "type": "multiple"
        },
        {
            "category": "Entertainment: Video Games",
            "correct_answer": "Purple",
            "difficulty": "medium",
            "incorrect_answers": [
                "Red",
                "Yellow",
                "Blue"
            ],
            "question": "In Portal, what color is the Morality Core?",
            "type": "multiple"
        }
    ]
}