{
    "response_code": 0,
    "results": [
        {
            "category": "Entertainment: Television",
            "correct_answer": "Screech",
            "difficulty": "easy",
            "incorrect_answers": [
                "Zack",
                "Mr. Belding",
                "A.C. Slater"
            ],
            "question": "Which character was played by Dustin Diamond in the sitcom &#039;Saved by the Bell&#039;?",
            "type": "multiple"
        },
        {
            "category": "Entertainment: Video Games",
            "correct_answer": "20,000",
            "difficulty": "hard",
            "incorrect_answers": [
                "10,000",
                "15,000",
                "25,000"
            ],
            "question": "In the game &quot;The Sims&quot;, how many Simoleons does each family start with?",
            "type": "multiple"
        },
        {
            "category": "Entertainment: Music",
            "correct_answer": "Eric Clapton",
            "difficulty": "easy",
            "incorrect_answers": [
                "Mark Knopfler",
                "Jeff Beck",
                "Jimmy Page"
            ],
            "question": "Which English guitarist has the nickname &quot;Slowhand&quot;?",
            "type": "multiple"
        },
        {
            "category": "Entertainment: Board Games",
            "correct_answer": "Five",
            "difficulty": "easy",
            "incorrect_answers": [
                "Four",
                "Six",
                "Eight"
            ],
            "question": "How many dice are used in the game of Yahtzee?",
            "type": "multiple"
        },
        {
            "category": "History",
            "correct_answer": "The Napoleonic Wars",
            "difficulty": "medium",
            "incorrect_answers": [
                "The American War of 1812",
                "The Russian Revolution",
                "The Charge of the Light Brigade (Crimean War)"
            ],
            "question": "What historical event was Tchaikovsky&#039;s 1812 Overture referencing?",
            "type": "multiple"
        },
        {
            "category": "Geography",
            "correct_answer": "France",
            "difficulty": "easy",
            "incorrect_answers": [
                "Slovenia",
                "Switzerland",
                "Slovakia"
            ],
            "question": "Which country does Austria not border?",
            "type": "multiple"
        },
        {
            "category": "Geography",
            "correct_answer": "False",
            "difficulty": "easy",
            "incorrect_answers": [
                "True"
            ],
            "question": "San Marino is the only country completely surrounded by another country.",
            "type": "boolean"
        },
        {
            "category": "Entertainment: Video Games",
            "correct_answer": "Marc Laidlaw",
            "difficulty": "easy",
            "incorrect_answers": [
                "Gabe Newell",
                "Robin Walker",
                "Chet Faliszek"
            ],
            "question": "Who is the writer of the game &quot;Half-Life&quot;?",
            "type": "multiple"
        },
        {
            "category": "Entertainment: Music",
            "correct_answer": "Famous",
            "difficulty": "hard",
            "incorrect_answers": [
                "Wolves",
                "Ultralight Beam",
                "Highlights"
            ],
            "question": "Which song in rapper Kanye West&#039;s album &quot;The Life of Pablo&quot; features Rihanna?",
            "type": "multiple"
        },
        {
            "category": "Vehicles",
            "correct_answer": "False",
            "difficulty": "medium",
            "incorrect_answers": [
                "True"
            ],
            "question": "The Japanese Shinkansen beat the French TGV&#039;s speed record for fastest electric rail train.",
            "type": "boolean"
        },
        {
            "category": "Entertainment: Music",
            "correct_answer": "Burial",
            "difficulty": "hard",
            "incorrect_answers": [
                "Caustic Window",
                "Bradley Strider",
                "GAK"
            ],
            "question": "Which of these aliases has NOT been used by electronic musician Aphex Twin?",
            "type": "multiple"
        },
        {
            "category": "Entertainment: Music",
            "correct_answer": "True",
            "difficulty": "medium",
            "incorrect_answers": [
                "False"
            ],
            "question": "Ashley Frangipane performs under the stage name Halsey.",
            "type": "boolean"
        },
        {
            "category": "Entertainment: Video Games",
            "correct_answer": "True",
            "difficulty": "easy",
            "incorrect_answers": [
                "False"
            ],
            "question": "Donkey Kong was originally set to be a Popeye arcade game.",
            "type": "boolean"
        },
        {
            "category": "History",
            "correct_answer": "False",
            "difficulty": "easy",
            "incorrect_answers": [
                "True"
            ],
            "question": "The United States was a member of the League of Nations.",
            "type": "boolean"
        },
        {
            "category": "Geography",
            "correct_answer": "Carson City",
            "difficulty": "medium",
            "incorrect_answers": [
                "Las Vegas",
                "Henderson",
                "Reno"
            ],
            "question": "What is the capital of the US state Nevada?",
            "type": "multiple"
        },
        {
            "category": "Geography",
            "correct_answer": "2",
            "difficulty": "easy",
            "incorrect_answers": [
                "1",
                "3",
                "4"
            ],
            "question": "How many countries does the United States share a land border with?",
            "type": "multiple"
        },
        {
            "category": "History",
            "correct_answer": "Apollo 17",
            "difficulty": "medium",
            "incorrect_answers": [
                "Apollo 13",
                "Apollo 11",
                "Apollo 15"
            ],
            "question": "Which Apollo mission was the last one in NASA&#039;s Apollo program?",
            "type": "multiple"
        },
        {
            "category": "Entertainment: Video Games",
            "correct_answer": "1997",
            "difficulty": "easy",
            "incorrect_answers": [
                "1998",
                "1999",
                "1996"
            ],
            "question": "In what year was the game &quot;Fallout&quot; released?",
            "type": "multiple"
        },
        {
            "category": "Entertainment: Video Games",
            "correct_answer": "The Zin Empire",
            "difficulty": "easy",
            "incorrect_answers": [
                "The Brotherhood",
                "The Ronin",
                "The Sons of Samedi"
            ],
            "question": "Which of these is NOT the name of a rival gang in the video game Saint&#039;s Row 2?",
            "type": "multiple"
        },
        {
            "category": "Entertainment: Film",
            "correct_answer": "Gelatin",
            "difficulty": "medium",
            "incorrect_answers": [
                "Dye",
                "Paint",
                "CGI Effect"
            ],
            "question": "The 1939 movie &quot;The Wizard of Oz&quot; contained a horse that changed color, what material did they use to achieve this effect?",
            "type": "multiple"
        },
        {
            "category": "Entertainment: Video Games",
            "correct_answer": "True",
            "difficulty": "easy",
            "incorrect_answers": [
                "False"
            ],
            "question": "The 2005 video game &quot;Call of Duty 2: Big Red One&quot; is not available on PC.",
            "type": "boolean"
        },
        {
            "category": "Entertainment: Music",
            "correct_answer": "Skies on Fire - AC/DC",
            "difficulty": "hard",
            "incorrect_answers": [
                "Heathens - Twenty One Pilots",
                "Without Me - Eminem",
                "Fortunate Son - Creedence Clearwater Revival"
            ],
            "question": "Which of these songs is NOT included in the Suicide Squad OST?",
            "type": "multiple"
        },
        {
            "category": "Science: Mathematics",
            "correct_answer": "1F",
            "difficulty": "hard",
            "incorrect_answers": [
                "3D",
                "2E",
                "1B"
            ],
            "question": "The decimal number 31 in hexadecimal would be what?",
            "type": "multiple"
        },
        {
            "category": "General Knowledge",
            "correct_answer": "September 23rd, 1889",
            "difficulty": "medium",
            "incorrect_answers": [
                "October 19th, 1891",
                "March 4th, 1887",
                "December 27th, 1894"
            ],
            "question": "When was Nintendo founded?",
            "type": "multiple"
        },
        {
            "category": "Entertainment: Video Games",
            "correct_answer": "Unhinged Spirit",
            "difficulty": "hard",
            "incorrect_answers": [
                "Shoryugeki",
                "Provoke",
                "Demon Riot"
            ],
            "question": "In Monster Hunter Generations, which of these hunter arts are exclusive to the Longsword?",
            "type": "multiple"
        },
        {
            "category": "Entertainment: Japanese Anime & Manga",
            "correct_answer": "20,000",
            "difficulty": "easy",
            "incorrect_answers": [
                "128",
                "10,000",
                "5,000"
            ],
            "question": "In &quot;A Certain Scientific Railgun&quot;, how many &quot;sisters&quot; did Accelerator have to kill to achieve the rumored level 6?",
            "type": "multiple"
        },
        {
            "category": "Science: Computers",
            "correct_answer": "True",
            "difficulty": "easy",
            "incorrect_answers": [
                "False"
            ],
            "question": "The Windows 7 operating system has six main editions.",
            "type": "boolean"
        },
        {
            "category": "Entertainment: Music",
            "correct_answer": "Jamie Foxx",
            "difficulty": "easy",
            "incorrect_answers": [
                "Alec Baldwin",
                "Dwayne Johnson",
                " Bruce Willis"
            ],
            "question": "Kanye West&#039;s &quot;Gold Digger&quot; featured which Oscar-winning actor?",
            "type": "multiple"
        },
        {
            "category": "Science & Nature",
            "correct_answer": "Water",
            "difficulty": "easy",
            "incorrect_answers": [
                "Deserts",
                "Continents",
                "Forests"
            ],
            "question": "71% of the Earth&#039;s surface is made up of",
            "type": "multiple"
        },
        {
            "category": "Entertainment: Musicals & Theatres",
            "correct_answer": "The Back Alley",
            "difficulty": "medium",
            "incorrect_answers": [
                "Maria",
                "Tonight",
                "Mambo"
            ],
            "question": "Which of the following is not a piece from the 1950&#039;s musical West Side Story?",
            "type": "multiple"
        },
        {
            "category": "Entertainment: Video Games",
            "correct_answer": "Tom Nook",
            "difficulty": "easy",
            "incorrect_answers": [
                "Mr. Resetti",
                "Gracie",
                "K.K. Slider"
            ],
            "question": "In Animal Crossing, who is the manager of the town shop?",
            "type": "multiple"
        },
        {
            "category": "Entertainment: Video Games",
            "correct_answer": "Cicero",
            "difficulty": "medium",
            "incorrect_answers": [
                "Lucien Lachance",
                "Archimedes",
                "Astrid"
            ],
            "question": "In The Elder Scrolls V: Skyrim, who is the jester in the dark brotherhood?",
            "type": "multiple"
        },
        {
            "category": "Entertainment: Comics",
            "correct_answer": "Blonde",
            "difficulty": "hard",
            "incorrect_answers": [
                "Auburn",
                "Brown",
                "Black"
            ],
            "question": "What is the real hair colour of the mainstream comic book version (Earth-616) of Daredevil?",
            "type": "multiple"
        },
        {
            "category": "Entertainment: Board Games",
            "correct_answer": "False",
            "difficulty": "easy",
            "incorrect_answers": [
                "True"
            ],
            "question": "&quot;PAYDAY: The Heist&quot; is a sequel to the board game &quot;Payday&quot;.",
            "type": "boolean"
        },
        {
            "category": "Entertainment: Video Games",
            "correct_answer": "Rock",
            "difficulty": "medium",
            "incorrect_answers": [
                "Grass",
                "Bug",
                "Ground"
            ],
            "question": "In the Pok&eacute;mon series, which type is Sudowoodo, the Imitation Pok&eacute;mon?",
            "type": "multiple"
        },
        {
            "category": "Science & Nature",
            "correct_answer": "Light amplifiaction by stimulated eminission of radioation",
            "difficulty": "easy",
            "incorrect_answers": [
                "Lite analysing by stereo ecorazer",
                "Light ampiflier by standby energy of radio",
                "Life antimatter by standing entry of range"
            ],
            "question": "What does LASER stand for?",
            "type": "multiple"
        },
        {
            "category": "Entertainment: Television",
            "correct_answer": "2010",
            "difficulty": "medium",
            "incorrect_answers": [
                "2001",
                "2007",
                "2012"
            ],
            "question": "In which year did the British television series &quot;The Bill&quot; end?",
            "type": "multiple"
        },
        {
            "category": "Entertainment: Music",
            "correct_answer": "Thriller",
            "difficulty": "hard",
            "incorrect_answers": [
                "Dangerous",
                "Bad",
                "Off the Wall"
            ],
            "question": "Which of Michael Jackson&#039;s albums sold the most copies?",
            "type": "multiple"
        },
        {
            "category": "Entertainment: Japanese Anime & Manga",
            "correct_answer": "Envy",
            "difficulty": "easy",
            "incorrect_answers": [
                "Pride",
                "Sloth",
                "Wrath"
            ],
            "question": "Satella in &quot;Re:Zero&quot; is the witch of what?",
            "type": "multiple"
        },
        {
            "category": "Science & Nature",
            "correct_answer": "The separation of a strain from a natural, mixed population of living microbes",
            "difficulty": "hard",
            "incorrect_answers": [
                "A lack of nutrition in microenviroments",
                "The nitrogen level in soil",
                "Testing effects of certain microorganisms in an isolated enviroments, such as caves"
            ],
            "question": "What does the term &quot;isolation&quot; refer to in microbiology?",
            "type": "multiple"
        },
        {
            "category": "History",
            "correct_answer": "Germany",
            "difficulty": "medium",
            "incorrect_answers": [
                "USA",
                "Russia",
                "China"
            ],
            "question": "Which of the following countries was the first to send an object into space?",
            "type": "multiple"
        },
        {
            "category": "Entertainment: Television",
            "correct_answer": "2",
            "difficulty": "easy",
            "incorrect_answers": [
                "10",
                "5",
                "3"
            ],
            "question": "How many seasons did the Sci-Fi television show &quot;Stargate Universe&quot; have?",
            "type": "multiple"
        },
        {
            "category": "History",
            "correct_answer": "Poland and Lithuania",
            "difficulty": "easy",
            "incorrect_answers": [
                "Hutu and Rwanda",
                "North Korea and South Korea",
                "Bangladesh and Bhutan"
            ],
            "question": "These two countries held a commonwealth from the 16th to 18th century.",
            "type": "multiple"
        },
        {
            "category": "Entertainment: Film",
            "correct_answer": "Thinking Machines CM-5",
            "difficulty": "hard",
            "incorrect_answers": [
                "Cray X-MP",
                "Cray XK7",
                "IBM Blue Gene/Q"
            ],
            "question": "What is the name of the supercomputer located in the control room in &quot;Jurassic Park&quot;?",
            "type": "multiple"
        },
        {
            "category": "Entertainment: Music",
            "correct_answer": "Dave Navarro",
            "difficulty": "medium",
            "incorrect_answers": [
                "Tom Morello ",
                "Billy Corgan",
                "Ed O&#039;Brien"
            ],
            "question": "Which of the following guitarists recorded an album as a member of the Red Hot Chili Peppers?",
            "type": "multiple"
        },
        {
            "category": "Entertainment: Video Games",
            "correct_answer": "2006",
            "difficulty": "medium",
            "incorrect_answers": [
                "2009",
                "2007",
                "2008"
            ],
            "question": "In what year was Pok&eacute;mon Diamond &amp; Pearl released in Japan?",
            "type": "multiple"
        },
        {
            "category": "Science: Computers",
            "correct_answer": "Hewlett-Packard",
            "difficulty": "medium",
            "incorrect_answers": [
                "Howard Packmann",
                "Husker-Pollosk",
                "Hellman-Pohl"
            ],
            "question": "The name of technology company HP stands for what?",
            "type": "multiple"
        },
        {
            "category": "Science & Nature",
            "correct_answer": "Hydrogen &amp; Helium",
            "difficulty": "medium",
            "incorrect_answers": [
                "Hydrogen &amp; Nitrogen",
                "Carbon &amp; Nitrogen",
                "Carbon &amp; Helium"
            ],
            "question": "The Sun consists of mostly which two elements?",
            "type": "multiple"
        },
        {
            "category": "Entertainment: Video Games",
            "correct_answer": "Ed",
            "difficulty": "medium",
            "incorrect_answers": [
                "Charles",
                "Lee",
                "Walter"
            ],
            "question": "In Telltale Games&#039; &quot;The Walking Dead: Season One&quot; what is the name of Clementine&#039;s father?",
            "type": "multiple"
        },
        {
            "category": "Entertainment: Music",
            "correct_answer": "False",
            "difficulty": "easy",
            "incorrect_answers": [
                "True"
            ],
            "question": "Michael Jackson wrote The Simpsons song &quot;Do the Bartman&quot;.",
            "type": "boolean"
        }
    ]
}