{
    "response_code": 0,
    "results": [
        {
            "category": "Entertainment: Film",
            "correct_answer": "Labrador Retriever",
            "difficulty": "easy",
            "incorrect_answers": [
                "Golden Retriever",
                "Dalmatian",
                "Shiba Inu"
            ],
            "question": "What breed of dog was &#039;Marley&#039; in the film &#039;Marley &amp; Me&#039;?",
            "type": "multiple"
        },
        {
            "category": "Science: Computers",
            "correct_answer": "Instruction",
            "difficulty": "hard",
            "incorrect_answers": [
                "Address",
                "Data",
                "Control"
            ],
            "question": "The Harvard architecture for micro-controllers added which additional bus?",
            "type": "multiple"
        },
        {
            "category": "Entertainment: Video Games",
            "correct_answer": "Halo",
            "difficulty": "easy",
            "incorrect_answers": [
                "Battlefield",
                "Call of Duty",
                "Borderlands"
            ],
            "question": "Which popular First Person Shooter (FPS) franchise, got a Real Time Strategy (RTS) game developed based on its universe?",
            "type": "multiple"
        },
        {
            "category": "Animals",
            "correct_answer": "River Horse (Greek)",
            "difficulty": "medium",
            "incorrect_answers": [
                "River Horse (Latin)",
                "Fat Pig (Greek)",
                "Fat Pig (Latin)"
            ],
            "question": "What does &quot;hippopotamus&quot; mean and in what langauge?",
            "type": "multiple"
        },
        {
            "category": "Entertainment: Music",
            "correct_answer": "True",
            "difficulty": "easy",
            "incorrect_answers": [
                "False"
            ],
            "question": "The music group Daft Punk got their name from a negative review they recieved.",
            "type": "boolean"
        },
        {
            "category": "Entertainment: Video Games",
            "correct_answer": "Did I ever tell you the definition of Insanity?",
            "difficulty": "easy",
            "incorrect_answers": [
                "Have I failed to entertain you?",
                "You&#039;re my b*tch!",
                "Maybe your best course...would be to tread lightly."
            ],
            "question": "What&#039;s the famous line Vaas says in &quot;Far Cry 3&quot;?",
            "type": "multiple"
        },
        {
            "category": "Science & Nature",
            "correct_answer": "Joey",
            "difficulty": "easy",
            "incorrect_answers": [
                "Calf",
                "Pup",
                "Cub"
            ],
            "question": "What name is given to all baby marsupials?",
            "type": "multiple"
        },
        {
            "category": "Entertainment: Music",
            "correct_answer": "The Joker",
            "difficulty": "easy",
            "incorrect_answers": [
                "Fandango",
                "Take The Money and Run",
                "Fly Like an Eagle"
            ],
            "question": "&quot;Some people call me the space cowboy&quot; is the first line from what song?",
            "type": "multiple"
        },
        {
            "category": "Entertainment: Film",
            "correct_answer": "Bruce Lee",
            "difficulty": "easy",
            "incorrect_answers": [
                "Jackie Chan",
                "Jet Li",
                " Yun-Fat Chow"
            ],
            "question": "Who starred in the film 1973 movie &quot;Enter The Dragon&quot;?",
            "type": "multiple"
        },
        {
            "category": "Science: Mathematics",
            "correct_answer": "False",
            "difficulty": "medium",
            "incorrect_answers": [
                "True"
            ],
            "question": "The Pythagorean theorem states that the square of the hypotenuse is equal to the product of the squares of the other two sides.",
            "type": "boolean"
        },
        {
            "category": "Entertainment: Books",
            "correct_answer": "Jean",
            "difficulty": "hard",
            "incorrect_answers": [
                "Jane",
                "Emma",
                "Jo"
            ],
            "question": "What is Hermione Granger&#039;s middle name?",
            "type": "multiple"
        },
        {
            "category": "Entertainment: Music",
            "correct_answer": "John",
            "difficulty": "medium",
            "incorrect_answers": [
                "Paul",
                "George",
                "Ringo"
            ],
            "question": "Which Beatle led the way across the zebra crossing on the Abbey Road album cover?",
            "type": "multiple"
        },
        {
            "category": "Entertainment: Books",
            "correct_answer": "Great Expectations",
            "difficulty": "hard",
            "incorrect_answers": [
                "The Pickwick Papers",
                "Nicholas Nickleby",
                "Oliver Twist"
            ],
            "question": "Abel Magwitch is a character from which Charles Dickens novel?",
            "type": "multiple"
        },
        {
            "category": "Entertainment: Video Games",
            "correct_answer": "Alphys",
            "difficulty": "medium",
            "incorrect_answers": [
                "Undyne",
                "Sans",
                "Asgore"
            ],
            "question": "In the game &quot;Undertale&quot;, who was Mettaton&#039;s creator?",
            "type": "multiple"
        },
        {
            "category": "Entertainment: Board Games",
            "correct_answer": "False",
            "difficulty": "medium",
            "incorrect_answers": [
                "True"
            ],
            "question": "In the game &quot;Racko&quot; you may pick up ANY card from the discard pile.",
            "type": "boolean"
        },
        {
            "category": "Science: Computers",
            "correct_answer": "False",
            "difficulty": "easy",
            "incorrect_answers": [
                "True"
            ],
            "question": "The logo for Snapchat is a Bell.",
            "type": "boolean"
        },
        {
            "category": "Science: Computers",
            "correct_answer": "Binary",
            "difficulty": "easy",
            "incorrect_answers": [
                "JavaScript",
                "C++",
                "Python"
            ],
            "question": "If you were to code software in this language you&#039;d only be able to type 0&#039;s and 1&#039;s.",
            "type": "multiple"
        },
        {
            "category": "Geography",
            "correct_answer": "American football",
            "difficulty": "easy",
            "incorrect_answers": [
                "Combball",
                "Handball",
                "Touchdown"
            ],
            "question": "If soccer is called football in England, what is American football called in England?",
            "type": "multiple"
        },
        {
            "category": "Science: Computers",
            "correct_answer": "Taiwan",
            "difficulty": "medium",
            "incorrect_answers": [
                "United States",
                "Germany",
                "China (People&#039;s Republic of)"
            ],
            "question": "The computer OEM manufacturer Clevo, known for its Sager notebook line, is based in which country?",
            "type": "multiple"
        },
        {
            "category": "Geography",
            "correct_answer": "Bangladesh",
            "difficulty": "medium",
            "incorrect_answers": [
                "Malaysia",
                "Vietnam",
                "Philippines"
            ],
            "question": "Which of these countries is located the FURTHEST away from the South China Sea?",
            "type": "multiple"
        },
        {
            "category": "Entertainment: Video Games",
            "correct_answer": "The Lead Programmer&#039;s birthday",
            "difficulty": "hard",
            "incorrect_answers": [
                "The first release date of &quot;Sonic the Hedgehog&quot;",
                "The date Sonic Team was founded",
                "The first release date of &quot;Sonic the Hedgehog 2&quot;"
            ],
            "question": "In &quot;Sonic the Hedgehog 2&quot; for the Sega Genesis, what do you input in the sound test screen to access the secret level select?",
            "type": "multiple"
        },
        {
            "category": "Vehicles",
            "correct_answer": "2003",
            "difficulty": "medium",
            "incorrect_answers": [
                "2008",
                "2005",
                "2007"
            ],
            "question": "When was Tesla founded?",
            "type": "multiple"
        },
        {
            "category": "Science: Mathematics",
            "correct_answer": "False",
            "difficulty": "hard",
            "incorrect_answers": [
                "True"
            ],
            "question": "The binary number &quot;101001101&quot; is equivalent to the Decimal number &quot;334&quot;",
            "type": "boolean"
        },
        {
            "category": "Entertainment: Film",
            "correct_answer": "True",
            "difficulty": "easy",
            "incorrect_answers": [
                "False"
            ],
            "question": "In the original script of &quot;The Matrix&quot;, the machines used humans as additional computing power instead of batteries.",
            "type": "boolean"
        },
        {
            "category": "Geography",
            "correct_answer": "Java",
            "difficulty": "medium",
            "incorrect_answers": [
                "Luzon",
                "Mindanao",
                "Palawan"
            ],
            "question": "Which of these is NOT an island that is part of the Philippines?",
            "type": "multiple"
        },
        {
            "category": "Entertainment: Cartoon & Animations",
            "correct_answer": "Scud",
            "difficulty": "medium",
            "incorrect_answers": [
                "Buster",
                "Whiskers",
                "Mr. Jones"
            ],
            "question": "What is the name of Sid&#039;s dog in &quot;Toy Story&quot;?",
            "type": "multiple"
        },
        {
            "category": "Entertainment: Board Games",
            "correct_answer": "10",
            "difficulty": "medium",
            "incorrect_answers": [
                "8",
                "5",
                "6"
            ],
            "question": "How many points is the Z tile worth in Scrabble?",
            "type": "multiple"
        },
        {
            "category": "Entertainment: Music",
            "correct_answer": "Crab",
            "difficulty": "medium",
            "incorrect_answers": [
                "Fox",
                "Elephant",
                "Tiger"
            ],
            "question": "What animal is featured on the cover of English electronic music group The Prodigy&#039;s album, &quot;The Fat of the Land&quot;?",
            "type": "multiple"
        },
        {
            "category": "Sports",
            "correct_answer": "7 - 1",
            "difficulty": "easy",
            "incorrect_answers": [
                "0 - 1",
                "3 - 4",
                "16 - 0"
            ],
            "question": "What was the final score of the Germany vs. Brazil 2014 FIFA World Cup match?",
            "type": "multiple"
        },
        {
            "category": "Entertainment: Cartoon & Animations",
            "correct_answer": "Rose Marene",
            "difficulty": "medium",
            "incorrect_answers": [
                "Pinkie Pie",
                "Maud Pie",
                "Rainbow Dash"
            ],
            "question": "Which of these is not a real character in the cartoon series My Little Pony: Friendship is Magic?",
            "type": "multiple"
        },
        {
            "category": "Entertainment: Comics",
            "correct_answer": "Prospit",
            "difficulty": "hard",
            "incorrect_answers": [
                "No Name",
                "Golden City",
                "Yellow Moon"
            ],
            "question": "In the Homestuck Series, what is the alternate name for the Kingdom of Lights?",
            "type": "multiple"
        },
        {
            "category": "History",
            "correct_answer": "2004",
            "difficulty": "medium",
            "incorrect_answers": [
                "2006",
                "2008",
                "2002"
            ],
            "question": "What year did the Boxing Day earthquake &amp; tsunami occur in the Indian Ocean?",
            "type": "multiple"
        },
        {
            "category": "Entertainment: Music",
            "correct_answer": "Adventure",
            "difficulty": "medium",
            "incorrect_answers": [
                "The City",
                "Icarus",
                "Pop Culture"
            ],
            "question": "What is the name of French electronic music producer Madeon&#039;s 2015 debut studio album?",
            "type": "multiple"
        },
        {
            "category": "Entertainment: Video Games",
            "correct_answer": "October 23rd, 2077",
            "difficulty": "hard",
            "incorrect_answers": [
                "May 15th, 2058",
                "December 14th, 2069",
                "November 5th, 2076"
            ],
            "question": "In the Fallout series, on which date did The Great War happen?",
            "type": "multiple"
        },
        {
            "category": "Vehicles",
            "correct_answer": "15 Degree",
            "difficulty": "medium",
            "incorrect_answers": [
                "30 Degree",
                "45 Degree",
                "90 Degree"
            ],
            "question": "Volkswagen&#039;s legendary VR6 engine has cylinders positioned at what degree angle?",
            "type": "multiple"
        },
        {
            "category": "Entertainment: Film",
            "correct_answer": "Red Shirt",
            "difficulty": "medium",
            "incorrect_answers": [
                "Minions",
                "Expendables",
                "Cannon Fodder"
            ],
            "question": "This trope refers to minor characters that are killed off to show how a monster works.",
            "type": "multiple"
        },
        {
            "category": "Sports",
            "correct_answer": "Quebec City",
            "difficulty": "easy",
            "incorrect_answers": [
                "Houston",
                "Montreal",
                "New York"
            ],
            "question": "Which city did the former NHL team &quot;The Nordiques&quot; originiate from?",
            "type": "multiple"
        },
        {
            "category": "Sports",
            "correct_answer": "Jules Bianchi",
            "difficulty": "medium",
            "incorrect_answers": [
                "Ayrton Senna",
                "Ronald Ratzenberger",
                "Gilles Villeneuve"
            ],
            "question": "In Formula 1, the Virtual Safety Car was introduced following the fatal crash of which driver?",
            "type": "multiple"
        },
        {
            "category": "Entertainment: Television",
            "correct_answer": "Sarek",
            "difficulty": "hard",
            "incorrect_answers": [
                "Tuvok",
                "T&#039;Pal",
                "Surak"
            ],
            "question": "In Star Trek, what is the name of Spock&#039;s father?",
            "type": "multiple"
        },
        {
            "category": "Entertainment: Television",
            "correct_answer": "Triple H",
            "difficulty": "medium",
            "incorrect_answers": [
                "Roman Reigns",
                "AJ Styles",
                "Dean Ambrose"
            ],
            "question": "Who was the winner of the 2016 WWE Royal Rumble?",
            "type": "multiple"
        },
        {
            "category": "Entertainment: Video Games",
            "correct_answer": "Sniper",
            "difficulty": "medium",
            "incorrect_answers": [
                "Heavy",
                "Soldier",
                "Scout"
            ],
            "question": "Ellen McLain, the voice of GLaDOS in the Portal game series, is married to the voice actor for which Team Fortress 2 character?",
            "type": "multiple"
        },
        {
            "category": "Science: Computers",
            "correct_answer": "Motorola 68000",
            "difficulty": "medium",
            "incorrect_answers": [
                "Zilog Z80",
                "Yamaha YM2612",
                "Intel 8088"
            ],
            "question": "What is the main CPU is the Sega Mega Drive / Sega Genesis?",
            "type": "multiple"
        },
        {
            "category": "Entertainment: Video Games",
            "correct_answer": "Occultic; Nine",
            "difficulty": "medium",
            "incorrect_answers": [
                "Steins; Gate",
                "Robotics; Notes",
                "Chaos; Child"
            ],
            "question": "Which game is NOT part of the Science Adventure series by 5pb. and Nitroplus?",
            "type": "multiple"
        },
        {
            "category": "Entertainment: Japanese Anime & Manga",
            "correct_answer": "False",
            "difficulty": "hard",
            "incorrect_answers": [
                "True"
            ],
            "question": "Druid is a mage class in &quot;Log Horizon&quot;.",
            "type": "boolean"
        },
        {
            "category": "Entertainment: Japanese Anime & Manga",
            "correct_answer": "Akira",
            "difficulty": "easy",
            "incorrect_answers": [
                "Cowboy Bebop",
                "High School DxD",
                "Gurren Lagann"
            ],
            "question": "Which of the following originated as a manga?",
            "type": "multiple"
        },
        {
            "category": "Science: Gadgets",
            "correct_answer": "Nokia",
            "difficulty": "hard",
            "incorrect_answers": [
                "LG Electronics",
                "Samsung",
                "HTC"
            ],
            "question": "Which of the following cellular device companies is NOT headquartered in Asia?",
            "type": "multiple"
        },
        {
            "category": "Science & Nature",
            "correct_answer": "Magnesium",
            "difficulty": "hard",
            "incorrect_answers": [
                "Copper",
                "Lithium",
                "Lead"
            ],
            "question": "Burning which of these metals will produce a bright white flame?",
            "type": "multiple"
        },
        {
            "category": "Entertainment: Comics",
            "correct_answer": "Envy ",
            "difficulty": "hard",
            "incorrect_answers": [
                "Sloth",
                "Wrath ",
                "Lust"
            ],
            "question": "In the webcomic &quot;Ava&#039;s Demon&quot;, what sin is &quot;Nevy Nervine&quot; based off of? ",
            "type": "multiple"
        },
        {
            "category": "Entertainment: Video Games",
            "correct_answer": "Awful Lawton",
            "difficulty": "easy",
            "incorrect_answers": [
                "Longinus",
                "V-R11",
                "Predator"
            ],
            "question": "In &quot;Call Of Duty: Zombies&quot;, what is the name of the Pack-A-Punched Crossbow?",
            "type": "multiple"
        },
        {
            "category": "General Knowledge",
            "correct_answer": "True",
            "difficulty": "easy",
            "incorrect_answers": [
                "False"
            ],
            "question": "&quot;27 Club&quot; is a term used to refer to a list of famous actors, musicians, and artists who died at the age of 27.",
            "type": "boolean"
        }
    ]
}