{
    "response_code": 0,
    "results": [
        {
            "category": "Entertainment: Video Games",
            "correct_answer": "True",
            "difficulty": "medium",
            "incorrect_answers": [
                "False"
            ],
            "question": "The retail disc of Tony Hawk&#039;s Pro Skater 5 only comes with the tutorial.",
            "type": "boolean"
        },
        {
            "category": "Entertainment: Music",
            "correct_answer": "Focus",
            "difficulty": "medium",
            "incorrect_answers": [
                "Pilot",
                "Rush",
                "AC/DC"
            ],
            "question": "Who had a 1973 hit with the song &#039;Hocus Pocus&#039;?",
            "type": "multiple"
        },
        {
            "category": "General Knowledge",
            "correct_answer": "Thomas &amp; Martha",
            "difficulty": "easy",
            "incorrect_answers": [
                "Joey &amp; Jackie",
                "Jason &amp; Sarah",
                "Todd &amp; Mira"
            ],
            "question": "What&#039;s the name of Batman&#039;s  parents?",
            "type": "multiple"
        },
        {
            "category": "Entertainment: Video Games",
            "correct_answer": "Marie",
            "difficulty": "medium",
            "incorrect_answers": [
                "Cyrus",
                "Palutena",
                "Shulk"
            ],
            "question": "Which character is from &quot;Splatoon&quot;?",
            "type": "multiple"
        },
        {
            "category": "History",
            "correct_answer": "Cold War",
            "difficulty": "medium",
            "incorrect_answers": [
                "World War I",
                "World War II",
                "Revolutionary War"
            ],
            "question": "During what war did the &quot;Cuban Missile Crisis&quot; occur?",
            "type": "multiple"
        },
        {
            "category": "Entertainment: Music",
            "correct_answer": "False",
            "difficulty": "medium",
            "incorrect_answers": [
                "True"
            ],
            "question": "Soulja Boy&#039;s &#039;Crank That&#039; won a Grammy for Best Rap Song in 2007.",
            "type": "boolean"
        },
        {
            "category": "Entertainment: Video Games",
            "correct_answer": "Tails",
            "difficulty": "easy",
            "incorrect_answers": [
                "Shadow",
                "Amy",
                "Knuckles"
            ],
            "question": "Who is Sonic&#039;s sidekick?",
            "type": "multiple"
        },
        {
            "category": "Entertainment: Video Games",
            "correct_answer": "Zero Wing",
            "difficulty": "hard",
            "incorrect_answers": [
                "F-Zero",
                "Wing Commander",
                "Star Wars: X-Wing"
            ],
            "question": "The Internet Meme &quot;All your base are belong to us&quot; is based on the poorly translated English Version of which Video Game?",
            "type": "multiple"
        },
        {
            "category": "Entertainment: Books",
            "correct_answer": "Astoria Greengrass",
            "difficulty": "hard",
            "incorrect_answers": [
                "Pansy Parkinson",
                "Millicent Bulstrode",
                "Hermione Granger"
            ],
            "question": "In the Harry Potter universe, who does Draco Malfoy end up marrying?",
            "type": "multiple"
        },
        {
            "category": "Celebrities",
            "correct_answer": "Charlie Sheen",
            "difficulty": "easy",
            "incorrect_answers": [
                "Ricky Martin",
                "Bruno Mars",
                "Joaquin Phoenix"
            ],
            "question": "By what name is Carlos Estevez better known? ",
            "type": "multiple"
        },
        {
            "category": "Entertainment: Television",
            "correct_answer": "Tiberius",
            "difficulty": "easy",
            "incorrect_answers": [
                "Trevor",
                "Travis",
                "Tyrone"
            ],
            "question": "In the original Star Trek TV series, what was Captain James T. Kirk&#039;s middle name?",
            "type": "multiple"
        },
        {
            "category": "Geography",
            "correct_answer": "Ankara",
            "difficulty": "medium",
            "incorrect_answers": [
                "Istanbul",
                "Izmir",
                "Bursa"
            ],
            "question": "What is the name of the capital of Turkey?",
            "type": "multiple"
        },
        {
            "category": "Entertainment: Video Games",
            "correct_answer": "Bells",
            "difficulty": "medium",
            "incorrect_answers": [
                "Sea Shells",
                "Leaves",
                "Bugs"
            ],
            "question": "What is the name of the currency in the &quot;Animal Crossing&quot; series?",
            "type": "multiple"
        },
        {
            "category": "Geography",
            "correct_answer": "Red",
            "difficulty": "easy",
            "incorrect_answers": [
                "White",
                "Yellow",
                "Black"
            ],
            "question": "What colour is the circle on the Japanese flag?",
            "type": "multiple"
        },
        {
            "category": "Entertainment: Video Games",
            "correct_answer": "Midori Gurin",
            "difficulty": "easy",
            "incorrect_answers": [
                "Kokona Hruka",
                "Oka Ruto",
                "Pipi Osu"
            ],
            "question": "Which student in Yandere Simulator is known for asking irritating and stupid questions?",
            "type": "multiple"
        },
        {
            "category": "Entertainment: Film",
            "correct_answer": "False",
            "difficulty": "medium",
            "incorrect_answers": [
                "True"
            ],
            "question": "The colour of the pills in the Matrix were Blue and Yellow.",
            "type": "boolean"
        },
        {
            "category": "Science & Nature",
            "correct_answer": "Ibuprofen",
            "difficulty": "hard",
            "incorrect_answers": [
                "Morphine",
                "Ketamine",
                "Aspirin"
            ],
            "question": "What is isobutylphenylpropanoic acid more commonly known as?",
            "type": "multiple"
        },
        {
            "category": "History",
            "correct_answer": "USS Pueblo",
            "difficulty": "medium",
            "incorrect_answers": [
                "USS North Carolina",
                "USS Constitution",
                "USS Indianapolis"
            ],
            "question": "What is the name of the US Navy spy ship which was attacked and captured by North Korean forces in 1968?",
            "type": "multiple"
        },
        {
            "category": "Entertainment: Video Games",
            "correct_answer": "Doom Slayer",
            "difficulty": "easy",
            "incorrect_answers": [
                "Doom Guy",
                "Doom Marine",
                "Doom Reaper"
            ],
            "question": "What is the protagonist&#039;s title given by the demons in DOOM (2016)?",
            "type": "multiple"
        },
        {
            "category": "General Knowledge",
            "correct_answer": "Niagara Mohawk Building",
            "difficulty": "medium",
            "incorrect_answers": [
                "Taipei 101",
                "One Detroit Center",
                "Westendstrasse 1"
            ],
            "question": "Which of the following buildings is example of a structure primarily built in the Art Deco architectural style?",
            "type": "multiple"
        },
        {
            "category": "Geography",
            "correct_answer": "Peru",
            "difficulty": "medium",
            "incorrect_answers": [
                "Brazil",
                "Colombia",
                "Ecuador"
            ],
            "question": "Where are the Nazca Lines located?",
            "type": "multiple"
        },
        {
            "category": "History",
            "correct_answer": "July 1st, 1867",
            "difficulty": "hard",
            "incorrect_answers": [
                "July 1st, 1763",
                "July 1st, 1832",
                "July 1st, 1902"
            ],
            "question": "When did Canada leave the confederation to become their own nation?",
            "type": "multiple"
        },
        {
            "category": "Entertainment: Video Games",
            "correct_answer": "Drill Containment Unit",
            "difficulty": "medium",
            "incorrect_answers": [
                "Anti-Gravity Hook",
                "Influx Waver",
                "Cosmic Car Key"
            ],
            "question": "In Terraria, which of the following items does the Martian Saucer mini-boss NOT drop?",
            "type": "multiple"
        },
        {
            "category": "Entertainment: Japanese Anime & Manga",
            "correct_answer": "Caterpie",
            "difficulty": "easy",
            "incorrect_answers": [
                "Charmander",
                "Pikachu",
                "Pidgey"
            ],
            "question": "What was Ash Ketchum&#039;s second Pokemon?",
            "type": "multiple"
        },
        {
            "category": "Entertainment: Video Games",
            "correct_answer": "Policenauts",
            "difficulty": "hard",
            "incorrect_answers": [
                "Gradius",
                "Contra",
                "Castlevania: Symphony of the Night"
            ],
            "question": "Meryl Silverburgh, a video game character from the Metal Gear series, was originally a character in which game?",
            "type": "multiple"
        },
        {
            "category": "Entertainment: Video Games",
            "correct_answer": "Goombario",
            "difficulty": "medium",
            "incorrect_answers": [
                "Goombella",
                "Goombarry",
                "Goomby"
            ],
            "question": "In the game Paper Mario for the Nintendo 64 the first partner you meet is a Goomba, what is its name?",
            "type": "multiple"
        },
        {
            "category": "Entertainment: Music",
            "correct_answer": "Joel Zimmerman",
            "difficulty": "medium",
            "incorrect_answers": [
                "Sonny Moore",
                "Adam Richard Wiles",
                "Thomas Wesley Pentz"
            ],
            "question": "What is the real name of Canadian electronic music producer deadmau5?",
            "type": "multiple"
        },
        {
            "category": "Entertainment: Film",
            "correct_answer": "Distant Drums",
            "difficulty": "hard",
            "incorrect_answers": [
                "Treasure of the Sierra Madre",
                "The Charge at Feather River",
                "Indiana Jones"
            ],
            "question": "What was the first movie to ever use a Wilhelm Scream?",
            "type": "multiple"
        },
        {
            "category": "Entertainment: Television",
            "correct_answer": "Petyr Baelish",
            "difficulty": "easy",
            "incorrect_answers": [
                "Podrick Payne",
                "Lancel Lannister",
                "Torrhen Karstark"
            ],
            "question": "In Game of Thrones, what is Littlefinger&#039;s real name?",
            "type": "multiple"
        },
        {
            "category": "Science & Nature",
            "correct_answer": "4",
            "difficulty": "medium",
            "incorrect_answers": [
                "3",
                "5",
                "6"
            ],
            "question": "In Chemistry, how many isomers does Butanol (C4H9OH) have?",
            "type": "multiple"
        },
        {
            "category": "Science & Nature",
            "correct_answer": "23",
            "difficulty": "easy",
            "incorrect_answers": [
                "21",
                "22",
                "24"
            ],
            "question": "How many chromosomes are in your body cells?",
            "type": "multiple"
        },
        {
            "category": "Entertainment: Video Games",
            "correct_answer": "Caroline",
            "difficulty": "easy",
            "incorrect_answers": [
                "Abigail",
                "Haley",
                "Leah"
            ],
            "question": "Which of the following characters is NOT a female marriage candidate in the game Stardew Valley?",
            "type": "multiple"
        },
        {
            "category": "Science & Nature",
            "correct_answer": "Hydrogen",
            "difficulty": "medium",
            "incorrect_answers": [
                "Nitrogen",
                "Helium",
                "Neon"
            ],
            "question": "Deuterium is an isotope of which element?",
            "type": "multiple"
        },
        {
            "category": "Entertainment: Film",
            "correct_answer": "True",
            "difficulty": "easy",
            "incorrect_answers": [
                "False"
            ],
            "question": "In the movie The Revenant, DiCaprio&#039;s character hunts down the killer of his son.",
            "type": "boolean"
        },
        {
            "category": "Entertainment: Japanese Anime & Manga",
            "correct_answer": "Osamu Tezuka",
            "difficulty": "easy",
            "incorrect_answers": [
                "Mitsuteri Yokoyama",
                "Takao Saito",
                "Yoshihiro Tatsumi"
            ],
            "question": "Who is the author of the manga series &quot;Astro Boy&quot;?",
            "type": "multiple"
        },
        {
            "category": "Entertainment: Musicals & Theatres",
            "correct_answer": "Newts",
            "difficulty": "hard",
            "incorrect_answers": [
                "Humans",
                "Sharks",
                "Squids"
            ],
            "question": "In Macbeth, the eyes of what animals were used in the Witches&#039; cauldron?",
            "type": "multiple"
        },
        {
            "category": "Animals",
            "correct_answer": "Tail",
            "difficulty": "hard",
            "incorrect_answers": [
                "Head",
                "Teeth",
                "Feet"
            ],
            "question": "Unlike on most salamanders, this part of a newt is flat?",
            "type": "multiple"
        },
        {
            "category": "Entertainment: Video Games",
            "correct_answer": "Picksaw",
            "difficulty": "medium",
            "incorrect_answers": [
                "Pwnhammer",
                "Breaker Blade",
                "Laser Rifle"
            ],
            "question": "In Terraria, what does the Wall of Flesh not drop upon defeat?",
            "type": "multiple"
        },
        {
            "category": "Entertainment: Video Games",
            "correct_answer": "RTS (Real Time Strategy)",
            "difficulty": "medium",
            "incorrect_answers": [
                "RPG (Role Playing Game)",
                "TBS (Turn Based Strategy)",
                "MMO (Massively Multiplayer Online)"
            ],
            "question": "What video game genre were the original Warcraft games?",
            "type": "multiple"
        },
        {
            "category": "History",
            "correct_answer": "882 ft | 268.8 m",
            "difficulty": "medium",
            "incorrect_answers": [
                "759 ft | 231.3 m",
                "1042 ft | 317.6 m",
                "825 ft | 251.5 m"
            ],
            "question": "What was the total length of the Titanic?",
            "type": "multiple"
        },
        {
            "category": "Entertainment: Video Games",
            "correct_answer": "True",
            "difficulty": "medium",
            "incorrect_answers": [
                "False"
            ],
            "question": "David Baszucki was a co-founder of ROBLOX Corporation.",
            "type": "boolean"
        },
        {
            "category": "Vehicles",
            "correct_answer": "Pistons",
            "difficulty": "easy",
            "incorrect_answers": [
                "Leaf Springs",
                "Radiators",
                "ABS"
            ],
            "question": "What are the cylinder-like parts that pump up and down within the engine?",
            "type": "multiple"
        },
        {
            "category": "Entertainment: Video Games",
            "correct_answer": "False",
            "difficulty": "easy",
            "incorrect_answers": [
                "True"
            ],
            "question": "In Heroes of the Storm, the Cursed Hollow map gimmick requires players to kill the undead to curse the enemy team.",
            "type": "boolean"
        },
        {
            "category": "Vehicles",
            "correct_answer": "376",
            "difficulty": "easy",
            "incorrect_answers": [
                "346",
                "364",
                "427"
            ],
            "question": "The LS3 engine is how many cubic inches?",
            "type": "multiple"
        },
        {
            "category": "Entertainment: Television",
            "correct_answer": "Pinwheel",
            "difficulty": "medium",
            "incorrect_answers": [
                "MTVKids",
                "KidsTV",
                "Splat!"
            ],
            "question": "What was Nickelodeon&#039;s original name?",
            "type": "multiple"
        },
        {
            "category": "Entertainment: Video Games",
            "correct_answer": "Unggoy",
            "difficulty": "hard",
            "incorrect_answers": [
                "Huragok",
                "Sangheili",
                "Yanme&#039;e"
            ],
            "question": "In the &quot;Halo&quot; series, what is the name of the race of aliens humans refer to as &quot;Grunts&quot;?",
            "type": "multiple"
        },
        {
            "category": "Entertainment: Video Games",
            "correct_answer": "October 24, 2005",
            "difficulty": "medium",
            "incorrect_answers": [
                "October 21, 2005",
                "March 29, 2006",
                "November 22, 2004"
            ],
            "question": "When was Club Penguin launched?",
            "type": "multiple"
        },
        {
            "category": "Entertainment: Video Games",
            "correct_answer": "87 Bazillion ",
            "difficulty": "medium",
            "incorrect_answers": [
                "87 Million",
                "87 Trillion",
                "87 Gazillion "
            ],
            "question": "How many unique items does &quot;Borderlands 2&quot; claim to have?",
            "type": "multiple"
        },
        {
            "category": "Science: Mathematics",
            "correct_answer": "False",
            "difficulty": "easy",
            "incorrect_answers": [
                "True"
            ],
            "question": "The sum of any two odd integers is odd.",
            "type": "boolean"
        },
        {
            "category": "Geography",
            "correct_answer": "Ljubljana",
            "difficulty": "medium",
            "incorrect_answers": [
                "Maribor",
                "Velenje",
                "Trbovlje"
            ],
            "question": "What is the capital city of Slovenia?",
            "type": "multiple"
        }
    ]
}