{
    "response_code": 0,
    "results": [
        {
            "category": "Entertainment: Film",
            "correct_answer": "Batman v Superman: Dawn of Justice",
            "difficulty": "easy",
            "incorrect_answers": [
                "Batman v Superman: Superapocalypse",
                "Batman v Superman: Black of Knight",
                "Batman v Superman: Knightfall"
            ],
            "question": "Which movie released in 2016 features Superman and Batman fighting?",
            "type": "multiple"
        },
        {
            "category": "Entertainment: Books",
            "correct_answer": "Rudyard Kipling",
            "difficulty": "hard",
            "incorrect_answers": [
                "Edgar Allan Poe",
                "William Shakespeare",
                "William Wordsworth"
            ],
            "question": "Which author and poet famously wrote the line, &quot;The female of the species is more deadly than the male&quot;?",
            "type": "multiple"
        },
        {
            "category": "General Knowledge",
            "correct_answer": "Key",
            "difficulty": "easy",
            "incorrect_answers": [
                "Sword",
                "Pen",
                "Cellphone"
            ],
            "question": "In the video-game franchise Kingdom Hearts, the main protagonist, carries a weapon with what shape?",
            "type": "multiple"
        },
        {
            "category": "Science: Computers",
            "correct_answer": "1GB",
            "difficulty": "easy",
            "incorrect_answers": [
                "512MB",
                "5GB",
                "Unlimited"
            ],
            "question": "When Gmail first launched, how much storage did it provide for your email?",
            "type": "multiple"
        },
        {
            "category": "Entertainment: Film",
            "correct_answer": "False",
            "difficulty": "easy",
            "incorrect_answers": [
                "True"
            ],
            "question": "The film &quot;2001: A Space Odyssey&quot; was released on December 31st, 2000.",
            "type": "boolean"
        },
        {
            "category": "Geography",
            "correct_answer": "Alberta",
            "difficulty": "easy",
            "incorrect_answers": [
                "New South Wales",
                "Victoria",
                "Queensland"
            ],
            "question": "Which of these is NOT an Australian state or territory?",
            "type": "multiple"
        },
        {
            "category": "Entertainment: Books",
            "correct_answer": "Gloin",
            "difficulty": "medium",
            "incorrect_answers": [
                "Thorin Oakenshield",
                "Bombur",
                "Dwalin"
            ],
            "question": "In the Lord of the Rings, who is the father of the dwarf Gimli?",
            "type": "multiple"
        },
        {
            "category": "Art",
            "correct_answer": "Andy Warhol",
            "difficulty": "medium",
            "incorrect_answers": [
                "Roy Lichtenstein",
                "David Hockney",
                "Peter Blake"
            ],
            "question": "Which artist&rsquo;s studio was known as &#039;The Factory&#039;?",
            "type": "multiple"
        },
        {
            "category": "Entertainment: Video Games",
            "correct_answer": "3",
            "difficulty": "easy",
            "incorrect_answers": [
                "4",
                "2",
                "5"
            ],
            "question": "If a &quot;360 no-scope&quot; is one full rotation before shooting, how many rotations would a &quot;1080 no-scope&quot; be?",
            "type": "multiple"
        },
        {
            "category": "Entertainment: Video Games",
            "correct_answer": "Stanley",
            "difficulty": "easy",
            "incorrect_answers": [
                "The Adventure Line",
                "The Narrator",
                "The Boss"
            ],
            "question": "Who is the main character in &quot;The Stanley Parable&quot;?",
            "type": "multiple"
        },
        {
            "category": "Entertainment: Video Games",
            "correct_answer": "Ubisoft",
            "difficulty": "medium",
            "incorrect_answers": [
                "Nintendo",
                "EA",
                "Sony"
            ],
            "question": "The rights to the &quot;Rayman&quot; series are owned by which company?",
            "type": "multiple"
        },
        {
            "category": "Geography",
            "correct_answer": "1",
            "difficulty": "easy",
            "incorrect_answers": [
                "3",
                "4",
                "2"
            ],
            "question": "How many time zones does China have?",
            "type": "multiple"
        },
        {
            "category": "Sports",
            "correct_answer": "Russia",
            "difficulty": "easy",
            "incorrect_answers": [
                "Germany",
                "United States",
                "Saudi Arabia"
            ],
            "question": "Which country is hosting the 2018 FIFA World Cup?",
            "type": "multiple"
        },
        {
            "category": "Animals",
            "correct_answer": "Hyaenidae",
            "difficulty": "hard",
            "incorrect_answers": [
                "Canidae",
                "Felidae",
                "Eupleridae"
            ],
            "question": "What scientific family does the Aardwolf belong to?",
            "type": "multiple"
        },
        {
            "category": "Geography",
            "correct_answer": "Monaco",
            "difficulty": "easy",
            "incorrect_answers": [
                "Bahrain",
                "Malta",
                "Liechenstein"
            ],
            "question": "What country has a horizontal bicolor red and white flag?",
            "type": "multiple"
        },
        {
            "category": "Entertainment: Video Games",
            "correct_answer": "True",
            "difficulty": "easy",
            "incorrect_answers": [
                "False"
            ],
            "question": "Tetris is the #1 best-selling video game of all-time.",
            "type": "boolean"
        },
        {
            "category": "Science & Nature",
            "correct_answer": "True",
            "difficulty": "easy",
            "incorrect_answers": [
                "False"
            ],
            "question": "An atom contains a nucleus.",
            "type": "boolean"
        },
        {
            "category": "Entertainment: Video Games",
            "correct_answer": "Huzzah!",
            "difficulty": "medium",
            "incorrect_answers": [
                "Oh yeeaaah!",
                "Whoa there!",
                "Nyeh heh heh!"
            ],
            "question": "In the game &quot;Cave Story,&quot; what is the character Balrog&#039;s catchphrase?",
            "type": "multiple"
        },
        {
            "category": "Entertainment: Video Games",
            "correct_answer": "True",
            "difficulty": "easy",
            "incorrect_answers": [
                "False"
            ],
            "question": "Gordon Freeman, the protagonist of &quot;Half-Life&quot;, is said to have once had a ponytail.",
            "type": "boolean"
        },
        {
            "category": "General Knowledge",
            "correct_answer": "Chocolate",
            "difficulty": "medium",
            "incorrect_answers": [
                "Potatoes",
                "Donuts",
                "Cocaine"
            ],
            "question": "On average, Americans consume 100 pounds of what per second?",
            "type": "multiple"
        },
        {
            "category": "Entertainment: Music",
            "correct_answer": "Lucky Lady Feel So Good ",
            "difficulty": "hard",
            "incorrect_answers": [
                "Merry-Go Round",
                "Let&#039;s Dance Baby",
                "Love Talkin&#039;"
            ],
            "question": "Which of these songs is not by Tatsuro Yamashita?",
            "type": "multiple"
        },
        {
            "category": "History",
            "correct_answer": "32",
            "difficulty": "hard",
            "incorrect_answers": [
                "50",
                "31",
                "21"
            ],
            "question": "How many sonatas did Ludwig van Beethoven write?",
            "type": "multiple"
        },
        {
            "category": "Geography",
            "correct_answer": "False",
            "difficulty": "medium",
            "incorrect_answers": [
                "True"
            ],
            "question": "&quot;Mongolia&quot; was a part of the now non-existent U.S.S.R.",
            "type": "boolean"
        },
        {
            "category": "Entertainment: Japanese Anime & Manga",
            "correct_answer": "Paranoid Android",
            "difficulty": "medium",
            "incorrect_answers": [
                "Sadistic Summer",
                "Bittersweet Symphony",
                "Mad World"
            ],
            "question": "What song plays in the ending credits of the anime &quot;Ergo Proxy&quot;?",
            "type": "multiple"
        },
        {
            "category": "Entertainment: Japanese Anime & Manga",
            "correct_answer": "Dispell any esper or magical powers",
            "difficulty": "medium",
            "incorrect_answers": [
                "Teleport",
                "Make telepathic communications",
                "Create electricity from his own body"
            ],
            "question": "In the &quot;Toaru Majutsu no Index&quot; anime, Touma Kamijou is a level 0 esper that has the ability to do what?",
            "type": "multiple"
        },
        {
            "category": "Entertainment: Video Games",
            "correct_answer": "Katarina",
            "difficulty": "medium",
            "incorrect_answers": [
                "Shaco",
                "Akali",
                "Zed"
            ],
            "question": "In the video game &quot;League of Legends&quot; which character is known as &quot;The Sinister Blade&quot;?",
            "type": "multiple"
        },
        {
            "category": "Entertainment: Video Games",
            "correct_answer": "False",
            "difficulty": "easy",
            "incorrect_answers": [
                "True"
            ],
            "question": "In Pok&eacute;mon Sun and Moon, a male Salandit can evolve to a Salazzle.",
            "type": "boolean"
        },
        {
            "category": "Sports",
            "correct_answer": "Nico Rosberg",
            "difficulty": "easy",
            "incorrect_answers": [
                "Lewis Hamilton",
                "Max Verstappen",
                "Kimi Raikkonen"
            ],
            "question": "Who won the 2016 Formula 1 World Driver&#039;s Championship?",
            "type": "multiple"
        },
        {
            "category": "Entertainment: Television",
            "correct_answer": "Barry Allen",
            "difficulty": "easy",
            "incorrect_answers": [
                "Oliver Queen",
                "Bart Allen",
                "Bruce Wayne"
            ],
            "question": "What is the name of the main character in &quot;The Flash&quot; TV series?",
            "type": "multiple"
        },
        {
            "category": "Science: Computers",
            "correct_answer": "Graphics Processing Unit",
            "difficulty": "medium",
            "incorrect_answers": [
                "Gaming Processor Unit",
                "Graphite Producing Unit",
                "Graphical Proprietary Unit"
            ],
            "question": "What does the term GPU stand for?",
            "type": "multiple"
        },
        {
            "category": "Entertainment: Television",
            "correct_answer": "LazyTown",
            "difficulty": "easy",
            "incorrect_answers": [
                "Sofia the First",
                "DuckTales",
                "Tom and Jerry"
            ],
            "question": "Which show is known for the songs &quot;You are a Pirate&quot;, &quot;Cooking by the Book&quot; and &quot;We Are Number One&quot;?",
            "type": "multiple"
        },
        {
            "category": "Vehicles",
            "correct_answer": "1902",
            "difficulty": "medium",
            "incorrect_answers": [
                "1964",
                "1898",
                "1985"
            ],
            "question": "When was Cadillac founded?",
            "type": "multiple"
        },
        {
            "category": "Vehicles",
            "correct_answer": "427",
            "difficulty": "easy",
            "incorrect_answers": [
                "346",
                "364",
                "376"
            ],
            "question": "The LS7 engine is how many cubic inches?",
            "type": "multiple"
        },
        {
            "category": "Entertainment: Japanese Anime & Manga",
            "correct_answer": "Koala",
            "difficulty": "hard",
            "incorrect_answers": [
                "Boa Hancock",
                "Nico Robin",
                "Emporio Ivankov "
            ],
            "question": "In &quot;One Piece&quot;, who is the girl who overcame her enslaved past and became an agent of an army to fight the corrupt government?",
            "type": "multiple"
        },
        {
            "category": "General Knowledge",
            "correct_answer": "Uno",
            "difficulty": "easy",
            "incorrect_answers": [
                "Go Fish",
                "Twister",
                "Munchkin"
            ],
            "question": "Which of the following card games revolves around numbers and basic math?",
            "type": "multiple"
        },
        {
            "category": "Science: Computers",
            "correct_answer": "Apple",
            "difficulty": "hard",
            "incorrect_answers": [
                "IBM",
                "Microsoft",
                "Google"
            ],
            "question": "What was the first company to use the term &quot;Golden Master&quot;?",
            "type": "multiple"
        },
        {
            "category": "Entertainment: Video Games",
            "correct_answer": "They&#039;re half-siblings",
            "difficulty": "medium",
            "incorrect_answers": [
                "They&#039;re co-workers",
                "They&#039;re friends",
                "They&#039;re both attorneys"
            ],
            "question": "In the &quot;Ace Attorney&quot; series, what is the relationship between Apollo Justice and Trucy Wright?",
            "type": "multiple"
        },
        {
            "category": "History",
            "correct_answer": "1914",
            "difficulty": "easy",
            "incorrect_answers": [
                "1905",
                "1919",
                "1925"
            ],
            "question": "What year did World War I begin?",
            "type": "multiple"
        },
        {
            "category": "Entertainment: Music",
            "correct_answer": "Play",
            "difficulty": "medium",
            "incorrect_answers": [
                "Everything Is Wrong",
                "Moby",
                "18"
            ],
            "question": "Moby, an American DJ, singer, and musician, achieved worldwide success for the 1999 release of which of the following albums?",
            "type": "multiple"
        },
        {
            "category": "Entertainment: Japanese Anime & Manga",
            "correct_answer": "Momo Deviluke",
            "difficulty": "medium",
            "incorrect_answers": [
                "Yami (Golden Darkness)",
                "Haruna Sairenji",
                "Mea Kurosaki"
            ],
            "question": "In &quot;To Love-Ru: Darkness&quot;, which of the girls attempt making a harem for Rito Yuuki?",
            "type": "multiple"
        },
        {
            "category": "Entertainment: Television",
            "correct_answer": "Mr. Bean in Room 426",
            "difficulty": "medium",
            "incorrect_answers": [
                "Mr. Bean Goes to Town",
                "The Trouble with Mr. Bean",
                "Back to School Mr. Bean"
            ],
            "question": "What episode of &quot;Mr. Bean&quot; saw him trying to prevent people from seeing him naked?",
            "type": "multiple"
        },
        {
            "category": "Entertainment: Film",
            "correct_answer": "1985",
            "difficulty": "hard",
            "incorrect_answers": [
                "1988",
                "1986",
                "1993"
            ],
            "question": "In the &quot;Jurassic Park&quot; universe, when did &quot;Jurassic Park: San Diego&quot; begin construction?",
            "type": "multiple"
        },
        {
            "category": "Entertainment: Television",
            "correct_answer": "Fred Flintstone",
            "difficulty": "medium",
            "incorrect_answers": [
                "Bugs Bunny",
                "Fangface",
                "G.I. Joe"
            ],
            "question": "Alan Reed is known for providing the voice of which character?",
            "type": "multiple"
        },
        {
            "category": "Science: Mathematics",
            "correct_answer": "Parentheses, Exponents, Multiplication, Division, Addition, Subtraction",
            "difficulty": "easy",
            "incorrect_answers": [
                "Addition, Multiplication, Division, Subtraction, Addition, Parentheses",
                "Parentheses, Exponents, Addition, Substraction, Multiplication, Division",
                "The order in which the operations are written."
            ],
            "question": "What is the correct order of operations for solving equations?",
            "type": "multiple"
        },
        {
            "category": "Entertainment: Video Games",
            "correct_answer": "False",
            "difficulty": "medium",
            "incorrect_answers": [
                "True"
            ],
            "question": "&quot;Return to Castle Wolfenstein&quot; was the only game of the Wolfenstein series where you don&#039;t play as William &quot;B.J.&quot; Blazkowicz.",
            "type": "boolean"
        },
        {
            "category": "Entertainment: Video Games",
            "correct_answer": "April 29, 2008",
            "difficulty": "easy",
            "incorrect_answers": [
                "May 21, 2009",
                "June 22, 2010",
                "July 28, 2008"
            ],
            "question": "What was the release date of &quot;Grand Theft Auto IV&quot;?",
            "type": "multiple"
        },
        {
            "category": "Entertainment: Television",
            "correct_answer": "Pablo",
            "difficulty": "hard",
            "incorrect_answers": [
                "Esteban",
                "Carlos",
                "Duckster"
            ],
            "question": "What was the name of the inflatable duck sacrified to the crowd at the end of Episode 34 of the 18th season of Big Brother?",
            "type": "multiple"
        },
        {
            "category": "Science & Nature",
            "correct_answer": "True",
            "difficulty": "medium",
            "incorrect_answers": [
                "False"
            ],
            "question": "Pneumonoultramicroscopicsilicovolcanoconiosis is a synonym for the disease known as silicosis.",
            "type": "boolean"
        },
        {
            "category": "Entertainment: Video Games",
            "correct_answer": "3",
            "difficulty": "medium",
            "incorrect_answers": [
                "2",
                "4",
                "5"
            ],
            "question": "How many games are there in the &quot;Colony Wars&quot; series for the PlayStation?",
            "type": "multiple"
        },
        {
            "category": "General Knowledge",
            "correct_answer": "True",
            "difficulty": "medium",
            "incorrect_answers": [
                "False"
            ],
            "question": "The scientific name for the Southern Lights is Aurora Australis?",
            "type": "boolean"
        }
    ]
}