{
    "response_code": 0,
    "results": [
        {
            "category": "Entertainment: Video Games",
            "correct_answer": "5",
            "difficulty": "easy",
            "incorrect_answers": [
                "4",
                "3",
                "6"
            ],
            "question": "How many games in the Crash Bandicoot series were released on the original Playstation?",
            "type": "multiple"
        },
        {
            "category": "General Knowledge",
            "correct_answer": "Genesis",
            "difficulty": "easy",
            "incorrect_answers": [
                "Exodus",
                "Leviticus",
                "Numbers"
            ],
            "question": "What is the first book of the Old Testament?",
            "type": "multiple"
        },
        {
            "category": "Entertainment: Japanese Anime & Manga",
            "correct_answer": "Saitama",
            "difficulty": "medium",
            "incorrect_answers": [
                "Genos",
                "Sonic",
                "King"
            ],
            "question": "What is the name of the main character of the anime &quot;One-Punch Man&quot;?",
            "type": "multiple"
        },
        {
            "category": "Animals",
            "correct_answer": "New Zealand",
            "difficulty": "easy",
            "incorrect_answers": [
                "South Africa",
                "Australia",
                "Madagascar"
            ],
            "question": "The K\u0101k\u0101p\u014d is a large, flightless, nocturnal parrot native to which country?",
            "type": "multiple"
        },
        {
            "category": "Sports",
            "correct_answer": "Green",
            "difficulty": "medium",
            "incorrect_answers": [
                "Yellow",
                "Brown",
                "Blue"
            ],
            "question": "In a game of snooker, what colour ball is worth 3 points?",
            "type": "multiple"
        },
        {
            "category": "Entertainment: Music",
            "correct_answer": "Church",
            "difficulty": "medium",
            "incorrect_answers": [
                "Mosque",
                "Synagogue",
                "Temple"
            ],
            "question": "Irish musician Hozier released a music track in 2013 titled, &quot;Take Me to ______&quot;",
            "type": "multiple"
        },
        {
            "category": "Science: Computers",
            "correct_answer": "False",
            "difficulty": "easy",
            "incorrect_answers": [
                "True"
            ],
            "question": "Pointers were not used in the original C programming language; they were added later on in C++.",
            "type": "boolean"
        },
        {
            "category": "Vehicles",
            "correct_answer": "Alfa Romeo",
            "difficulty": "medium",
            "incorrect_answers": [
                "Auto Union",
                "Mercedes Benz",
                "Bentley"
            ],
            "question": "Enzo Ferrari was originally an auto racer for what manufacturer before founding his own car company?",
            "type": "multiple"
        },
        {
            "category": "Science & Nature",
            "correct_answer": "Leg",
            "difficulty": "medium",
            "incorrect_answers": [
                "Arm",
                "Hand",
                "Head"
            ],
            "question": "The &quot;Tibia&quot; is found in which part of the body?",
            "type": "multiple"
        },
        {
            "category": "Sports",
            "correct_answer": "Death of Ayrton Senna (San Marino)",
            "difficulty": "medium",
            "incorrect_answers": [
                "The Showdown (Australia)",
                "Verstappen on Fire (Germany)",
                "Schumacher&#039;s Ban (Britain)"
            ],
            "question": "The F1 season of 1994 is remembered for what tragic event?",
            "type": "multiple"
        },
        {
            "category": "Entertainment: Video Games",
            "correct_answer": "True",
            "difficulty": "easy",
            "incorrect_answers": [
                "False"
            ],
            "question": "In Kingdom Hearts the Paopu fruit is said to intertwine the destinies for two people forever.",
            "type": "boolean"
        },
        {
            "category": "Entertainment: Cartoon & Animations",
            "correct_answer": "The Black Cauldron",
            "difficulty": "easy",
            "incorrect_answers": [
                "Tron",
                "Toy Story",
                "Fantasia"
            ],
            "question": "What was the first Disney movie to use CGI?",
            "type": "multiple"
        },
        {
            "category": "Entertainment: Japanese Anime & Manga",
            "correct_answer": "Sailor Moon",
            "difficulty": "easy",
            "incorrect_answers": [
                "Sailor Venus",
                "Sailor Mars",
                "Sailor Jupiter"
            ],
            "question": "Who is the true moon princess in Sailor Moon?",
            "type": "multiple"
        },
        {
            "category": "History",
            "correct_answer": "1415",
            "difficulty": "medium",
            "incorrect_answers": [
                "1463",
                "1401",
                "1422"
            ],
            "question": "What year did the Battle of Agincourt take place?",
            "type": "multiple"
        },
        {
            "category": "Entertainment: Music",
            "correct_answer": "NGHTMRE",
            "difficulty": "medium",
            "incorrect_answers": [
                "LOUDPVCK",
                "KRNE",
                "DVBBS"
            ],
            "question": "Which artist collaborated with American DJ Dillon Francis to release the song 2016 &quot;Need You&quot;?",
            "type": "multiple"
        },
        {
            "category": "General Knowledge",
            "correct_answer": "Big Mouth Billy Bass",
            "difficulty": "medium",
            "incorrect_answers": [
                "Big Billy Bass",
                "Singing Fish",
                "Sardeen"
            ],
            "question": "What is the name of the popular animatronic singing fish prop, singing such hits such as &quot;Don&#039;t Worry, Be Happy&quot;?",
            "type": "multiple"
        },
        {
            "category": "Art",
            "correct_answer": "True",
            "difficulty": "medium",
            "incorrect_answers": [
                "False"
            ],
            "question": "Pablo Picasso is one of the founding fathers of &quot;Cubism.&quot;",
            "type": "boolean"
        },
        {
            "category": "Entertainment: Video Games",
            "correct_answer": "Mario&#039;s Game Gallery",
            "difficulty": "medium",
            "incorrect_answers": [
                "Super Mario 64",
                "Mario Tennis",
                "Dr. Mario 64"
            ],
            "question": "Which game was the first time Mario was voiced by Charles Martinet?",
            "type": "multiple"
        },
        {
            "category": "Entertainment: Film",
            "correct_answer": "False",
            "difficulty": "easy",
            "incorrect_answers": [
                "True"
            ],
            "question": "Shaquille O&#039;Neal appeared in the 1997 film &quot;Space Jam&quot;.",
            "type": "boolean"
        },
        {
            "category": "Entertainment: Film",
            "correct_answer": "Peter Cushing",
            "difficulty": "medium",
            "incorrect_answers": [
                "Boris Karloff",
                "Vincent Price",
                "Lon Chaney Jr."
            ],
            "question": "Who played Baron Victor Frankestein in the 1957 Hammer horror film &quot;The Curse of Frankenstein&quot;?",
            "type": "multiple"
        },
        {
            "category": "Entertainment: Video Games",
            "correct_answer": "Fenerox",
            "difficulty": "medium",
            "incorrect_answers": [
                "Floran",
                "Novakid",
                "Hylotl"
            ],
            "question": "Which of these is NOT a playable character race in the video game &quot;Starbound&quot;?",
            "type": "multiple"
        },
        {
            "category": "Entertainment: Video Games",
            "correct_answer": "False",
            "difficulty": "easy",
            "incorrect_answers": [
                "True"
            ],
            "question": "The main playable character of the 2015 RPG &quot;Undertale&quot; is a monster.",
            "type": "boolean"
        },
        {
            "category": "Entertainment: Video Games",
            "correct_answer": "Blanche",
            "difficulty": "easy",
            "incorrect_answers": [
                "Candela",
                "Spark",
                "Willow"
            ],
            "question": "Who is the leader of Team Mystic in Pok&eacute;mon Go?",
            "type": "multiple"
        },
        {
            "category": "Entertainment: Video Games",
            "correct_answer": "Flowey",
            "difficulty": "medium",
            "incorrect_answers": [
                "Toriel",
                "Sans",
                "Papyrus"
            ],
            "question": "In the 2015 RPG &quot;Undertale&quot;, which character do you first encounter after falling down into the underground?",
            "type": "multiple"
        },
        {
            "category": "Entertainment: Video Games",
            "correct_answer": "Pie",
            "difficulty": "medium",
            "incorrect_answers": [
                "Shish Kabob",
                "Hamburger",
                "Lasagna"
            ],
            "question": "In Cook, Serve, Delicious!, which food is NOT included in the game?",
            "type": "multiple"
        },
        {
            "category": "Entertainment: Video Games",
            "correct_answer": "Hopkins",
            "difficulty": "easy",
            "incorrect_answers": [
                "Smith",
                "Kowalski",
                "Crabblesnitch"
            ],
            "question": "In the videogame Bully, what is the protagonist&#039;s last name?",
            "type": "multiple"
        },
        {
            "category": "Entertainment: Television",
            "correct_answer": "The United States of America",
            "difficulty": "easy",
            "incorrect_answers": [
                "Canada",
                "Venezuala",
                "England"
            ],
            "question": "What country is Cory in the House set in?",
            "type": "multiple"
        },
        {
            "category": "Entertainment: Music",
            "correct_answer": "2011",
            "difficulty": "hard",
            "incorrect_answers": [
                "2014",
                "2013",
                "2012"
            ],
            "question": "Which year was the album &quot;Floral Shoppe&quot; by Macintosh Plus released?",
            "type": "multiple"
        },
        {
            "category": "Entertainment: Video Games",
            "correct_answer": "Ignis",
            "difficulty": "easy",
            "incorrect_answers": [
                "Ventus",
                "Terra",
                "Aqua"
            ],
            "question": "Which of the following was NOT a playable character in the game Kingdom Hearts: Birth by Sleep?",
            "type": "multiple"
        },
        {
            "category": "History",
            "correct_answer": "Franklin Pierce",
            "difficulty": "hard",
            "incorrect_answers": [
                "Andrew Johnson",
                "Abraham Lincoln",
                "James Polk"
            ],
            "question": "Who was the President of the United States during the signing of the Gadsden Purchase?",
            "type": "multiple"
        },
        {
            "category": "Entertainment: Music",
            "correct_answer": "Bionicle",
            "difficulty": "medium",
            "incorrect_answers": [
                "Hero Factory",
                "Ben 10 Alien Force",
                "Star Wars"
            ],
            "question": "Cryoshell, known for &quot;Creeping in My Soul&quot; did the advertising music for what Lego Theme?",
            "type": "multiple"
        },
        {
            "category": "Science: Computers",
            "correct_answer": "Stack",
            "difficulty": "hard",
            "incorrect_answers": [
                "Queue",
                "Heap",
                "Tree"
            ],
            "question": "Which data structure does FILO apply to?",
            "type": "multiple"
        },
        {
            "category": "Entertainment: Video Games",
            "correct_answer": "False",
            "difficulty": "medium",
            "incorrect_answers": [
                "True"
            ],
            "question": "In Riot Games &quot;League of Legends&quot; the name of Halloween event is called &quot;The Reckoning&quot;.",
            "type": "boolean"
        },
        {
            "category": "General Knowledge",
            "correct_answer": "Green",
            "difficulty": "easy",
            "incorrect_answers": [
                "Red",
                "Light Blue",
                "Orange"
            ],
            "question": "What color is the &quot;Ex&quot; in FedEx Ground?",
            "type": "multiple"
        },
        {
            "category": "Entertainment: Television",
            "correct_answer": "Stef&aacute;n Stef&aacute;nsson",
            "difficulty": "medium",
            "incorrect_answers": [
                "Adam Sandler",
                "Magn&uacute;s Scheving",
                "Stephen Carl"
            ],
            "question": "In the television show &quot;Lazy Town&quot;, who is the actor of Robbie Rotten?",
            "type": "multiple"
        },
        {
            "category": "Geography",
            "correct_answer": "True",
            "difficulty": "easy",
            "incorrect_answers": [
                "False"
            ],
            "question": "Tokyo is the capital of Japan.",
            "type": "boolean"
        },
        {
            "category": "Entertainment: Video Games",
            "correct_answer": "MP5N",
            "difficulty": "hard",
            "incorrect_answers": [
                "MP5SD",
                "MP5K",
                "MP5RAS"
            ],
            "question": "Which variant of the MP5 is depicted in Counter-Strike 1.6?",
            "type": "multiple"
        },
        {
            "category": "Entertainment: Music",
            "correct_answer": "Ludvig Van Beethoven",
            "difficulty": "easy",
            "incorrect_answers": [
                "Chief Keef",
                "Wolfgang Amadeus Mozart",
                "Johannes Brahms"
            ],
            "question": "Which classical composer wrote the &quot;Moonlight Sonata&quot;?",
            "type": "multiple"
        },
        {
            "category": "Entertainment: Japanese Anime & Manga",
            "correct_answer": "20th Century Boy",
            "difficulty": "medium",
            "incorrect_answers": [
                "Made in Heaven",
                "Star Platinum",
                "The World"
            ],
            "question": "In &quot;JoJo&#039;s Bizarre Adventure&quot;, which of the following Stands does NOT have a time-based ability?",
            "type": "multiple"
        },
        {
            "category": "Entertainment: Japanese Anime & Manga",
            "correct_answer": "Eiichiro Oda",
            "difficulty": "medium",
            "incorrect_answers": [
                "Yoshihiro Togashi",
                "Hayao Miyazaki",
                "Masashi Kishimoto"
            ],
            "question": "Who is the creator of the manga series &quot;One Piece&quot;?",
            "type": "multiple"
        },
        {
            "category": "Entertainment: Japanese Anime & Manga",
            "correct_answer": "Casey Mongillo",
            "difficulty": "medium",
            "incorrect_answers": [
                "Ben Diskin",
                "Chris Niosi",
                "David Naughton"
            ],
            "question": "Who voices &quot;Shou Suzuki&quot; in the English dub of &quot;Mob Psycho 100&quot;?",
            "type": "multiple"
        },
        {
            "category": "Entertainment: Video Games",
            "correct_answer": "Sends out an advertisement for someone to move in.",
            "difficulty": "hard",
            "incorrect_answers": [
                "Teleports somebody from somewhere on the planet it is placed.",
                "Teleports a random person to the location.",
                "Materializes a new being at it&#039;s location."
            ],
            "question": "According to the lore of &quot;Starbound&quot;, what does the &quot;Colony Deed&quot; do when it is placed down?",
            "type": "multiple"
        },
        {
            "category": "Entertainment: Music",
            "correct_answer": "The Go-Getters",
            "difficulty": "hard",
            "incorrect_answers": [
                "The Jumpers",
                "The Kickstarters",
                "The Beat-Busters"
            ],
            "question": "What was the name of the hip hop group Kanye West was a member of in the late 90s?",
            "type": "multiple"
        },
        {
            "category": "General Knowledge",
            "correct_answer": "Jumping over an office chair",
            "difficulty": "medium",
            "incorrect_answers": [
                "Jumping backwards over a desk",
                "Standing on his head",
                "Typing on a keyboard during a handstand"
            ],
            "question": "In a 1994 CBS interview, Microsoft co-founder Bill Gates performed what unusual trick on camera?",
            "type": "multiple"
        },
        {
            "category": "Entertainment: Music",
            "correct_answer": "Dog Blood",
            "difficulty": "hard",
            "incorrect_answers": [
                "Jack &Uuml;",
                "What So Not",
                "Noisia"
            ],
            "question": "Electronic artists Boys Noize and Skrillex have collaborated and released tracks under what name?",
            "type": "multiple"
        },
        {
            "category": "Entertainment: Cartoon & Animations",
            "correct_answer": "Mason Pines",
            "difficulty": "medium",
            "incorrect_answers": [
                "Mable Pines",
                "Jason Pines",
                "Mark Pines"
            ],
            "question": "What is Dipper&#039;s real name from &quot;Gravity Falls&quot;?",
            "type": "multiple"
        },
        {
            "category": "Entertainment: Video Games",
            "correct_answer": "Luigi",
            "difficulty": "medium",
            "incorrect_answers": [
                "Mr. Game &amp; Watch",
                "Jigglypuff",
                "Pichu"
            ],
            "question": "Which of these is the only fighter in the game &quot;Super Smash Bros. Melee&quot; capable of dealing damage with their taunt animation?",
            "type": "multiple"
        },
        {
            "category": "Entertainment: Music",
            "correct_answer": "Bob Dylan",
            "difficulty": "medium",
            "incorrect_answers": [
                "Elvis",
                "Adele",
                "Billy Joel"
            ],
            "question": "&quot;Make You Feel My Love&quot; was originally written and performed by which singer-songwriter?",
            "type": "multiple"
        },
        {
            "category": "Entertainment: Books",
            "correct_answer": "Joe Sugg",
            "difficulty": "medium",
            "incorrect_answers": [
                "Zoe Sugg",
                "Joe Weller",
                "Alfie Deyes"
            ],
            "question": "Which of the following was the author of &quot;Username Evie&quot;?",
            "type": "multiple"
        },
        {
            "category": "Entertainment: Cartoon & Animations",
            "correct_answer": "33",
            "difficulty": "medium",
            "incorrect_answers": [
                "88",
                "38",
                "83"
            ],
            "question": "What was the number on Gerald&#039;s shirt in &quot;Hey Arnold!&quot;?",
            "type": "multiple"
        }
    ]
}