{
    "response_code": 0,
    "results": [
        {
            "category": "Entertainment: Video Games",
            "correct_answer": "10 years in prison and a fine of $50,000",
            "difficulty": "medium",
            "incorrect_answers": [
                "Fine of $5,000",
                "Nothing",
                "15 years in prison and a fine of $10,000"
            ],
            "question": "What is the punishment for playing Postal 2 in New Zealand?",
            "type": "multiple"
        },
        {
            "category": "Science & Nature",
            "correct_answer": "True",
            "difficulty": "medium",
            "incorrect_answers": [
                "False"
            ],
            "question": "You can be sunburned on a cloudy day.",
            "type": "boolean"
        },
        {
            "category": "Science: Computers",
            "correct_answer": "False",
            "difficulty": "medium",
            "incorrect_answers": [
                "True"
            ],
            "question": "The first computer bug was formed by faulty wires.",
            "type": "boolean"
        },
        {
            "category": "Geography",
            "correct_answer": "The United Kingdom",
            "difficulty": "medium",
            "incorrect_answers": [
                "Japan",
                "Austrailia",
                "Argentina"
            ],
            "question": "The Principality of Sealand is an unrecognized micronation off the coast of what country?",
            "type": "multiple"
        },
        {
            "category": "Entertainment: Books",
            "correct_answer": "Albus Percival Wulfric Brian Dumbledore",
            "difficulty": "hard",
            "incorrect_answers": [
                "Albus Valum Jetta Mobius Dumbledore",
                "Albus James Lunae Otto Dumbledore",
                "Albus Valencium Horatio Kul Dumbledore"
            ],
            "question": "In the &quot;Harry Potter&quot; series, what is Headmaster Dumbledore&#039;s full name?",
            "type": "multiple"
        },
        {
            "category": "Vehicles",
            "correct_answer": "BYD",
            "difficulty": "medium",
            "incorrect_answers": [
                "Silant",
                "Dragon",
                "GAZ"
            ],
            "question": "Which of the following is NOT a Russian car manufacturer?",
            "type": "multiple"
        },
        {
            "category": "Science: Mathematics",
            "correct_answer": "1279",
            "difficulty": "medium",
            "incorrect_answers": [
                "2203",
                "1009",
                "1069"
            ],
            "question": "What is the first Mersenne prime over 1000?",
            "type": "multiple"
        },
        {
            "category": "Vehicles",
            "correct_answer": "Boeing 747-8",
            "difficulty": "medium",
            "incorrect_answers": [
                "Airbus A350-1000",
                "Airbus A330-200",
                "Boeing 787-10"
            ],
            "question": "Which of the following passenger jets is the longest?",
            "type": "multiple"
        },
        {
            "category": "Vehicles",
            "correct_answer": "Nissan",
            "difficulty": "medium",
            "incorrect_answers": [
                "Honda",
                "Hyundai",
                "Subaru"
            ],
            "question": "Complete the following analogy: Audi is to Volkswagen as Infiniti is to ?",
            "type": "multiple"
        },
        {
            "category": "Entertainment: Video Games",
            "correct_answer": "True",
            "difficulty": "easy",
            "incorrect_answers": [
                "False"
            ],
            "question": "Pac-Man was invented by the designer Toru Iwatani while he was eating pizza.",
            "type": "boolean"
        },
        {
            "category": "History",
            "correct_answer": "November 4, 1952",
            "difficulty": "medium",
            "incorrect_answers": [
                "July 26, 1908",
                " July 1, 1973",
                " November 25, 2002"
            ],
            "question": "When was the United States National Security Agency established?",
            "type": "multiple"
        },
        {
            "category": "Animals",
            "correct_answer": "4",
            "difficulty": "hard",
            "incorrect_answers": [
                "8",
                "2",
                "6"
            ],
            "question": "How many known living species of hyenas are there?",
            "type": "multiple"
        },
        {
            "category": "History",
            "correct_answer": "April 4th, 1925",
            "difficulty": "hard",
            "incorrect_answers": [
                "September 1st, 1941",
                "March 8th, 1935",
                "February 21st, 1926"
            ],
            "question": "When was the SS or Schutzstaffel established?",
            "type": "multiple"
        },
        {
            "category": "General Knowledge",
            "correct_answer": "Madeon",
            "difficulty": "hard",
            "incorrect_answers": [
                "Mat Zo",
                "deadmau5",
                "Zedd"
            ],
            "question": "Which musician has collaborated with American producer Porter Robinson and released the 2016 song &quot;Shelter&quot;?",
            "type": "multiple"
        },
        {
            "category": "Entertainment: Video Games",
            "correct_answer": "Green Flu",
            "difficulty": "medium",
            "incorrect_answers": [
                "Yellow Fever",
                "T-Virus",
                "Raspberry Sniffles"
            ],
            "question": "In Left 4 Dead, what is the name of the virus, as designated by CEDA, that causes most humans to turn into the Infected?",
            "type": "multiple"
        },
        {
            "category": "Entertainment: Video Games",
            "correct_answer": "Chuck Greene",
            "difficulty": "medium",
            "incorrect_answers": [
                "Nick Ramos",
                "Frank West",
                "Katie Greene"
            ],
            "question": "Who is the protagonist of the videogame &quot;Dead Rising 2&quot;?",
            "type": "multiple"
        },
        {
            "category": "Science & Nature",
            "correct_answer": "Ernest Rutherford",
            "difficulty": "medium",
            "incorrect_answers": [
                "Joseph John Thomson",
                "Archimedes",
                "Niels Henrik David Bohr"
            ],
            "question": "Which one of these scientists conducted the Gold Foil Experiment which concluded that atoms are mostly made of empty space?",
            "type": "multiple"
        },
        {
            "category": "Entertainment: Film",
            "correct_answer": "Brighton",
            "difficulty": "medium",
            "incorrect_answers": [
                "Eastbourne",
                "Mousehole",
                "Bridlington"
            ],
            "question": "In the 1979 British film &quot;Quadrophenia&quot; what is the name of the seaside city the mods are visiting?",
            "type": "multiple"
        },
        {
            "category": "Entertainment: Video Games",
            "correct_answer": "More questions",
            "difficulty": "easy",
            "incorrect_answers": [
                "New car",
                "Mercy",
                "Money"
            ],
            "question": "In Undertale, what&#039;s the prize for answering correctly?",
            "type": "multiple"
        },
        {
            "category": "Entertainment: Cartoon & Animations",
            "correct_answer": "Miranda Wright",
            "difficulty": "easy",
            "incorrect_answers": [
                "Dick Tracy",
                "Eddie Valiant",
                "Dr. Ludwig von Drake"
            ],
            "question": "In the 1993 Disney animated series &quot;Bonkers&quot;, what is the name of Bonker&#039;s second partner?",
            "type": "multiple"
        },
        {
            "category": "Entertainment: Video Games",
            "correct_answer": "Tendrils",
            "difficulty": "medium",
            "incorrect_answers": [
                "Blade",
                "Bio-Bomb",
                "Pack Leader"
            ],
            "question": "In PROTOTYPE 2, which of the following abilities/weapons is NOT obtained by an Evolved?",
            "type": "multiple"
        },
        {
            "category": "Science: Mathematics",
            "correct_answer": "i",
            "difficulty": "medium",
            "incorrect_answers": [
                "e",
                "n",
                "x"
            ],
            "question": "What is the alphanumeric representation of the imaginary number?",
            "type": "multiple"
        },
        {
            "category": "Entertainment: Video Games",
            "correct_answer": "Half Life 2",
            "difficulty": "medium",
            "incorrect_answers": [
                "Team Fortress 2",
                "Dark Souls",
                "Serious Sam: The Second Encounter"
            ],
            "question": "In which game does a character say, &quot;Sometimes, I dream about cheese&quot;?",
            "type": "multiple"
        },
        {
            "category": "Animals",
            "correct_answer": "Tardar Sauce",
            "difficulty": "easy",
            "incorrect_answers": [
                "Sauce",
                "Minnie",
                "Broccoli"
            ],
            "question": "What is Grumpy Cat&#039;s real name?",
            "type": "multiple"
        },
        {
            "category": "Entertainment: Television",
            "correct_answer": "Should I Stay or Should I Go?",
            "difficulty": "medium",
            "incorrect_answers": [
                "Love Will Tear Us Apart",
                "This Charming Man",
                "Africa"
            ],
            "question": "In the Netflix show, Stranger Things, what song would Will sing to himself as he was missing?",
            "type": "multiple"
        },
        {
            "category": "Entertainment: Books",
            "correct_answer": "A Study in Scarlet",
            "difficulty": "easy",
            "incorrect_answers": [
                "The Sign of the Four",
                "A Case of Identity",
                "The Doings of Raffles Haw"
            ],
            "question": "What is the title of the first Sherlock Holmes book by Arthur Conan Doyle?",
            "type": "multiple"
        },
        {
            "category": "Entertainment: Video Games",
            "correct_answer": "Dream Drop Distance",
            "difficulty": "hard",
            "incorrect_answers": [
                "Birth By Sleep",
                "365/2 Days",
                "Re:Chain of Memories"
            ],
            "question": "Which Kingdom Hearts game featured the cast of &quot;The World Ends With You&quot;?",
            "type": "multiple"
        },
        {
            "category": "Geography",
            "correct_answer": "Bratislava",
            "difficulty": "medium",
            "incorrect_answers": [
                "Sofia",
                "Ljubljana",
                "Sarajevo"
            ],
            "question": "What is the capital of Slovakia?",
            "type": "multiple"
        },
        {
            "category": "History",
            "correct_answer": "The Bahamas Archipelago",
            "difficulty": "medium",
            "incorrect_answers": [
                "Florida",
                "Isthmus of Panama",
                "Nicaragua"
            ],
            "question": "When Christopher Columbus sailed to America, what was the first region he arrived in?",
            "type": "multiple"
        },
        {
            "category": "History",
            "correct_answer": "True",
            "difficulty": "medium",
            "incorrect_answers": [
                "False"
            ],
            "question": "The Hundred Years&#039; War was fought for more than a hundred years.",
            "type": "boolean"
        },
        {
            "category": "Entertainment: Video Games",
            "correct_answer": "Cardboard Box",
            "difficulty": "easy",
            "incorrect_answers": [
                "Cloaking Device",
                "Metal Crate",
                "Cardboard cut-out"
            ],
            "question": "What does Solid Snake use to hide himself with?",
            "type": "multiple"
        },
        {
            "category": "Entertainment: Video Games",
            "correct_answer": "1",
            "difficulty": "easy",
            "incorrect_answers": [
                "3",
                "2",
                "5"
            ],
            "question": "In Rust, how many Timed Explosive Charges does it take to destroy a Ladder Hatch?",
            "type": "multiple"
        },
        {
            "category": "Entertainment: Film",
            "correct_answer": "False",
            "difficulty": "easy",
            "incorrect_answers": [
                "True"
            ],
            "question": "Brandon Routh plays the titular character in the movie &quot;John Wick&quot;.",
            "type": "boolean"
        },
        {
            "category": "Entertainment: Video Games",
            "correct_answer": "True",
            "difficulty": "medium",
            "incorrect_answers": [
                "False"
            ],
            "question": "In Monster Hunter Generations, guild style is a type of hunting style.",
            "type": "boolean"
        },
        {
            "category": "Animals",
            "correct_answer": "True",
            "difficulty": "easy",
            "incorrect_answers": [
                "False"
            ],
            "question": "Cats have whiskers under their legs.",
            "type": "boolean"
        },
        {
            "category": "Entertainment: Video Games",
            "correct_answer": "False",
            "difficulty": "easy",
            "incorrect_answers": [
                "True"
            ],
            "question": "In Pok&eacute;mon, Arbok evolves into Seviper.",
            "type": "boolean"
        },
        {
            "category": "Sports",
            "correct_answer": "84.39m",
            "difficulty": "medium",
            "incorrect_answers": [
                "100m",
                "100yd",
                "109.36yd"
            ],
            "question": "What is the exact length of one non-curved part in Lane 1 of an Olympic Track?",
            "type": "multiple"
        },
        {
            "category": "Science: Computers",
            "correct_answer": "IRC",
            "difficulty": "hard",
            "incorrect_answers": [
                "HTTP",
                "HTTPS",
                "FTP"
            ],
            "question": "What internet protocol was documented in RFC 1459?",
            "type": "multiple"
        },
        {
            "category": "Vehicles",
            "correct_answer": "Gimli Glider",
            "difficulty": "medium",
            "incorrect_answers": [
                "Gimli Microlight",
                "Gimli Chaser",
                "Gimli Superb"
            ],
            "question": "What nickname was given to Air Canada Flight 143 after it ran out of fuel and glided to safety in 1983?",
            "type": "multiple"
        },
        {
            "category": "History",
            "correct_answer": "Republican",
            "difficulty": "easy",
            "incorrect_answers": [
                "Democrat",
                "Independent",
                "Whig"
            ],
            "question": "To what political party did Abraham Lincoln belong when elected POTUS?",
            "type": "multiple"
        },
        {
            "category": "Entertainment: Video Games",
            "correct_answer": "Wait 3 Minutes",
            "difficulty": "hard",
            "incorrect_answers": [
                "Enter the password &quot;Fly Honey&quot;",
                "Enter the password &quot;Master Belch Rules&quot;",
                "Enter the password &quot;Mr Saturn Drools&quot;"
            ],
            "question": "In &quot;Earthbound&quot;, how does one enter &quot;Master Belch&#039;s&quot; factory?",
            "type": "multiple"
        },
        {
            "category": "Entertainment: Cartoon & Animations",
            "correct_answer": "Sandy&#039;s Treedome",
            "difficulty": "medium",
            "incorrect_answers": [
                "&quot;The Dome&quot;",
                "Sandy&#039;s Bubble",
                "Auquatic Reseach Centre"
            ],
            "question": "In &quot;SpongeBob SquarePants&quot;, what is the name of Sandy Cheek&#039;s place of residence?",
            "type": "multiple"
        },
        {
            "category": "Science & Nature",
            "correct_answer": "Henry",
            "difficulty": "hard",
            "incorrect_answers": [
                "Weber",
                "Coulomb",
                "Mho"
            ],
            "question": "What is the unit of electrical inductance?",
            "type": "multiple"
        },
        {
            "category": "Geography",
            "correct_answer": "Amsterdam",
            "difficulty": "hard",
            "incorrect_answers": [
                "Rio de Janero",
                "Toronto",
                "Hong Kong"
            ],
            "question": "Which of these cities has a 4&deg; East longitude. ",
            "type": "multiple"
        },
        {
            "category": "Entertainment: Film",
            "correct_answer": "Louis Theroux",
            "difficulty": "medium",
            "incorrect_answers": [
                "Errol Morris",
                "Joe Berlinger",
                "Adam Curtis"
            ],
            "question": "Which documentary film maker wrote and starred in the film &quot;My Scientology Movie&quot; which first debuted in 2015?",
            "type": "multiple"
        },
        {
            "category": "Entertainment: Video Games",
            "correct_answer": "Double Tap Root Beer",
            "difficulty": "medium",
            "incorrect_answers": [
                "Who&#039;s Who",
                "Juggernog",
                "Mule Kick"
            ],
            "question": "Which &quot;Perk-A-Cola&quot; in &quot;Call Of Duty: Zombies&quot; was &quot;reworked&quot; in &quot;Call of Duty: Black Ops II&quot;?",
            "type": "multiple"
        },
        {
            "category": "Entertainment: Musicals & Theatres",
            "correct_answer": "Brendon Urie",
            "difficulty": "hard",
            "incorrect_answers": [
                "Ed Sheeren",
                "Tom Cruise",
                "Dallon Weekes"
            ],
            "question": "Who played &quot;Charlie Price&quot; in the musical &quot;Kinky Boots&quot; on Broadway in New York from May 26th - Aug 6th 2017?",
            "type": "multiple"
        },
        {
            "category": "Entertainment: Japanese Anime & Manga",
            "correct_answer": "Charles",
            "difficulty": "medium",
            "incorrect_answers": [
                "Bubsy",
                "Kero",
                "Usagi"
            ],
            "question": "In the 2011 TV anime series, &quot;THE iDOLM@STER&quot;, what was the name of Iori&#039;s stuffed toy bunny?",
            "type": "multiple"
        },
        {
            "category": "Celebrities",
            "correct_answer": "Moose",
            "difficulty": "hard",
            "incorrect_answers": [
                "Dog",
                "Bear",
                "Goat"
            ],
            "question": "The eccentric natural philosopher Tycho Brahe kept what as a pet?",
            "type": "multiple"
        },
        {
            "category": "General Knowledge",
            "correct_answer": "South America",
            "difficulty": "medium",
            "incorrect_answers": [
                "Hawaii",
                "Europe",
                "Asia"
            ],
            "question": "Where did the pineapple plant originate?",
            "type": "multiple"
        }
    ]
}