{
    "response_code": 0,
    "results": [
        {
            "category": "General Knowledge",
            "correct_answer": "Wales",
            "difficulty": "easy",
            "incorrect_answers": [
                "Moldova",
                "Czech Republic",
                "Denmark"
            ],
            "question": "Where is the train station &quot;Llanfair&shy;pwllgwyngyll&shy;gogery&shy;chwyrn&shy;drobwll&shy;llan&shy;tysilio&shy;gogo&shy;goch&quot;?",
            "type": "multiple"
        },
        {
            "category": "Entertainment: Video Games",
            "correct_answer": "GLaDOS",
            "difficulty": "easy",
            "incorrect_answers": [
                "Chell",
                "Wheatley",
                "Rick"
            ],
            "question": "Who is the main antagonist in the Portal franchise?",
            "type": "multiple"
        },
        {
            "category": "Entertainment: Film",
            "correct_answer": "Westworld",
            "difficulty": "medium",
            "incorrect_answers": [
                "Runaway",
                "Android",
                "The Terminators"
            ],
            "question": "In which 1973 film does Yul Brynner play a robotic cowboy who malfunctions and goes on a killing\tspree?",
            "type": "multiple"
        },
        {
            "category": "Entertainment: Television",
            "correct_answer": "David Duchovny",
            "difficulty": "easy",
            "incorrect_answers": [
                "Gillian Anderson",
                "Robert Patrick",
                "Mitch Pileggi"
            ],
            "question": "Who played Agent Fox Mulder in the TV sci-fi drama &quot;The X-Files&quot;?",
            "type": "multiple"
        },
        {
            "category": "Geography",
            "correct_answer": "False",
            "difficulty": "medium",
            "incorrect_answers": [
                "True"
            ],
            "question": "Seoul is the capital of North Korea.",
            "type": "boolean"
        },
        {
            "category": "Politics",
            "correct_answer": "George Washington",
            "difficulty": "medium",
            "incorrect_answers": [
                "Abraham Lincoln",
                "Richard Nixon",
                "Thomas Jefferson"
            ],
            "question": "Who was the only president to not be in office in Washington D.C?",
            "type": "multiple"
        },
        {
            "category": "Entertainment: Video Games",
            "correct_answer": "False",
            "difficulty": "medium",
            "incorrect_answers": [
                "True"
            ],
            "question": "Super Mario Bros. was released in 1990.",
            "type": "boolean"
        },
        {
            "category": "History",
            "correct_answer": "September 1, 1939",
            "difficulty": "medium",
            "incorrect_answers": [
                "December 7, 1941",
                "June 22, 1941",
                "July 7, 1937"
            ],
            "question": "On what day did Germany invade Poland?",
            "type": "multiple"
        },
        {
            "category": "Entertainment: Comics",
            "correct_answer": "False",
            "difficulty": "hard",
            "incorrect_answers": [
                "True"
            ],
            "question": "In the comic book &quot;Archie&quot;, Betty is friends with Veronica because she is rich.",
            "type": "boolean"
        },
        {
            "category": "General Knowledge",
            "correct_answer": "February 14, 2005",
            "difficulty": "hard",
            "incorrect_answers": [
                "May 22, 2004",
                "September 12, 2005",
                "July 19, 2009"
            ],
            "question": "When was &quot;YouTube&quot; founded?",
            "type": "multiple"
        },
        {
            "category": "History",
            "correct_answer": "Ethiopia",
            "difficulty": "easy",
            "incorrect_answers": [
                "C&ocirc;te d&rsquo;Ivoire",
                "Congo",
                "Namibia"
            ],
            "question": "Which of the following African countries was most successful in resisting colonization?",
            "type": "multiple"
        },
        {
            "category": "Science: Computers",
            "correct_answer": ".svg",
            "difficulty": "easy",
            "incorrect_answers": [
                ".png",
                ".jpeg",
                ".gif"
            ],
            "question": "What is the most preferred image format used for logos in the Wikimedia database?",
            "type": "multiple"
        },
        {
            "category": "Entertainment: Film",
            "correct_answer": "Twin Ion Engine",
            "difficulty": "medium",
            "incorrect_answers": [
                "Twin Iron Engine",
                "Twin Intercepter Engine",
                "Twin Inception Engine"
            ],
            "question": "What does TIE stand for in reference to the TIE Fighter in &quot;Star Wars&quot;?",
            "type": "multiple"
        },
        {
            "category": "Entertainment: Television",
            "correct_answer": "Todd Chavez",
            "difficulty": "easy",
            "incorrect_answers": [
                "Lennie Turtletaub",
                "Princess Carolyn",
                "Tom Jumbo-Grumbo"
            ],
            "question": "Which of these Bojack Horseman characters is a human?",
            "type": "multiple"
        },
        {
            "category": "Entertainment: Video Games",
            "correct_answer": "9",
            "difficulty": "medium",
            "incorrect_answers": [
                "6",
                "10",
                "3"
            ],
            "question": "Excluding their instructor, how many members of Class VII are there in the game &quot;Legend of Heroes: Trails of Cold Steel&quot;?",
            "type": "multiple"
        },
        {
            "category": "Entertainment: Video Games",
            "correct_answer": "Zero Escape Zero Time Dilemma ",
            "difficulty": "medium",
            "incorrect_answers": [
                "Nine Hours, Nine Persons, Nine Doors ",
                "Zero Escape Virtue&#039;s Last Reward",
                "The Nonary Game: Sigma&#039;s Last Life"
            ],
            "question": "What is the final game of the &quot;Zero Escape&quot; series called?",
            "type": "multiple"
        },
        {
            "category": "Entertainment: Video Games",
            "correct_answer": "1998",
            "difficulty": "easy",
            "incorrect_answers": [
                "1987",
                "2001",
                "2004"
            ],
            "question": "In what year was &quot;Metal Gear Solid&quot; released in North America?",
            "type": "multiple"
        },
        {
            "category": "Entertainment: Music",
            "correct_answer": "Blonde",
            "difficulty": "easy",
            "incorrect_answers": [
                "Brunette",
                "Black",
                "Burgundy"
            ],
            "question": "What was the name of singer Frank Ocean&#039;s second studio album, which was released on August 20, 2016?",
            "type": "multiple"
        },
        {
            "category": "History",
            "correct_answer": "Afghanistan",
            "difficulty": "medium",
            "incorrect_answers": [
                "Turkmenistan",
                "Kazakhstan",
                "Uzbekistan"
            ],
            "question": "Which of these countries was NOT a part of the Soviet Union?",
            "type": "multiple"
        },
        {
            "category": "Entertainment: Board Games",
            "correct_answer": "1991",
            "difficulty": "medium",
            "incorrect_answers": [
                "1992",
                "1989",
                "1995"
            ],
            "question": "The board game, Nightmare was released in what year?",
            "type": "multiple"
        },
        {
            "category": "General Knowledge",
            "correct_answer": "True",
            "difficulty": "hard",
            "incorrect_answers": [
                "False"
            ],
            "question": "&quot;Number 16 Bus Shelter&quot; was a child&#039;s name that was approved by the New Zealand government.",
            "type": "boolean"
        },
        {
            "category": "Entertainment: Television",
            "correct_answer": "Bubbles (2016)",
            "difficulty": "medium",
            "incorrect_answers": [
                "Twilight Sparkle",
                "Timmy Turner",
                "Harley Quinn"
            ],
            "question": "Which character does voice actress Tara Strong NOT voice?",
            "type": "multiple"
        },
        {
            "category": "Entertainment: Music",
            "correct_answer": "Lisa Frank 420 / Modern Computing",
            "difficulty": "hard",
            "incorrect_answers": [
                "Smoke Weed 420 / Everyday",
                "Make Your Move 420 / My Mind",
                "It&#039;s All In Your Head 420 / Understand"
            ],
            "question": "What is the English title of the vaporwave track &quot;\u30ea\u30b5\u30d5\u30e9\u30f3\u30af420 / \u73fe\u4ee3\u306e\u30b3\u30f3\u30d4\u30e5\u30fc&quot; by Macintosh Plus (Vektroid)?",
            "type": "multiple"
        },
        {
            "category": "Entertainment: Film",
            "correct_answer": "Victoria",
            "difficulty": "medium",
            "incorrect_answers": [
                "Ip Man 2",
                "The Bourne Legacy",
                "L&eacute;on: The Professional"
            ],
            "question": "Which one of these action movies are shot entirely in one take?",
            "type": "multiple"
        },
        {
            "category": "Entertainment: Video Games",
            "correct_answer": "Singing into a Microphone",
            "difficulty": "hard",
            "incorrect_answers": [
                "Playing a Piano",
                "Using a Composer Software",
                "Listened to birds at the park"
            ],
            "question": "According to Toby Fox, what was the method to creating the initial tune for Megalovania?",
            "type": "multiple"
        },
        {
            "category": "Entertainment: Books",
            "correct_answer": "William Golding",
            "difficulty": "easy",
            "incorrect_answers": [
                "Stephen King",
                "F. Scott Fitzgerald",
                "Hunter Fox"
            ],
            "question": "Who was the author of the 1954 novel, &quot;Lord of the Flies&quot;?",
            "type": "multiple"
        },
        {
            "category": "Mythology",
            "correct_answer": "The Sea",
            "difficulty": "easy",
            "incorrect_answers": [
                "War",
                "Sun",
                "Fire"
            ],
            "question": "The greek god Poseidon was the god of what?",
            "type": "multiple"
        },
        {
            "category": "Entertainment: Japanese Anime & Manga",
            "correct_answer": "Class 3-E",
            "difficulty": "medium",
            "incorrect_answers": [
                "Class 3-A",
                "Class 3-B",
                "Class 3-D"
            ],
            "question": "In the anime Assassination Classroom what is the class that Korosensei teaches?",
            "type": "multiple"
        },
        {
            "category": "History",
            "correct_answer": "Golf",
            "difficulty": "easy",
            "incorrect_answers": [
                "Football",
                "Tennis",
                "Soccer"
            ],
            "question": "What was the first sport to have been played on the moon?",
            "type": "multiple"
        },
        {
            "category": "Entertainment: Comics",
            "correct_answer": "Daredevil",
            "difficulty": "easy",
            "incorrect_answers": [
                "Thor",
                "Wolverine",
                "Hulk"
            ],
            "question": "This Marvel superhero is often called &quot;The man without fear&quot;.",
            "type": "multiple"
        },
        {
            "category": "Science: Computers",
            "correct_answer": "Assembly",
            "difficulty": "medium",
            "incorrect_answers": [
                "Python",
                "C#",
                "Pascal"
            ],
            "question": "Which of these programming languages is a low-level language?",
            "type": "multiple"
        },
        {
            "category": "Entertainment: Music",
            "correct_answer": "Andreas Vollenweider",
            "difficulty": "medium",
            "incorrect_answers": [
                "Jean-Michel Jarre",
                "Bing Crosby",
                "Enya"
            ],
            "question": "Who recorded the album called &quot;Down to the Moon&quot; in 1986?",
            "type": "multiple"
        },
        {
            "category": "Entertainment: Video Games",
            "correct_answer": "Ultimate Swimmer",
            "difficulty": "hard",
            "incorrect_answers": [
                "Ultimate Detective",
                "Ultimate Gambler",
                "Ultimate Dancer"
            ],
            "question": "In the game Danganronpa: Happy Trigger Havoc, the character Aoi Asahina&#039;s ultimate ability is what?",
            "type": "multiple"
        },
        {
            "category": "Entertainment: Video Games",
            "correct_answer": "Malva",
            "difficulty": "easy",
            "incorrect_answers": [
                "Siebold",
                "Wikstrom",
                "Drasna"
            ],
            "question": "Which of the following Elite Four members from the 6th Generation of Pok&eacute;mon was a member of Team Flare?",
            "type": "multiple"
        },
        {
            "category": "General Knowledge",
            "correct_answer": "150",
            "difficulty": "hard",
            "incorrect_answers": [
                "200",
                "100",
                "155"
            ],
            "question": "How many calories are in a 355 ml can of Pepsi Cola?",
            "type": "multiple"
        },
        {
            "category": "Entertainment: Film",
            "correct_answer": "1997",
            "difficulty": "medium",
            "incorrect_answers": [
                "1996",
                "1998",
                "1999"
            ],
            "question": "What year did the James Cameron film &quot;Titanic&quot; come out in theaters?",
            "type": "multiple"
        },
        {
            "category": "Entertainment: Music",
            "correct_answer": "True",
            "difficulty": "medium",
            "incorrect_answers": [
                "False"
            ],
            "question": "3 members of 2 Live Crew were arrested for playing songs from their album, As Nasty As They Wanna Be, live.",
            "type": "boolean"
        },
        {
            "category": "Geography",
            "correct_answer": "Maori",
            "difficulty": "easy",
            "incorrect_answers": [
                "Vikings",
                "Polynesians",
                "Samoans"
            ],
            "question": "What is the name of New Zealand&#039;s indigenous people?",
            "type": "multiple"
        },
        {
            "category": "Entertainment: Music",
            "correct_answer": "Aardman Animations",
            "difficulty": "hard",
            "incorrect_answers": [
                "HIT Entertainment",
                "Illumination Entertainment",
                "VIZ Media"
            ],
            "question": "Which company did the animation for Peter Gabriel&#039;s Video Sledgehammer (1986)?",
            "type": "multiple"
        },
        {
            "category": "History",
            "correct_answer": "The Flamingo",
            "difficulty": "medium",
            "incorrect_answers": [
                "The MGM Grand",
                "The Sands",
                "The Sahara"
            ],
            "question": "Which Las Vegas casino was originally constructed and operated by mobster Bugsy Siegel?",
            "type": "multiple"
        },
        {
            "category": "History",
            "correct_answer": "1792",
            "difficulty": "medium",
            "incorrect_answers": [
                "1782",
                "1798",
                "1788"
            ],
            "question": "In what year did Kentucky become the 15th state to join the union?",
            "type": "multiple"
        },
        {
            "category": "Entertainment: Video Games",
            "correct_answer": "Counter-Strike 1.6",
            "difficulty": "easy",
            "incorrect_answers": [
                "Half-Life",
                "Half-Life 2",
                "Team Fortress"
            ],
            "question": "What game was used to advertise Steam?",
            "type": "multiple"
        },
        {
            "category": "Animals",
            "correct_answer": "True",
            "difficulty": "easy",
            "incorrect_answers": [
                "False"
            ],
            "question": "The Killer Whale is considered a type of dolphin.",
            "type": "boolean"
        },
        {
            "category": "Science & Nature",
            "correct_answer": "False",
            "difficulty": "medium",
            "incorrect_answers": [
                "True"
            ],
            "question": "Sugar contains fat.",
            "type": "boolean"
        },
        {
            "category": "Entertainment: Video Games",
            "correct_answer": "Monster Hunter Tri",
            "difficulty": "hard",
            "incorrect_answers": [
                "Monster Hunter Freedom Unite",
                "Monster Hunter Frontier",
                "Monster Hunter Generations"
            ],
            "question": "Which game in the &quot;Monster Hunter&quot; series introduced the monster &quot;Gobul&quot;?",
            "type": "multiple"
        },
        {
            "category": "Entertainment: Video Games",
            "correct_answer": "False",
            "difficulty": "medium",
            "incorrect_answers": [
                "True"
            ],
            "question": "In &quot;Call Of Duty: World At War&quot;, the first appearance of the &quot;PPSH-41&quot; in &quot;Zombies&quot; was in the map &quot;Der Riese&quot;.",
            "type": "boolean"
        },
        {
            "category": "Entertainment: Books",
            "correct_answer": "&quot;So long, and thanks for all the fish.&quot;",
            "difficulty": "medium",
            "incorrect_answers": [
                "&quot;The answer is 42.&quot;",
                "&quot;Land of the brave.&quot;",
                "&quot;Goodbye cruel world!&quot;"
            ],
            "question": "What was the last message of the Dolphins in &quot;The Hitchhiker&#039;s Guide to the Galaxy&quot;?",
            "type": "multiple"
        },
        {
            "category": "Entertainment: Video Games",
            "correct_answer": "Hideo Kojima",
            "difficulty": "easy",
            "incorrect_answers": [
                "Hiroshi Yamauchi",
                "Shigeru Miyamoto",
                "Gunpei Yokoi"
            ],
            "question": "Who created the &quot;Metal Gear&quot; Series?",
            "type": "multiple"
        },
        {
            "category": "Entertainment: Cartoon & Animations",
            "correct_answer": "10",
            "difficulty": "medium",
            "incorrect_answers": [
                "12",
                "11",
                "13"
            ],
            "question": "How many episodes were in season five of Samurai Jack?",
            "type": "multiple"
        },
        {
            "category": "Entertainment: Video Games",
            "correct_answer": "Gradius",
            "difficulty": "medium",
            "incorrect_answers": [
                "Contra",
                "Castlevania",
                "Dance Dance Revolution"
            ],
            "question": "In which game did the Konami Code make its first appearance?",
            "type": "multiple"
        }
    ]
}