{
    "response_code": 0,
    "results": [
        {
            "category": "Entertainment: Video Games",
            "correct_answer": "Link",
            "difficulty": "easy",
            "incorrect_answers": [
                "Mario",
                "Zelda",
                "Pit"
            ],
            "question": "What&#039;s the name of the main protagonist in the &quot;Legend of Zelda&quot; franchise?",
            "type": "multiple"
        },
        {
            "category": "Entertainment: Japanese Anime & Manga",
            "correct_answer": "Hayao Miyazaki",
            "difficulty": "medium",
            "incorrect_answers": [
                "Isao Takahata",
                "Mamoru Hosoda",
                "Hidetaka Miyazaki"
            ],
            "question": "Who created the animated movie &quot;Spirited Away&quot; (2001)?",
            "type": "multiple"
        },
        {
            "category": "Mythology",
            "correct_answer": "Participating in cannibalism.",
            "difficulty": "medium",
            "incorrect_answers": [
                "Excessive mutilation of animal corpses.",
                "Performing a ritual involving murder.",
                "Drinking the blood of many slain animals."
            ],
            "question": "According to Algonquian folklore, how does one transform into a Wendigo?",
            "type": "multiple"
        },
        {
            "category": "Science & Nature",
            "correct_answer": "Red",
            "difficulty": "medium",
            "incorrect_answers": [
                "Blue",
                "Purple",
                "Green"
            ],
            "question": "What is the colour of unoxidized blood?",
            "type": "multiple"
        },
        {
            "category": "Entertainment: Music",
            "correct_answer": "Justin Bieber",
            "difficulty": "easy",
            "incorrect_answers": [
                "Selena Gomez",
                "Ellie Goulding",
                "The Weeknd"
            ],
            "question": "Which singer was featured in Jack &Uuml; (Skrillex &amp; Diplo)&#039;s 2015 song &#039;Where Are &Uuml; Now&#039;?",
            "type": "multiple"
        },
        {
            "category": "Entertainment: Video Games",
            "correct_answer": "Ricochet",
            "difficulty": "hard",
            "incorrect_answers": [
                "Day of Defeat",
                "Counter-Strike",
                "Alien Swarm"
            ],
            "question": "Which one of the following titles by Valve is not based on a Community Mod?",
            "type": "multiple"
        },
        {
            "category": "Science: Computers",
            "correct_answer": "2000",
            "difficulty": "medium",
            "incorrect_answers": [
                "1998",
                "1999",
                "2001"
            ],
            "question": "When was the programming language &quot;C#&quot; released?",
            "type": "multiple"
        },
        {
            "category": "Mythology",
            "correct_answer": "Jason",
            "difficulty": "easy",
            "incorrect_answers": [
                "Castor",
                "Daedalus",
                "Odysseus"
            ],
            "question": "Who in Greek mythology, who led the Argonauts in search of the Golden Fleece?",
            "type": "multiple"
        },
        {
            "category": "Entertainment: Books",
            "correct_answer": "Hunter S. Thompson",
            "difficulty": "easy",
            "incorrect_answers": [
                "F. Scott Fitzgerald",
                "Henry Miller",
                "William S. Burroughs"
            ],
            "question": "Who wrote the novel &#039;Fear And Loathing In Las Vegas&#039;?",
            "type": "multiple"
        },
        {
            "category": "Science & Nature",
            "correct_answer": "Jupiter",
            "difficulty": "medium",
            "incorrect_answers": [
                "Uranus",
                "Neptune",
                "Mars"
            ],
            "question": "Gannymede is the largest moon of which planet?",
            "type": "multiple"
        },
        {
            "category": "General Knowledge",
            "correct_answer": "Tango",
            "difficulty": "easy",
            "incorrect_answers": [
                "Target",
                "Taxi",
                "Turkey"
            ],
            "question": "What word represents the letter &#039;T&#039; in the NATO phonetic alphabet?",
            "type": "multiple"
        },
        {
            "category": "Sports",
            "correct_answer": "Golf Putting Green",
            "difficulty": "medium",
            "incorrect_answers": [
                " Football Pitch",
                "Cricket Outfield",
                "Pinball Table"
            ],
            "question": "A stimpmeter measures the speed of a ball over what surface?",
            "type": "multiple"
        },
        {
            "category": "History",
            "correct_answer": "Germany",
            "difficulty": "medium",
            "incorrect_answers": [
                "Britain",
                "Belgium",
                "France"
            ],
            "question": "The Herero genocide was perpetrated in Africa by which of the following colonial nations?",
            "type": "multiple"
        },
        {
            "category": "Science: Mathematics",
            "correct_answer": "True",
            "difficulty": "medium",
            "incorrect_answers": [
                "False"
            ],
            "question": "The proof for the Chinese Remainder Theorem used in Number Theory was NOT developed by its first publisher, Sun Tzu.",
            "type": "boolean"
        },
        {
            "category": "Geography",
            "correct_answer": "Africa",
            "difficulty": "medium",
            "incorrect_answers": [
                "South America",
                "Europe",
                "Asia"
            ],
            "question": "On which continent is the country of Angola located?",
            "type": "multiple"
        },
        {
            "category": "Science & Nature",
            "correct_answer": "H20",
            "difficulty": "easy",
            "incorrect_answers": [
                "C12H6O2",
                "CO2",
                "H"
            ],
            "question": "What is the chemical makeup of water?",
            "type": "multiple"
        },
        {
            "category": "Geography",
            "correct_answer": "Paradise, Nevada",
            "difficulty": "hard",
            "incorrect_answers": [
                "Las Vegas, Nevada",
                "Winchester, Nevada",
                "Jackpot, Nevada"
            ],
            "question": "Where is the Luxor Hotel &amp; Casino located?",
            "type": "multiple"
        },
        {
            "category": "Entertainment: Video Games",
            "correct_answer": "2003",
            "difficulty": "hard",
            "incorrect_answers": [
                "2004",
                "2011",
                "2007"
            ],
            "question": "When was Steam first released?",
            "type": "multiple"
        },
        {
            "category": "Science: Gadgets",
            "correct_answer": "Benjamin Franklin",
            "difficulty": "easy",
            "incorrect_answers": [
                "Nikola Tesla",
                "Luigi Galvani",
                " Alessandro Volta"
            ],
            "question": "The term &quot;battery&quot; to describe an electrical storage device was coined by?",
            "type": "multiple"
        },
        {
            "category": "Entertainment: Music",
            "correct_answer": "Santa Clara Vanguard",
            "difficulty": "hard",
            "incorrect_answers": [
                "Blue Devils",
                "The Academy",
                "The Bluecoats"
            ],
            "question": "Who won the 1989 Drum Corps International championships?",
            "type": "multiple"
        },
        {
            "category": "Entertainment: Video Games",
            "correct_answer": "Pok&eacute;mon Crystal",
            "difficulty": "medium",
            "incorrect_answers": [
                "Pok&eacute;mon Platinum",
                "Pok&eacute;mon FireRed",
                "Pok&eacute;mon Black"
            ],
            "question": "Which of the following Pok&eacute;mon games released first?",
            "type": "multiple"
        },
        {
            "category": "Science & Nature",
            "correct_answer": "38",
            "difficulty": "medium",
            "incorrect_answers": [
                "73",
                "47",
                "11"
            ],
            "question": "What is the atomic number of the element Strontium?",
            "type": "multiple"
        },
        {
            "category": "General Knowledge",
            "correct_answer": "Chapeau",
            "difficulty": "easy",
            "incorrect_answers": [
                "Bonnet",
                " &Eacute;charpe",
                " Casque"
            ],
            "question": "What is the French word for &quot;hat&quot;?",
            "type": "multiple"
        },
        {
            "category": "Entertainment: Video Games",
            "correct_answer": "Chronal Accelerator",
            "difficulty": "hard",
            "incorrect_answers": [
                "B.L.I.N.K",
                "Spacial Displacement Manipulator",
                "TMD (Time Manipulation Device)"
            ],
            "question": "What device allows Tracer to manipulate her own time in the game &quot;Overwatch&quot;?",
            "type": "multiple"
        },
        {
            "category": "General Knowledge",
            "correct_answer": "True",
            "difficulty": "easy",
            "incorrect_answers": [
                "False"
            ],
            "question": "In 2010, Twitter and the United States Library of Congress partnered together to archive every tweet by American citizens.",
            "type": "boolean"
        },
        {
            "category": "Mythology",
            "correct_answer": "False",
            "difficulty": "medium",
            "incorrect_answers": [
                "True"
            ],
            "question": "The Japanese god Izanagi successfully returned his wife Izanami from the Underworld.",
            "type": "boolean"
        },
        {
            "category": "Entertainment: Japanese Anime & Manga",
            "correct_answer": "JoJo Kikasu",
            "difficulty": "hard",
            "incorrect_answers": [
                "Jean-Pierre Polnareff",
                "George Joestar",
                "Risotto Nero"
            ],
            "question": "Winch of these names are not a character of JoJo&#039;s Bizarre Adventure?",
            "type": "multiple"
        },
        {
            "category": "History",
            "correct_answer": "Twice",
            "difficulty": "medium",
            "incorrect_answers": [
                "Five",
                "Thrice",
                "Once"
            ],
            "question": "How many times was Albert Einstein married in his lifetime?",
            "type": "multiple"
        },
        {
            "category": "Entertainment: Video Games",
            "correct_answer": "True",
            "difficulty": "medium",
            "incorrect_answers": [
                "False"
            ],
            "question": "TF2: The Heavy&#039;s voice actor, Gary Schwartz, voices the Demoman as well ",
            "type": "boolean"
        },
        {
            "category": "Science & Nature",
            "correct_answer": "Copenhagen",
            "difficulty": "medium",
            "incorrect_answers": [
                "Odense",
                "Herning",
                "Skagen"
            ],
            "question": "After which Danish city is the 72th element on the periodic table named?",
            "type": "multiple"
        },
        {
            "category": "Entertainment: Japanese Anime & Manga",
            "correct_answer": "True",
            "difficulty": "easy",
            "incorrect_answers": [
                "False"
            ],
            "question": "In the &quot;Melancholy of Haruhi Suzumiya&quot; series, the narrator goes by the nickname Kyon.",
            "type": "boolean"
        },
        {
            "category": "Entertainment: Music",
            "correct_answer": "Welcome to Miami",
            "difficulty": "medium",
            "incorrect_answers": [
                "Dale",
                "Global Warming",
                "Armando"
            ],
            "question": "Which of these is NOT a name of an album released by American rapper Pitbull?",
            "type": "multiple"
        },
        {
            "category": "Celebrities",
            "correct_answer": "5&prime; 7&Prime;",
            "difficulty": "hard",
            "incorrect_answers": [
                "5&prime; 9&Prime;",
                "5&prime; 4&Prime;",
                "5&prime; 5&Prime;"
            ],
            "question": "How tall is Tom Cruise?",
            "type": "multiple"
        },
        {
            "category": "History",
            "correct_answer": "March 11th, 1990",
            "difficulty": "hard",
            "incorrect_answers": [
                "December 25th, 1991",
                "December 5th, 1991",
                "April 20th, 1989"
            ],
            "question": "When did Lithuania declare independence from the Soviet Union?",
            "type": "multiple"
        },
        {
            "category": "Entertainment: Cartoon & Animations",
            "correct_answer": "Willi Wakker",
            "difficulty": "medium",
            "incorrect_answers": [
                "Dick Tingeler",
                "Helmut Schmacker",
                "Rod Tapper"
            ],
            "question": "What is the cartoon character, Andy Capp, known as in Germany?",
            "type": "multiple"
        },
        {
            "category": "Science: Computers",
            "correct_answer": "False",
            "difficulty": "easy",
            "incorrect_answers": [
                "True"
            ],
            "question": "Time on Computers is measured via the EPOX System.",
            "type": "boolean"
        },
        {
            "category": "Entertainment: Japanese Anime & Manga",
            "correct_answer": "Golgo 13",
            "difficulty": "medium",
            "incorrect_answers": [
                "JoJo&#039;s Bizarre Adventure",
                "Detective Conan",
                "One Piece"
            ],
            "question": "Which of the following manga have the most tankouban volumes?",
            "type": "multiple"
        },
        {
            "category": "Entertainment: Board Games",
            "correct_answer": "Bishop and Rook",
            "difficulty": "medium",
            "incorrect_answers": [
                "Rook and King",
                "Knight and Bishop",
                "King and Knight"
            ],
            "question": "In Chess, the Queen has the combined movement of which two pieces?",
            "type": "multiple"
        },
        {
            "category": "Entertainment: Video Games",
            "correct_answer": "2011",
            "difficulty": "medium",
            "incorrect_answers": [
                "2010",
                "2008",
                "2009"
            ],
            "question": "In what year were screenshots added to Steam?",
            "type": "multiple"
        },
        {
            "category": "Science: Gadgets",
            "correct_answer": "1996",
            "difficulty": "easy",
            "incorrect_answers": [
                "1989",
                "1992",
                "1990"
            ],
            "question": "When was the Tamagotchi digital pet released?",
            "type": "multiple"
        },
        {
            "category": "Entertainment: Japanese Anime & Manga",
            "correct_answer": "Ultimate",
            "difficulty": "easy",
            "incorrect_answers": [
                "Mega",
                "Adult",
                "Champion"
            ],
            "question": "In Digimon, what is the Japanese name for the final evolutionary stage?",
            "type": "multiple"
        },
        {
            "category": "Entertainment: Video Games",
            "correct_answer": "Threshold",
            "difficulty": "hard",
            "incorrect_answers": [
                "Substance",
                "Sanghelios",
                "Te"
            ],
            "question": "In &quot;Halo&quot;, what is the name of the planet which Installation 04 orbits?",
            "type": "multiple"
        },
        {
            "category": "Geography",
            "correct_answer": "103",
            "difficulty": "medium",
            "incorrect_answers": [
                "10",
                "59",
                "79"
            ],
            "question": "In the 2016 Global Peace Index poll, out of 163 countries, what was the United States of America ranked?",
            "type": "multiple"
        },
        {
            "category": "Art",
            "correct_answer": "Kobicha",
            "difficulty": "hard",
            "incorrect_answers": [
                "Byzantium",
                "Pomp and Power",
                "Palatinate"
            ],
            "question": "Which of these is not an additional variation of the color purple?",
            "type": "multiple"
        },
        {
            "category": "Entertainment: Video Games",
            "correct_answer": "Shangri-La",
            "difficulty": "medium",
            "incorrect_answers": [
                "Ascension",
                "Moon",
                "Die Rise"
            ],
            "question": "In &quot;Call Of Duty: Zombies&quot;, completing which map&#039;s easter egg will reward you with the achievement, &quot;Time Travel Will Tell&quot;?",
            "type": "multiple"
        },
        {
            "category": "Entertainment: Video Games",
            "correct_answer": "Willamette Parkview Mall",
            "difficulty": "easy",
            "incorrect_answers": [
                "Liberty Mall",
                "Twin Pines Mall",
                "Central Square Shopping Center"
            ],
            "question": "In which mall does &quot;Dead Rising&quot; take place?",
            "type": "multiple"
        },
        {
            "category": "History",
            "correct_answer": "True",
            "difficulty": "easy",
            "incorrect_answers": [
                "False"
            ],
            "question": "The French Kingdom helped the United States gain their independence over Great Britain during the Revolutionary War.",
            "type": "boolean"
        },
        {
            "category": "Entertainment: Japanese Anime & Manga",
            "correct_answer": "Domino&#039;s",
            "difficulty": "easy",
            "incorrect_answers": [
                "Papa John&#039;s",
                "Pizza Hut",
                "Sabarro&#039;s"
            ],
            "question": "In 2013, virtual pop-star Hatsune Miku had a sponsorship with which pizza chain?",
            "type": "multiple"
        },
        {
            "category": "Entertainment: Music",
            "correct_answer": "808s &amp; Heartbreak",
            "difficulty": "medium",
            "incorrect_answers": [
                "Late Registration",
                "The Life of Pablo",
                "Graduation"
            ],
            "question": "Which album by American rapper Kanye West contained songs such as &quot;Love Lockdown&quot;, &quot;Paranoid&quot; and &quot;Heartless&quot;?",
            "type": "multiple"
        },
        {
            "category": "General Knowledge",
            "correct_answer": "John F. Kennedy",
            "difficulty": "easy",
            "incorrect_answers": [
                "Theodore Roosevelt",
                "Abraham Lincoln",
                "Thomas Jefferson"
            ],
            "question": "Which of the following presidents is not on Mount Rushmore?",
            "type": "multiple"
        }
    ]
}