{
    "response_code": 0,
    "results": [
        {
            "category": "Science: Computers",
            "correct_answer": "Moving Picture",
            "difficulty": "easy",
            "incorrect_answers": [
                "Music Player",
                "Multi Pass",
                "Micro Point"
            ],
            "question": "What does the &quot;MP&quot; stand for in MP3?",
            "type": "multiple"
        },
        {
            "category": "Geography",
            "correct_answer": "False",
            "difficulty": "medium",
            "incorrect_answers": [
                "True"
            ],
            "question": "The flag of South Africa features 7 colours.",
            "type": "boolean"
        },
        {
            "category": "Entertainment: Video Games",
            "correct_answer": "Oilrig",
            "difficulty": "easy",
            "incorrect_answers": [
                "Assault",
                "Mirage",
                "Cache"
            ],
            "question": "Which of these is NOT a map included in the game Counter-Strike: Global Offensive?",
            "type": "multiple"
        },
        {
            "category": "Science & Nature",
            "correct_answer": "Hydrogen",
            "difficulty": "easy",
            "incorrect_answers": [
                "Helium",
                "Oxygen",
                "Lithium"
            ],
            "question": "What is the first element on the periodic table?",
            "type": "multiple"
        },
        {
            "category": "Science: Mathematics",
            "correct_answer": "3.14159",
            "difficulty": "medium",
            "incorrect_answers": [
                "3.14169",
                "3.12423",
                "3.25812"
            ],
            "question": "What are the first 6 digits of the number &quot;Pi&quot;?",
            "type": "multiple"
        },
        {
            "category": "Entertainment: Film",
            "correct_answer": "Guys and Dolls",
            "difficulty": "medium",
            "incorrect_answers": [
                "Anchors Aweigh",
                "From Here to Eternity",
                "High Society"
            ],
            "question": "In which 1955 film does Frank Sinatra play Nathan Detroit?",
            "type": "multiple"
        },
        {
            "category": "Entertainment: Music",
            "correct_answer": "True",
            "difficulty": "easy",
            "incorrect_answers": [
                "False"
            ],
            "question": "Eurobeat is primarily an Italian genre of music.",
            "type": "boolean"
        },
        {
            "category": "Entertainment: Music",
            "correct_answer": "MGMT",
            "difficulty": "medium",
            "incorrect_answers": [
                "Passion Pit",
                "Phoenix",
                "Franz Ferdinand"
            ],
            "question": "Which band released songs such as &quot;Electric Feel&quot;, &quot;Kids&quot;, and &quot;Time to Pretend&quot;?",
            "type": "multiple"
        },
        {
            "category": "Geography",
            "correct_answer": "Cyprus",
            "difficulty": "medium",
            "incorrect_answers": [
                "Malta",
                "Greece",
                "Portugal"
            ],
            "question": "Which of the following countries is within the Eurozone but outside of the Schengen Area?",
            "type": "multiple"
        },
        {
            "category": "History",
            "correct_answer": "Zhai (\u7fdf)",
            "difficulty": "medium",
            "incorrect_answers": [
                "Zhao (\u8d99)",
                "Qin (\u79e6)",
                "Qi (\u9f4a)"
            ],
            "question": "All of the following are names of the Seven Warring States EXCEPT:",
            "type": "multiple"
        },
        {
            "category": "History",
            "correct_answer": "Switzerland",
            "difficulty": "easy",
            "incorrect_answers": [
                "United Kingdom",
                "France",
                "Italy"
            ],
            "question": "Which of these countries remained neutral during World War II?",
            "type": "multiple"
        },
        {
            "category": "Science & Nature",
            "correct_answer": "Patella",
            "difficulty": "hard",
            "incorrect_answers": [
                "Femur",
                "Foramen Magnum",
                "Scapula"
            ],
            "question": "What is the scientific name of the knee cap?",
            "type": "multiple"
        },
        {
            "category": "Entertainment: Video Games",
            "correct_answer": "Ocarina of Time",
            "difficulty": "medium",
            "incorrect_answers": [
                "Majora&#039;s Mask",
                "A Link to the Past",
                "The Wind Waker"
            ],
            "question": "In the game series &quot;The Legend of Zelda&quot;, what was the first 3D game?",
            "type": "multiple"
        },
        {
            "category": "Geography",
            "correct_answer": "Spanish",
            "difficulty": "easy",
            "incorrect_answers": [
                "English",
                "Portuguese",
                "Creole"
            ],
            "question": "What is the official language of Costa Rica?",
            "type": "multiple"
        },
        {
            "category": "History",
            "correct_answer": "Post cards",
            "difficulty": "hard",
            "incorrect_answers": [
                "Alcohol",
                "Cigarettes",
                "Sodas "
            ],
            "question": "What did the first vending machines in the early 1880&#039;s dispense?",
            "type": "multiple"
        },
        {
            "category": "Science: Gadgets",
            "correct_answer": "False",
            "difficulty": "easy",
            "incorrect_answers": [
                "True"
            ],
            "question": "The communication protocol NFC stands for Near-Field Control.",
            "type": "boolean"
        },
        {
            "category": "Science & Nature",
            "correct_answer": "Marie &amp; Pierre Curie",
            "difficulty": "easy",
            "incorrect_answers": [
                "The Curiosity Rover",
                "Curious George",
                "Stephen Curry"
            ],
            "question": "Who is the chemical element Curium named after?",
            "type": "multiple"
        },
        {
            "category": "Entertainment: Video Games",
            "correct_answer": "The Witch",
            "difficulty": "medium",
            "incorrect_answers": [
                "The Tank",
                "The Smoker",
                "The Spitter"
            ],
            "question": "In Left 4 Dead, what is the name of the Special Infected that is unplayable in Versus mode?",
            "type": "multiple"
        },
        {
            "category": "Entertainment: Video Games",
            "correct_answer": "Spy",
            "difficulty": "easy",
            "incorrect_answers": [
                "Heavy",
                "Medic",
                "Pyro"
            ],
            "question": "What is Gabe Newell&#039;s favorite class in Team Fortress 2?",
            "type": "multiple"
        },
        {
            "category": "Celebrities",
            "correct_answer": "Pneumonia",
            "difficulty": "medium",
            "incorrect_answers": [
                "Stomach Cancer",
                "HIV",
                "Brain Hemorrhage"
            ],
            "question": "What was the cause of death for Freddie Mercury?",
            "type": "multiple"
        },
        {
            "category": "Entertainment: Video Games",
            "correct_answer": "30",
            "difficulty": "medium",
            "incorrect_answers": [
                "5",
                "60",
                "15"
            ],
            "question": "By how many minutes are you late to work in &quot;Half-Life&quot;?",
            "type": "multiple"
        },
        {
            "category": "History",
            "correct_answer": "True",
            "difficulty": "medium",
            "incorrect_answers": [
                "False"
            ],
            "question": "Theodore Roosevelt Jr. was the only General involved in the initial assault on D-Day.",
            "type": "boolean"
        },
        {
            "category": "Entertainment: Japanese Anime & Manga",
            "correct_answer": "&quot;How disgusting.&quot;",
            "difficulty": "hard",
            "incorrect_answers": [
                "&quot;Idiot, I won&#039;t let you kill me!&quot;",
                "&quot;Nothing.&quot;",
                "&quot;Goddammit, Shinji.&quot;"
            ],
            "question": "What is the last line muttered in the anime film &quot;The End of Evangelion&quot;?",
            "type": "multiple"
        },
        {
            "category": "History",
            "correct_answer": "107 BCE",
            "difficulty": "medium",
            "incorrect_answers": [
                "42 BCE",
                "264 BCE",
                "102 CE"
            ],
            "question": "What year were the Marian Reforms instituted in the Roman Republic?",
            "type": "multiple"
        },
        {
            "category": "History",
            "correct_answer": "April 20, 1889",
            "difficulty": "medium",
            "incorrect_answers": [
                "June 12, 1889",
                "February 6, 1889",
                "April 16, 1889"
            ],
            "question": "Adolf Hitler was born on which date?",
            "type": "multiple"
        },
        {
            "category": "Entertainment: Television",
            "correct_answer": "Green",
            "difficulty": "easy",
            "incorrect_answers": [
                "Blue",
                "Red",
                "Purple"
            ],
            "question": "In the Star Trek universe, what color is Vulcan blood?",
            "type": "multiple"
        },
        {
            "category": "General Knowledge",
            "correct_answer": "1 Month",
            "difficulty": "hard",
            "incorrect_answers": [
                "3 Weeks",
                "1 Week",
                "2 Months"
            ],
            "question": "How long did it take the motorized window washers of the original World Trade Center to clean the entire exterior of the building?",
            "type": "multiple"
        },
        {
            "category": "Entertainment: Video Games",
            "correct_answer": "False",
            "difficulty": "easy",
            "incorrect_answers": [
                "True"
            ],
            "question": "In Splatoon, the Squid Sisters are named Tako and Yaki.",
            "type": "boolean"
        },
        {
            "category": "Entertainment: Video Games",
            "correct_answer": "3",
            "difficulty": "medium",
            "incorrect_answers": [
                "2",
                "4",
                "5"
            ],
            "question": "How many times do you fight the Imprisoned in The Legend of Zelda: Skyward Sword?",
            "type": "multiple"
        },
        {
            "category": "History",
            "correct_answer": "Tem&uuml;jin",
            "difficulty": "medium",
            "incorrect_answers": [
                "M&ouml;ngke",
                "&Ouml;gedei",
                "Tem&uuml;r"
            ],
            "question": "What was Genghis Khan&#039;s real name?",
            "type": "multiple"
        },
        {
            "category": "Entertainment: Music",
            "correct_answer": "False",
            "difficulty": "easy",
            "incorrect_answers": [
                "True"
            ],
            "question": "A Saxophone is a brass instrument.",
            "type": "boolean"
        },
        {
            "category": "Entertainment: Film",
            "correct_answer": "Always wear a shirt",
            "difficulty": "medium",
            "incorrect_answers": [
                "You do not talk about FIGHT CLUB",
                "Only two guys to a fight",
                "Fights will go on as long as they have to"
            ],
            "question": "In the 1999 movie Fight Club, which of these is not a rule of the &quot;fight club&quot;?",
            "type": "multiple"
        },
        {
            "category": "Entertainment: Books",
            "correct_answer": "The main character&#039;s trauma in childhood",
            "difficulty": "hard",
            "incorrect_answers": [
                "The relation it has with killing the innocents",
                "The villain&#039;s favourite meal",
                "The voice of innocent people being shut by the powerful"
            ],
            "question": "Where does the book &quot;The Silence of the Lambs&quot; get its title from?",
            "type": "multiple"
        },
        {
            "category": "Science: Computers",
            "correct_answer": "False",
            "difficulty": "medium",
            "incorrect_answers": [
                "True"
            ],
            "question": "The first dual-core CPU was the Intel Pentium D.",
            "type": "boolean"
        },
        {
            "category": "Entertainment: Video Games",
            "correct_answer": "Solid Snake",
            "difficulty": "medium",
            "incorrect_answers": [
                "Pit",
                "Meta Knight",
                "R.O.B."
            ],
            "question": "Which of these characters was almost added into Super Smash Bros. Melee, but not included as the game was too far in development?",
            "type": "multiple"
        },
        {
            "category": "Entertainment: Music",
            "correct_answer": "Build God, Then We&#039;ll Talk",
            "difficulty": "medium",
            "incorrect_answers": [
                "Nails for Breakfast, Tacks for Snacks",
                "I Write Sins Not Tragedies",
                "Lying Is The Most Fun A Girl Can Have Without Taking Her Clothes Off"
            ],
            "question": "What is the last song on the first Panic! At the Disco album?",
            "type": "multiple"
        },
        {
            "category": "General Knowledge",
            "correct_answer": "Center Parcs",
            "difficulty": "hard",
            "incorrect_answers": [
                "Yelloh Village",
                "Keycamp",
                "Villa Plus"
            ],
            "question": "De Eemhof, Port Zelande and Het Heijderbos are holiday villas owned by what company?",
            "type": "multiple"
        },
        {
            "category": "Entertainment: Video Games",
            "correct_answer": "Breakout Case",
            "difficulty": "medium",
            "incorrect_answers": [
                "Shadow Case",
                "Vanguard Case",
                "Esports 2014 Case"
            ],
            "question": "What CS:GO case contains the Butterfly Knife?",
            "type": "multiple"
        },
        {
            "category": "Entertainment: Video Games",
            "correct_answer": "60",
            "difficulty": "easy",
            "incorrect_answers": [
                "65",
                "55",
                "70"
            ],
            "question": "What minimum level in the Defence skill is needed to equip Dragon Armour in the MMO RuneScape?",
            "type": "multiple"
        },
        {
            "category": "Entertainment: Japanese Anime & Manga",
            "correct_answer": "2017",
            "difficulty": "medium",
            "incorrect_answers": [
                "2018",
                "2019",
                "2020"
            ],
            "question": "What year did &quot;Attack on Titan&quot; Season 2 begin airing?",
            "type": "multiple"
        },
        {
            "category": "Entertainment: Video Games",
            "correct_answer": "The Gage Weapon Pack #1",
            "difficulty": "medium",
            "incorrect_answers": [
                "The Overkill Pack",
                "The Gage Chivalry Pack",
                "The Gage Historical Pack"
            ],
            "question": "What was the first weapon pack for &quot;PAYDAY 2&quot;?",
            "type": "multiple"
        },
        {
            "category": "Entertainment: Music",
            "correct_answer": "WiFi Tears",
            "difficulty": "medium",
            "incorrect_answers": [
                "Swamp Thing",
                "Emoji",
                "BAMF"
            ],
            "question": "Which of these is NOT a song by Pegboard Nerds?",
            "type": "multiple"
        },
        {
            "category": "Entertainment: Japanese Anime & Manga",
            "correct_answer": "Raditz",
            "difficulty": "hard",
            "incorrect_answers": [
                "Gohan",
                "Vegeta",
                "Bardock"
            ],
            "question": "In the &quot;Dragon Ball&quot; franchise, what is the name of Goku&#039;s brother?",
            "type": "multiple"
        },
        {
            "category": "Sports",
            "correct_answer": "Manchester United",
            "difficulty": "medium",
            "incorrect_answers": [
                "Barcelona",
                "Bayern Munich",
                "Liverpool"
            ],
            "question": "Who won the &quot;Champions League&quot; in 1999?",
            "type": "multiple"
        },
        {
            "category": "Entertainment: Video Games",
            "correct_answer": "Alec Holowka",
            "difficulty": "easy",
            "incorrect_answers": [
                "Ron Gilbert",
                "Tim Schafer",
                " Tommy Refenes"
            ],
            "question": "Who created the indie adventure game &quot;Night in the Woods&quot;?",
            "type": "multiple"
        },
        {
            "category": "Politics",
            "correct_answer": "Jeremy Corbyn",
            "difficulty": "medium",
            "incorrect_answers": [
                "Ed Miliband",
                "David Cameron",
                "Theresa May"
            ],
            "question": "Who was elected leader of the UK Labour Party in September 2015?",
            "type": "multiple"
        },
        {
            "category": "Entertainment: Television",
            "correct_answer": "Slipping off a cliff, and nearly drowning in icy water",
            "difficulty": "hard",
            "incorrect_answers": [
                "Crash landing when arriving at Keflav&iacute;k airport",
                "A minor car accident in a snowstorm",
                "Being served under-cooked chicken at his hotel"
            ],
            "question": "In 2008, British celebrity chef Gordon Ramsay believes he almost died after suffering what accident in Iceland while filming?",
            "type": "multiple"
        },
        {
            "category": "Entertainment: Video Games",
            "correct_answer": "The Janitor",
            "difficulty": "medium",
            "incorrect_answers": [
                "The Warden",
                "The Caretaker",
                "The Overseer"
            ],
            "question": "What is the name of the first boss the player encounters in the 2017 game, &quot;Little Nightmares&quot;?",
            "type": "multiple"
        },
        {
            "category": "Science: Computers",
            "correct_answer": "200",
            "difficulty": "medium",
            "incorrect_answers": [
                "100",
                "500",
                "1000"
            ],
            "question": "Approximately how many Apple I personal computers were created?",
            "type": "multiple"
        },
        {
            "category": "Entertainment: Film",
            "correct_answer": "Corey Feldman",
            "difficulty": "medium",
            "incorrect_answers": [
                "Macaulay Culkin",
                "Mel Gibson",
                "Mark Hamill"
            ],
            "question": "Which actor plays the character &quot;Tommy Jarvis&quot; in &quot;Friday the 13th: The Final Chapter&quot; (1984)?",
            "type": "multiple"
        }
    ]
}