{
    "response_code": 0,
    "results": [
        {
            "category": "Entertainment: Board Games",
            "correct_answer": "The Landlord&#039;s Game",
            "difficulty": "hard",
            "incorrect_answers": [
                "Territorial Dispute",
                "Property Feud",
                "The Monopolist&#039;s Game"
            ],
            "question": "The board game &#039;Monopoly&#039; is a variation of what board game?",
            "type": "multiple"
        },
        {
            "category": "Entertainment: Music",
            "correct_answer": "Madeon",
            "difficulty": "medium",
            "incorrect_answers": [
                "Daft Punk ",
                "Disclosure",
                "David Guetta"
            ],
            "question": "What French artist/band is known for playing on the midi instrument &quot;Launchpad&quot;?",
            "type": "multiple"
        },
        {
            "category": "Vehicles",
            "correct_answer": "True",
            "difficulty": "easy",
            "incorrect_answers": [
                "False"
            ],
            "question": "In 1993 Swedish car manufacturer Saab experimented with replacing the steering wheel with a joystick in a Saab 9000.",
            "type": "boolean"
        },
        {
            "category": "Entertainment: Television",
            "correct_answer": "Dibble",
            "difficulty": "easy",
            "incorrect_answers": [
                "Barbrady",
                "Mahoney",
                "Murphy"
            ],
            "question": "What was the name of the police officer in the cartoon &quot;Top Cat&quot;?",
            "type": "multiple"
        },
        {
            "category": "History",
            "correct_answer": "Tudor",
            "difficulty": "easy",
            "incorrect_answers": [
                "York",
                "Stuart",
                "Lancaster"
            ],
            "question": "King Henry VIII was the second monarch of which European royal house?",
            "type": "multiple"
        },
        {
            "category": "Vehicles",
            "correct_answer": "Scorpion",
            "difficulty": "medium",
            "incorrect_answers": [
                "Snake",
                "Bull",
                "Horse"
            ],
            "question": "Which animal features on the logo for Abarth, the motorsport division of Fiat?",
            "type": "multiple"
        },
        {
            "category": "General Knowledge",
            "correct_answer": "Watch",
            "difficulty": "easy",
            "incorrect_answers": [
                "Money",
                "Keys",
                "Notebook"
            ],
            "question": "In past times, what would a gentleman keep in his fob pocket?",
            "type": "multiple"
        },
        {
            "category": "Entertainment: Video Games",
            "correct_answer": "Scar-20/G3SG1",
            "difficulty": "easy",
            "incorrect_answers": [
                "M4A1",
                "AWP",
                "R8 Revolver"
            ],
            "question": "What is the most expensive weapon in Counter-Strike: Global Offensive?",
            "type": "multiple"
        },
        {
            "category": "Animals",
            "correct_answer": "Goat",
            "difficulty": "medium",
            "incorrect_answers": [
                "Sheep",
                "Camel",
                "Llama"
            ],
            "question": "Cashmere is the wool from which kind of animal?",
            "type": "multiple"
        },
        {
            "category": "Politics",
            "correct_answer": "False",
            "difficulty": "easy",
            "incorrect_answers": [
                "True"
            ],
            "question": "The S in Harry S. Truman stands for &quot;Samuel&quot;.",
            "type": "boolean"
        },
        {
            "category": "History",
            "correct_answer": "Winston Churchill",
            "difficulty": "medium",
            "incorrect_answers": [
                "Neville Chamberlain",
                "Harold Macmillan",
                "Edward Heath"
            ],
            "question": "Who was the Prime Minister of the United Kingdom for most of World War II?",
            "type": "multiple"
        },
        {
            "category": "Animals",
            "correct_answer": "True",
            "difficulty": "medium",
            "incorrect_answers": [
                "False"
            ],
            "question": "&quot;Kamea,&quot; the Gilbertese Islander word for dog, is derived from the English phrase &quot;Come here!&quot;",
            "type": "boolean"
        },
        {
            "category": "Entertainment: Video Games",
            "correct_answer": "Sniper vs. Spy Update",
            "difficulty": "medium",
            "incorrect_answers": [
                "WAR! Update",
                "Meet Your Match Update",
                "Spy Vs. Engineer Update"
            ],
            "question": "What was the first &quot;Team Fortress 2&quot; update to include a war?",
            "type": "multiple"
        },
        {
            "category": "Entertainment: Video Games",
            "correct_answer": "Beowulf",
            "difficulty": "easy",
            "incorrect_answers": [
                "Big Band",
                "Squigly",
                "Cerebella"
            ],
            "question": "In the fighting game &quot;Skullgirls,&quot; which character utilizes a folding chair called the &quot;Hurting&quot; as a weapon?",
            "type": "multiple"
        },
        {
            "category": "Entertainment: Video Games",
            "correct_answer": "True",
            "difficulty": "easy",
            "incorrect_answers": [
                "False"
            ],
            "question": "In &quot;Super Mario Bros.&quot;, the clouds and bushes have the same artwork and are just different colors.",
            "type": "boolean"
        },
        {
            "category": "History",
            "correct_answer": "55",
            "difficulty": "medium",
            "incorrect_answers": [
                "50",
                "60",
                "54"
            ],
            "question": "How old was Lyndon B. Johnson when he assumed the role of President of the United States?",
            "type": "multiple"
        },
        {
            "category": "Entertainment: Video Games",
            "correct_answer": "True",
            "difficulty": "medium",
            "incorrect_answers": [
                "False"
            ],
            "question": "Metal Gear Solid V: The Phantom Pain runs on the Fox Engine.",
            "type": "boolean"
        },
        {
            "category": "Science & Nature",
            "correct_answer": "Eyes",
            "difficulty": "medium",
            "incorrect_answers": [
                "Throat",
                "Stomach",
                "Blood"
            ],
            "question": "Which part of the body does glaucoma affect?",
            "type": "multiple"
        },
        {
            "category": "Entertainment: Board Games",
            "correct_answer": "Bull Feces",
            "difficulty": "medium",
            "incorrect_answers": [
                "A Card Expansion",
                "A Racist Toy",
                "Cat Urine"
            ],
            "question": "What special item did the creators of Cards Against Humanity ship for their Black Friday pack?",
            "type": "multiple"
        },
        {
            "category": "Entertainment: Video Games",
            "correct_answer": "Thievius Raccoonus",
            "difficulty": "easy",
            "incorrect_answers": [
                "Raccoon Training 101",
                "The Art of Sneak",
                "Raccoonus Teachus"
            ],
            "question": "In the first game of the Sly Cooper franchise, what family heirloom did Sly Cooper want to steal back?",
            "type": "multiple"
        },
        {
            "category": "Mythology",
            "correct_answer": "True",
            "difficulty": "medium",
            "incorrect_answers": [
                "False"
            ],
            "question": "According to Norse mythology, Loki is a mother.",
            "type": "boolean"
        },
        {
            "category": "Entertainment: Video Games",
            "correct_answer": "Game Boy Color",
            "difficulty": "easy",
            "incorrect_answers": [
                "Game Boy Advance",
                "Game Boy Micro",
                "Game Boy Advance SP"
            ],
            "question": "Which Game Boy from the Game Boy series of portable video game consoles was released first?",
            "type": "multiple"
        },
        {
            "category": "Entertainment: Video Games",
            "correct_answer": "2007",
            "difficulty": "medium",
            "incorrect_answers": [
                "2008",
                "2009",
                "2006"
            ],
            "question": "In what year were achivements added to Steam?",
            "type": "multiple"
        },
        {
            "category": "Geography",
            "correct_answer": "Lake Superior ",
            "difficulty": "hard",
            "incorrect_answers": [
                "Caspian Sea",
                "Lake Michigan",
                "Lake Huron"
            ],
            "question": "Which is the largest freshwater lake in the world?",
            "type": "multiple"
        },
        {
            "category": "Entertainment: Video Games",
            "correct_answer": "The source code got leaked",
            "difficulty": "medium",
            "incorrect_answers": [
                "They weren&#039;t satisfied with the result",
                "The story was not good enough",
                "Way too many bugs to be fixed"
            ],
            "question": "What happened to Half-Life 2 prior to its release, which resulted in Valve starting over the development of the game?",
            "type": "multiple"
        },
        {
            "category": "Entertainment: Video Games",
            "correct_answer": "True",
            "difficulty": "medium",
            "incorrect_answers": [
                "False"
            ],
            "question": "The Sniper&#039;s SMG in Team Fortress 2, was originally intended to be the Scout&#039;s primary weapon.",
            "type": "boolean"
        },
        {
            "category": "Science & Nature",
            "correct_answer": "3",
            "difficulty": "medium",
            "incorrect_answers": [
                "4",
                "2",
                "1"
            ],
            "question": "The human right lung has how many lobes?",
            "type": "multiple"
        },
        {
            "category": "Entertainment: Video Games",
            "correct_answer": "Glass",
            "difficulty": "medium",
            "incorrect_answers": [
                "Mirrors",
                "Purity",
                "Diamonds"
            ],
            "question": "Mirror&#039;s Edge Catalyst takes place in the City of...?",
            "type": "multiple"
        },
        {
            "category": "Entertainment: Video Games",
            "correct_answer": "Skeleton",
            "difficulty": "easy",
            "incorrect_answers": [
                "Frog",
                "Horror",
                "Plant"
            ],
            "question": "In the game Nuclear Throne, what character is only usable in a play through with Melting?",
            "type": "multiple"
        },
        {
            "category": "Entertainment: Video Games",
            "correct_answer": "True",
            "difficulty": "hard",
            "incorrect_answers": [
                "False"
            ],
            "question": "The names of Roxas&#039;s Keyblades in Kingdom Hearts are &quot;Oathkeeper&quot; and &quot;Oblivion&quot;.",
            "type": "boolean"
        },
        {
            "category": "Science & Nature",
            "correct_answer": "Wilhelm Conrad R&ouml;ntgen",
            "difficulty": "medium",
            "incorrect_answers": [
                "Thomas Alva Edison",
                "James Watt",
                "Albert Einstein"
            ],
            "question": "Who made the discovery of X-rays?",
            "type": "multiple"
        },
        {
            "category": "Geography",
            "correct_answer": "Suriname",
            "difficulty": "medium",
            "incorrect_answers": [
                "Brazil",
                "Uruguay",
                "Chile"
            ],
            "question": "What is the smallest country in South America by area?",
            "type": "multiple"
        },
        {
            "category": "Entertainment: Music",
            "correct_answer": "True",
            "difficulty": "hard",
            "incorrect_answers": [
                "False"
            ],
            "question": "The band STRFKR was also briefly known as Pyramiddd.",
            "type": "boolean"
        },
        {
            "category": "Geography",
            "correct_answer": "Mount Logan",
            "difficulty": "hard",
            "incorrect_answers": [
                "Mont Tremblant",
                "Whistler Mountain",
                "Blue Mountain"
            ],
            "question": "What is the tallest mountain in Canada?",
            "type": "multiple"
        },
        {
            "category": "Sports",
            "correct_answer": "Seattle Sounders",
            "difficulty": "easy",
            "incorrect_answers": [
                "Colorado Rapids",
                "Toronto FC",
                "Montreal Impact"
            ],
            "question": "What team won the 2016 MLS Cup?",
            "type": "multiple"
        },
        {
            "category": "Entertainment: Music",
            "correct_answer": "Get Lucky",
            "difficulty": "easy",
            "incorrect_answers": [
                "Doin&#039; It Right",
                "Instant Crush",
                "The Game of Love"
            ],
            "question": "Which song on Daft Punk&#039;s &quot;Random Access Memories&quot; features Pharrell Williams?",
            "type": "multiple"
        },
        {
            "category": "Celebrities",
            "correct_answer": "Joe DiMaggio",
            "difficulty": "medium",
            "incorrect_answers": [
                "Tino Martinez",
                "Babe Ruth",
                "Mason Williams"
            ],
            "question": "Which famous New York Yankees outfielder did Marilyn Monroe marry?",
            "type": "multiple"
        },
        {
            "category": "Entertainment: Film",
            "correct_answer": "False",
            "difficulty": "medium",
            "incorrect_answers": [
                "True"
            ],
            "question": "Joan Cusack starred in the 2009 disaster movie, &quot;2012&quot;.",
            "type": "boolean"
        },
        {
            "category": "Entertainment: Video Games",
            "correct_answer": "True",
            "difficulty": "easy",
            "incorrect_answers": [
                "False"
            ],
            "question": "Valve&#039;s &quot;Portal&quot; and &quot;Half-Life&quot; franchises exist within the same in-game universe.",
            "type": "boolean"
        },
        {
            "category": "General Knowledge",
            "correct_answer": "Maine, United States",
            "difficulty": "medium",
            "incorrect_answers": [
                "Hesse, Germany",
                "Masovia, Poland",
                "Bavaria, Poland"
            ],
            "question": "Where does water from Poland Spring water bottles come from?",
            "type": "multiple"
        },
        {
            "category": "Entertainment: Music",
            "correct_answer": "2012",
            "difficulty": "medium",
            "incorrect_answers": [
                "2015",
                "2010",
                "1967"
            ],
            "question": "When did Tame Impala release their second album?",
            "type": "multiple"
        },
        {
            "category": "Science: Mathematics",
            "correct_answer": "Folium of Descartes",
            "difficulty": "hard",
            "incorrect_answers": [
                "Elliptic Paraboloid of Descartes",
                "Cartesian Coordinates",
                "Descarte&#039;s Helicoid"
            ],
            "question": "What is the plane curve proposed by Descartes to challenge Fermat&#039;s extremum-finding techniques called?",
            "type": "multiple"
        },
        {
            "category": "Science: Mathematics",
            "correct_answer": "True",
            "difficulty": "medium",
            "incorrect_answers": [
                "False"
            ],
            "question": "The set of all algebraic numbers is countable.",
            "type": "boolean"
        },
        {
            "category": "Science & Nature",
            "correct_answer": "Farad",
            "difficulty": "medium",
            "incorrect_answers": [
                "Gauss",
                "Henry",
                "Watt"
            ],
            "question": "What is the unit of electrical capacitance?",
            "type": "multiple"
        },
        {
            "category": "Entertainment: Video Games",
            "correct_answer": "Fountain of Dreams",
            "difficulty": "medium",
            "incorrect_answers": [
                "Bridge of Eldin",
                "75m",
                "Miiverse"
            ],
            "question": "Which of these stages is not playable in &quot;Super Smash Bros. for Wii U&quot;?",
            "type": "multiple"
        },
        {
            "category": "General Knowledge",
            "correct_answer": "2004",
            "difficulty": "medium",
            "incorrect_answers": [
                "2005",
                "2003",
                "2006"
            ],
            "question": "When did the website &quot;Facebook&quot; launch?",
            "type": "multiple"
        },
        {
            "category": "Entertainment: Video Games",
            "correct_answer": "Call Of Duty: Black Ops III",
            "difficulty": "medium",
            "incorrect_answers": [
                "Call Of Duty: Black Ops",
                "Call Of Duty: World At War",
                "Call Of Duty: Black Ops II"
            ],
            "question": "In which &quot;Call of Duty&quot; game are the &quot;Apothicons&quot; introduced in the Zombies mode?",
            "type": "multiple"
        },
        {
            "category": "Entertainment: Video Games",
            "correct_answer": "Pack-A-Punch",
            "difficulty": "easy",
            "incorrect_answers": [
                "Wunderfizz",
                "Gersch Device",
                "Mule Kick"
            ],
            "question": "In &quot;Call Of Duty: Zombies&quot;, what is the name of the machine that upgrades weapons?",
            "type": "multiple"
        },
        {
            "category": "Entertainment: Music",
            "correct_answer": "Candles in the Wind",
            "difficulty": "easy",
            "incorrect_answers": [
                "I Guess That&#039;s Why They Call It The Blues",
                "Your Song",
                "Island Girl"
            ],
            "question": "Which of the following songs did Elton John perform following Princess Diane&#039;s passing?",
            "type": "multiple"
        },
        {
            "category": "Geography",
            "correct_answer": "Russia",
            "difficulty": "easy",
            "incorrect_answers": [
                "Canada",
                "China",
                "United States"
            ],
            "question": "What is the largest country in the world?",
            "type": "multiple"
        }
    ]
}