{
    "response_code": 0,
    "results": [
        {
            "category": "Entertainment: Video Games",
            "correct_answer": "2007",
            "difficulty": "easy",
            "incorrect_answers": [
                "2009",
                "2005",
                "2010"
            ],
            "question": "What year was the game Team Fortress 2 released?",
            "type": "multiple"
        },
        {
            "category": "Geography",
            "correct_answer": "Phoenix",
            "difficulty": "easy",
            "incorrect_answers": [
                "Montgomery",
                "Tallahassee",
                "Raleigh"
            ],
            "question": "What is the capital of the American state of Arizona?",
            "type": "multiple"
        },
        {
            "category": "Entertainment: Books",
            "correct_answer": "Badger",
            "difficulty": "hard",
            "incorrect_answers": [
                "Fox",
                "Frog",
                "Rabbit"
            ],
            "question": "In the Beatrix Potter books, what type of animal is Tommy Brock?",
            "type": "multiple"
        },
        {
            "category": "Vehicles",
            "correct_answer": "Cherry",
            "difficulty": "medium",
            "incorrect_answers": [
                "Sunny",
                "Bluebird",
                "Skyline"
            ],
            "question": "What was the name of the first front-wheel-drive car produced by Datsun (now Nissan)?",
            "type": "multiple"
        },
        {
            "category": "Geography",
            "correct_answer": "Yellow",
            "difficulty": "medium",
            "incorrect_answers": [
                "Red",
                "Blue",
                "Green"
            ],
            "question": "On a London Underground map, what colour is the Circle Line?",
            "type": "multiple"
        },
        {
            "category": "Entertainment: Music",
            "correct_answer": "Toto",
            "difficulty": "easy",
            "incorrect_answers": [
                "Foreigner",
                "Steely Dan",
                "Journey"
            ],
            "question": "Who had a 1983 hit with the song &#039;Africa&#039;?",
            "type": "multiple"
        },
        {
            "category": "History",
            "correct_answer": "False",
            "difficulty": "easy",
            "incorrect_answers": [
                "True"
            ],
            "question": "The Tiananmen Square protests of 1989 were held in Hong Kong.",
            "type": "boolean"
        },
        {
            "category": "Entertainment: Music",
            "correct_answer": "Drums",
            "difficulty": "easy",
            "incorrect_answers": [
                "Bass",
                "Guitar",
                "Piano"
            ],
            "question": "Ringo Starr of The Beatles mainly played what instrument?",
            "type": "multiple"
        },
        {
            "category": "Entertainment: Video Games",
            "correct_answer": "False",
            "difficulty": "easy",
            "incorrect_answers": [
                "True"
            ],
            "question": "English new wave musician Gary Numan founded the video game development company Facepunch Studios in March 2009.",
            "type": "boolean"
        },
        {
            "category": "History",
            "correct_answer": "False",
            "difficulty": "medium",
            "incorrect_answers": [
                "True"
            ],
            "question": "The first televised presidential debate was between Jimmy Carter and Gerald Ford.",
            "type": "boolean"
        },
        {
            "category": "Entertainment: Video Games",
            "correct_answer": "Lemnos",
            "difficulty": "hard",
            "incorrect_answers": [
                "Ithaca",
                "Naxos",
                "Anafi"
            ],
            "question": "The map featured in Arma 3 named &quot;Altis&quot; is based off of what Greek island?",
            "type": "multiple"
        },
        {
            "category": "Entertainment: Music",
            "correct_answer": "Aloe Blacc",
            "difficulty": "medium",
            "incorrect_answers": [
                "John Legend",
                "CeeLo Green",
                "Pharrell Williams"
            ],
            "question": "Which singer was featured in Swedish producer Avicii&#039;s song &quot;Wake Me Up&quot;?",
            "type": "multiple"
        },
        {
            "category": "Vehicles",
            "correct_answer": "Ford",
            "difficulty": "easy",
            "incorrect_answers": [
                "Chrysler",
                "General Motors",
                "Fiat"
            ],
            "question": "Jaguar Cars was previously owned by which car manfacturer?",
            "type": "multiple"
        },
        {
            "category": "Entertainment: Cartoon & Animations",
            "correct_answer": "September 4, 2013",
            "difficulty": "easy",
            "incorrect_answers": [
                "December 25, 2010",
                "March 28, 1999",
                "On Going"
            ],
            "question": "When did the last episode of &quot;Futurama&quot; air?",
            "type": "multiple"
        },
        {
            "category": "Entertainment: Video Games",
            "correct_answer": "False",
            "difficulty": "medium",
            "incorrect_answers": [
                "True"
            ],
            "question": "&quot;Metal Gear Solid 3: Snake Eater&quot; takes place on Shadow Moses Island.",
            "type": "boolean"
        },
        {
            "category": "Entertainment: Video Games",
            "correct_answer": "True",
            "difficulty": "easy",
            "incorrect_answers": [
                "False"
            ],
            "question": "Niko Bellic is the protagonist of Grand Theft Auto IV.",
            "type": "boolean"
        },
        {
            "category": "Geography",
            "correct_answer": "Lake Victoria",
            "difficulty": "medium",
            "incorrect_answers": [
                "Lake Tanganyika",
                "Lake Malawi",
                "Lake Turkana"
            ],
            "question": "What is the largest lake in the African continent?",
            "type": "multiple"
        },
        {
            "category": "Entertainment: Video Games",
            "correct_answer": "2014",
            "difficulty": "easy",
            "incorrect_answers": [
                "2015",
                "2011",
                "2008"
            ],
            "question": "What year was the game &quot;Overwatch&quot; revealed?",
            "type": "multiple"
        },
        {
            "category": "Entertainment: Japanese Anime & Manga",
            "correct_answer": "1987",
            "difficulty": "hard",
            "incorrect_answers": [
                "2013",
                "1983",
                "1995"
            ],
            "question": "What year was &quot;JoJo&#039;s Bizarre Adventure: Phantom Blood&quot; first released?",
            "type": "multiple"
        },
        {
            "category": "Entertainment: Video Games",
            "correct_answer": "True",
            "difficulty": "easy",
            "incorrect_answers": [
                "False"
            ],
            "question": "Deus Ex (2000) does not feature the World Trade Center because it was destroyed by terrorist attacks according to the game&#039;s plot.",
            "type": "boolean"
        },
        {
            "category": "Science & Nature",
            "correct_answer": "Psychoanalysis",
            "difficulty": "medium",
            "incorrect_answers": [
                "Cognitive-Behavioral Therapy",
                "Theory of Gravity",
                "Dialectical Behavior Therapy"
            ],
            "question": "What term is best associated with Sigmund Freud?",
            "type": "multiple"
        },
        {
            "category": "Entertainment: Television",
            "correct_answer": "True",
            "difficulty": "medium",
            "incorrect_answers": [
                "False"
            ],
            "question": "The television show Doctor Who first aired in 1963.",
            "type": "boolean"
        },
        {
            "category": "Entertainment: Film",
            "correct_answer": "Russian Ark",
            "difficulty": "medium",
            "incorrect_answers": [
                "Good Will Hunting",
                "Birdman",
                "Schindler&#039;s List"
            ],
            "question": "Which one of these films are shot entirely in one-take?",
            "type": "multiple"
        },
        {
            "category": "Celebrities",
            "correct_answer": "January 8, 1935",
            "difficulty": "medium",
            "incorrect_answers": [
                "December 13, 1931",
                "July 18, 1940",
                "April 17, 1938"
            ],
            "question": "When was Elvis Presley born?",
            "type": "multiple"
        },
        {
            "category": "Entertainment: Video Games",
            "correct_answer": "15",
            "difficulty": "medium",
            "incorrect_answers": [
                "5",
                "10",
                "20"
            ],
            "question": "In Need For Speed: Most Wanted (2005), how many people are there to defeat on the blacklist?",
            "type": "multiple"
        },
        {
            "category": "Entertainment: Video Games",
            "correct_answer": "False",
            "difficulty": "hard",
            "incorrect_answers": [
                "True"
            ],
            "question": "TF2: Sentry rocket damage falloff is calculated based on the distance between the sentry and the enemy, not the engineer and the enemy",
            "type": "boolean"
        },
        {
            "category": "History",
            "correct_answer": "1995",
            "difficulty": "hard",
            "incorrect_answers": [
                "2001",
                "2011",
                "1991"
            ],
            "question": "In which year did the Tokyo Subway Sarin Attack occur?",
            "type": "multiple"
        },
        {
            "category": "Entertainment: Music",
            "correct_answer": "Sukiyaki",
            "difficulty": "medium",
            "incorrect_answers": [
                "Takoyaki",
                "Sushi",
                "Oden"
            ],
            "question": "What was the title of Sakamoto Kyu&#039;s song &quot;Ue o Muite Arukou&quot; (I Look Up As I Walk) changed to in the United States?",
            "type": "multiple"
        },
        {
            "category": "Entertainment: Music",
            "correct_answer": "Bass Guitar",
            "difficulty": "easy",
            "incorrect_answers": [
                "Drums",
                "Guitar",
                "Keyboards"
            ],
            "question": "Sting, the lead vocalist of The Police, primarily plays what instrument?",
            "type": "multiple"
        },
        {
            "category": "Science: Computers",
            "correct_answer": "Heartbleed",
            "difficulty": "hard",
            "incorrect_answers": [
                "Shellshock",
                "Corrupted Blood",
                "Shellscript"
            ],
            "question": "Which of these was the name of a bug found in April 2014 in the publicly available OpenSSL cryptography library?",
            "type": "multiple"
        },
        {
            "category": "Entertainment: Video Games",
            "correct_answer": "Quote",
            "difficulty": "medium",
            "incorrect_answers": [
                "Kazuma",
                "Curly",
                "Arthur"
            ],
            "question": "The protagonist in the game &quot;Cave Story&quot; is named",
            "type": "multiple"
        },
        {
            "category": "Entertainment: Video Games",
            "correct_answer": "474",
            "difficulty": "hard",
            "incorrect_answers": [
                "376",
                "432",
                "589"
            ],
            "question": "In the National Pokedex what number is Porygon-Z?",
            "type": "multiple"
        },
        {
            "category": "Entertainment: Cartoon & Animations",
            "correct_answer": "Myrtenaster",
            "difficulty": "medium",
            "incorrect_answers": [
                "Gambol Shroud",
                "Crescent Rose",
                "Ember Celica"
            ],
            "question": "In the animated series RWBY, what is the name of the weapon used by Weiss Schnee?",
            "type": "multiple"
        },
        {
            "category": "Entertainment: Music",
            "correct_answer": "The Glitch Mob",
            "difficulty": "medium",
            "incorrect_answers": [
                "Avicii",
                "XXYYXX",
                "Flux Pavilion"
            ],
            "question": "&quot;Drink the Sea&quot; is an album by which electronic music artist?",
            "type": "multiple"
        },
        {
            "category": "Entertainment: Music",
            "correct_answer": "Free Willy",
            "difficulty": "medium",
            "incorrect_answers": [
                "Sleepless in Seattle",
                "Men in Black",
                "Bad Boys"
            ],
            "question": "In what film was the Michael Jackson song &quot;Will You Be There&quot; featured?",
            "type": "multiple"
        },
        {
            "category": "Entertainment: Cartoon & Animations",
            "correct_answer": "Principal Brown",
            "difficulty": "medium",
            "incorrect_answers": [
                "Principal Small",
                "Principal Brawn",
                "Principal Simeon"
            ],
            "question": "In &quot;The Amazing World of Gumball&quot;, who is the principal of Elmore Junior High?",
            "type": "multiple"
        },
        {
            "category": "Entertainment: Video Games",
            "correct_answer": "Liam Neeson",
            "difficulty": "medium",
            "incorrect_answers": [
                "Kiefer Sutherland",
                "Brendan Gleeson",
                "Robbie Coltrane"
            ],
            "question": "Which actor provided the voice for the main character&#039;s father in Fallout 3?",
            "type": "multiple"
        },
        {
            "category": "Entertainment: Books",
            "correct_answer": "Answer a riddle",
            "difficulty": "medium",
            "incorrect_answers": [
                "Rhythmically tap barrels with a wand",
                "Speak a password",
                "Knock in sequence"
            ],
            "question": "In the &quot;Harry Potter&quot; novels, what must a Hogwarts student do to enter the Ravenclaw Common Room?",
            "type": "multiple"
        },
        {
            "category": "Entertainment: Video Games",
            "correct_answer": "Jeremy",
            "difficulty": "medium",
            "incorrect_answers": [
                "Lance",
                "Walter",
                "John"
            ],
            "question": "What is the real name of the Scout in &quot;Team Fortress 2&quot;?",
            "type": "multiple"
        },
        {
            "category": "Celebrities",
            "correct_answer": "60 lbs",
            "difficulty": "medium",
            "incorrect_answers": [
                "30 lbs",
                "50 lbs",
                "70 lbs"
            ],
            "question": "How much weight did Chris Pratt lose for his role as Star-Lord in &quot;Guardians of the Galaxy&quot;?",
            "type": "multiple"
        },
        {
            "category": "Science: Gadgets",
            "correct_answer": "2012",
            "difficulty": "medium",
            "incorrect_answers": [
                "2010",
                "2011",
                "2013"
            ],
            "question": "In what year was the Oculus Rift revealed to the public through a Kickstarter campaign?",
            "type": "multiple"
        },
        {
            "category": "Science: Computers",
            "correct_answer": "Non-impact printer",
            "difficulty": "medium",
            "incorrect_answers": [
                "Impact printer",
                "Daisywheel printer",
                "Dot matrix printer"
            ],
            "question": "Laserjet and inkjet printers are both examples of what type of printer?",
            "type": "multiple"
        },
        {
            "category": "Science: Mathematics",
            "correct_answer": "False",
            "difficulty": "hard",
            "incorrect_answers": [
                "True"
            ],
            "question": "L&#039;H&ocirc;pital was the mathematician who created the homonymous rule that uses derivatives to evaluate limits with indeterminations.",
            "type": "boolean"
        },
        {
            "category": "Entertainment: Japanese Anime & Manga",
            "correct_answer": "True",
            "difficulty": "hard",
            "incorrect_answers": [
                "False"
            ],
            "question": "In the &quot;To Love-Ru&quot; series, Peke is considered a female robot.",
            "type": "boolean"
        },
        {
            "category": "Entertainment: Japanese Anime & Manga",
            "correct_answer": "Ursula Callistis",
            "difficulty": "medium",
            "incorrect_answers": [
                "Croix Meridies",
                "Miranda Holbrook",
                "Anne Finnelan"
            ],
            "question": "In &quot;Little Witch Academia&quot;, what is Shiny Chariot&#039;s alias at Luna Nova Academy?",
            "type": "multiple"
        },
        {
            "category": "Entertainment: Japanese Anime & Manga",
            "correct_answer": "Shigeru Yahaba",
            "difficulty": "medium",
            "incorrect_answers": [
                "Tadashi Yamaguchi",
                "Hisashi Kinoshita",
                "Kazuhito Narita"
            ],
            "question": "In Haikyuu!!, who is not a member of Karasuno VBC?",
            "type": "multiple"
        },
        {
            "category": "Geography",
            "correct_answer": "Pacific",
            "difficulty": "easy",
            "incorrect_answers": [
                "Atlantic",
                "Indian",
                "Arctic"
            ],
            "question": "Which ocean borders the west coast of the United States?",
            "type": "multiple"
        },
        {
            "category": "Geography",
            "correct_answer": "12",
            "difficulty": "medium",
            "incorrect_answers": [
                "8",
                "9",
                "10"
            ],
            "question": "How many independent countries are there within the continent of South America?",
            "type": "multiple"
        },
        {
            "category": "Entertainment: Television",
            "correct_answer": "Pathfinder",
            "difficulty": "easy",
            "incorrect_answers": [
                "Message In A Bottle",
                "Someone To Watch Over Me",
                "Counterpoint"
            ],
            "question": "In &quot;Star Trek: Voyager&quot;, which episode did Voyager establish real-time communication with Starfleet Headquarters?",
            "type": "multiple"
        },
        {
            "category": "Entertainment: Video Games",
            "correct_answer": "7",
            "difficulty": "hard",
            "incorrect_answers": [
                "8",
                "5",
                "12"
            ],
            "question": "In &quot;The Witness&quot;, how many lasers must be activated to get into the mountain area?",
            "type": "multiple"
        }
    ]
}