{
    "response_code": 0,
    "results": [
        {
            "category": "Vehicles",
            "correct_answer": "Italy",
            "difficulty": "easy",
            "incorrect_answers": [
                "Romania",
                "Germany",
                "Russia"
            ],
            "question": "Where are the cars of the brand &#039;Ferrari&#039; manufactured?",
            "type": "multiple"
        },
        {
            "category": "Entertainment: Film",
            "correct_answer": "1997",
            "difficulty": "easy",
            "incorrect_answers": [
                "1985",
                "1999",
                "1990"
            ],
            "question": "When was the movie &#039;Con Air&#039; released?",
            "type": "multiple"
        },
        {
            "category": "Science: Computers",
            "correct_answer": "False",
            "difficulty": "medium",
            "incorrect_answers": [
                "True"
            ],
            "question": "The common software-programming acronym &quot;I18N&quot; comes from the term &quot;Interlocalization&quot;.",
            "type": "boolean"
        },
        {
            "category": "Entertainment: Video Games",
            "correct_answer": "Rahm Kota",
            "difficulty": "medium",
            "incorrect_answers": [
                "Ahsoka Tano",
                "Kazdan Paratus",
                "Kento Marek"
            ],
            "question": "Who was the first jedi that Starkiller had to kill in Star Wars: The Force Unleashed?",
            "type": "multiple"
        },
        {
            "category": "Entertainment: Music",
            "correct_answer": "Leo Sayer",
            "difficulty": "medium",
            "incorrect_answers": [
                "Elton John",
                "Billy Joel",
                "Andy Gibb"
            ],
            "question": "Who had a 1976 hit with the song &#039;You Make Me Feel Like Dancing&#039;?",
            "type": "multiple"
        },
        {
            "category": "Vehicles",
            "correct_answer": "Camshaft",
            "difficulty": "medium",
            "incorrect_answers": [
                "Piston",
                "Drive shaft",
                "Crankshaft"
            ],
            "question": "What part of an automobile engine uses lobes to open and close intake and exhaust valves, and allows an air/fuel mixture into the engine?",
            "type": "multiple"
        },
        {
            "category": "Geography",
            "correct_answer": "Suriname",
            "difficulty": "hard",
            "incorrect_answers": [
                "Georgia",
                "Russia",
                "Singapore"
            ],
            "question": "Which of these countries is NOT a part of the Asian continent?",
            "type": "multiple"
        },
        {
            "category": "Entertainment: Music",
            "correct_answer": "True",
            "difficulty": "easy",
            "incorrect_answers": [
                "False"
            ],
            "question": "The music video to The Buggle&#039;s &quot;Video Killed the Radio Star&quot; was the first music video to broadcast on MTV.",
            "type": "boolean"
        },
        {
            "category": "General Knowledge",
            "correct_answer": "False",
            "difficulty": "medium",
            "incorrect_answers": [
                "True"
            ],
            "question": "The US emergency hotline is 911 because of the September 11th terrorist attacks.",
            "type": "boolean"
        },
        {
            "category": "Entertainment: Board Games",
            "correct_answer": "Free Parking",
            "difficulty": "easy",
            "incorrect_answers": [
                "Go to Jail",
                "Jail",
                "The Electric Company"
            ],
            "question": "On a standard Monopoly board, which square is diagonally opposite &#039;Go&#039;? ",
            "type": "multiple"
        },
        {
            "category": "Science & Nature",
            "correct_answer": "Beryllium",
            "difficulty": "medium",
            "incorrect_answers": [
                "Gallium",
                "Caesium",
                "Mercury"
            ],
            "question": "All the following metal elements are liquids at or near room temperature EXCEPT:",
            "type": "multiple"
        },
        {
            "category": "Geography",
            "correct_answer": "Samoyedic",
            "difficulty": "easy",
            "incorrect_answers": [
                "Hungarian",
                "Finnish",
                "Estonian"
            ],
            "question": "All of the following are classified as Finno-Ugric languages EXCEPT:",
            "type": "multiple"
        },
        {
            "category": "History",
            "correct_answer": "1977",
            "difficulty": "medium",
            "incorrect_answers": [
                "1982",
                "1980",
                "1990"
            ],
            "question": "In what year was the last natural case of smallpox documented?",
            "type": "multiple"
        },
        {
            "category": "Science & Nature",
            "correct_answer": "low, all",
            "difficulty": "medium",
            "incorrect_answers": [
                "low, some",
                "high, all",
                "high, some"
            ],
            "question": "The Axiom of Preventive Medicine states that people with ___ risk for a disease should be screened and we should treat ___ of those people.",
            "type": "multiple"
        },
        {
            "category": "Entertainment: Television",
            "correct_answer": "Pawnee, Indiana",
            "difficulty": "medium",
            "incorrect_answers": [
                "Eagleton, Indiana",
                "Pasadena, California",
                "London, England"
            ],
            "question": "What is the setting of the show &quot;Parks and Recreation&quot;?",
            "type": "multiple"
        },
        {
            "category": "Science: Computers",
            "correct_answer": "The Onion Router",
            "difficulty": "medium",
            "incorrect_answers": [
                "The Only Router",
                "The Orange Router",
                "The Ominous Router"
            ],
            "question": "What did the name of the Tor Anonymity Network orignially stand for?",
            "type": "multiple"
        },
        {
            "category": "Mythology",
            "correct_answer": "Zeus",
            "difficulty": "easy",
            "incorrect_answers": [
                "Apollo",
                "Hermes",
                "Poseidon"
            ],
            "question": "Who was the King of Gods in Ancient Greek mythology?",
            "type": "multiple"
        },
        {
            "category": "Science & Nature",
            "correct_answer": "Trees",
            "difficulty": "hard",
            "incorrect_answers": [
                "Flowers",
                "Vegtables",
                "Grains"
            ],
            "question": "If you planted the seeds of Quercus robur what would grow?",
            "type": "multiple"
        },
        {
            "category": "Entertainment: Film",
            "correct_answer": "A New Hope",
            "difficulty": "medium",
            "incorrect_answers": [
                "The Phantom Menace",
                "The Force Awakens",
                "Revenge of the Sith"
            ],
            "question": "What is the name of the first &quot;Star Wars&quot; film by release order?",
            "type": "multiple"
        },
        {
            "category": "General Knowledge",
            "correct_answer": "Kip",
            "difficulty": "medium",
            "incorrect_answers": [
                "Ruble",
                "Konra",
                "Dollar"
            ],
            "question": "What is the unit of currency in Laos?",
            "type": "multiple"
        },
        {
            "category": "Animals",
            "correct_answer": "Ursus Maritimus",
            "difficulty": "medium",
            "incorrect_answers": [
                "Polar Bear",
                "Ursus Spelaeus",
                "Ursus Arctos"
            ],
            "question": "What is the scientific name for the &quot;Polar Bear&quot;?",
            "type": "multiple"
        },
        {
            "category": "Entertainment: Television",
            "correct_answer": "Marcel",
            "difficulty": "medium",
            "incorrect_answers": [
                "Jojo",
                "George",
                "Champ"
            ],
            "question": "What was the name of Ross&#039; pet monkey on &quot;Friends&quot;?",
            "type": "multiple"
        },
        {
            "category": "Entertainment: Video Games",
            "correct_answer": "True",
            "difficulty": "hard",
            "incorrect_answers": [
                "False"
            ],
            "question": "In &quot;Metal Gear Solid 2&quot;, you will see through the eyes of Psycho Mantis if you go first person during his boss fight.",
            "type": "boolean"
        },
        {
            "category": "Entertainment: Video Games",
            "correct_answer": "Link",
            "difficulty": "medium",
            "incorrect_answers": [
                "Wario",
                "Q*bert",
                "Solid Snake"
            ],
            "question": "If you play the Super Mario RPG and nap in a rented hotel room, you will wake up next to what familiar looking character?",
            "type": "multiple"
        },
        {
            "category": "Entertainment: Comics",
            "correct_answer": "False",
            "difficulty": "easy",
            "incorrect_answers": [
                "True"
            ],
            "question": "Deadpool&#039;s identity is Slade Wilson.",
            "type": "boolean"
        },
        {
            "category": "Entertainment: Video Games",
            "correct_answer": "True",
            "difficulty": "easy",
            "incorrect_answers": [
                "False"
            ],
            "question": "Minecraft can be played with a virtual reality headset.",
            "type": "boolean"
        },
        {
            "category": "Mythology",
            "correct_answer": "Nidhogg",
            "difficulty": "hard",
            "incorrect_answers": [
                "Bragi",
                "Odin",
                "Ymir"
            ],
            "question": "In Norse mythology, what is the name of the serpent which eats the roots of the ash tree Yggdrasil?",
            "type": "multiple"
        },
        {
            "category": "Entertainment: Video Games",
            "correct_answer": "1111",
            "difficulty": "easy",
            "incorrect_answers": [
                "1432",
                "1337",
                "No code"
            ],
            "question": "TF2: What code does Soldier put into the door keypad in &quot;Meet the Spy&quot;?",
            "type": "multiple"
        },
        {
            "category": "History",
            "correct_answer": "Spain",
            "difficulty": "medium",
            "incorrect_answers": [
                "France",
                "England",
                "Portugal"
            ],
            "question": "Against which country did the Dutch Republic fight the Eighty Years&#039; War?",
            "type": "multiple"
        },
        {
            "category": "Entertainment: Film",
            "correct_answer": "Romani Ite Domum",
            "difficulty": "medium",
            "incorrect_answers": [
                "Romans Go Home",
                "Roxani Ite Domum",
                "Tomate Ite Domum"
            ],
            "question": "What is the correct phrase for the Latin saying &quot;Romanes Eunt Domus&quot; in Monty Python&#039;s Life of Brian?",
            "type": "multiple"
        },
        {
            "category": "History",
            "correct_answer": "Delaware",
            "difficulty": "medium",
            "incorrect_answers": [
                "Rhode Island",
                "Maine",
                "Virginia"
            ],
            "question": "What is the oldest US state?",
            "type": "multiple"
        },
        {
            "category": "Science & Nature",
            "correct_answer": "The presence or absence of a nucleus",
            "difficulty": "easy",
            "incorrect_answers": [
                "The overall size",
                "The presence or absence of certain organelles",
                "The mode of reproduction"
            ],
            "question": "The biggest distinction between a eukaryotic cell and a prokaryotic cell is:",
            "type": "multiple"
        },
        {
            "category": "Entertainment: Video Games",
            "correct_answer": "True",
            "difficulty": "medium",
            "incorrect_answers": [
                "False"
            ],
            "question": "In the game &quot;Subnautica&quot;, a &quot;Cave Crawler&quot; will attack you.",
            "type": "boolean"
        },
        {
            "category": "Entertainment: Video Games",
            "correct_answer": "McCree",
            "difficulty": "easy",
            "incorrect_answers": [
                "Hanzo",
                "Pharah",
                "Soldier: 76"
            ],
            "question": "In the video game Overwatch, which playable character is infamous for saying &quot;It&#039;s high noon.&quot;?",
            "type": "multiple"
        },
        {
            "category": "Mythology",
            "correct_answer": "Orpheus",
            "difficulty": "easy",
            "incorrect_answers": [
                "Hercules",
                "Perseus",
                "Daedalus"
            ],
            "question": "Which figure from Greek mythology traveled to the underworld to return his wife Eurydice to the land of the living?",
            "type": "multiple"
        },
        {
            "category": "Entertainment: Video Games",
            "correct_answer": "2007",
            "difficulty": "easy",
            "incorrect_answers": [
                "2008",
                "2009",
                "2010"
            ],
            "question": "In what year was the first &quot;Mass Effect&quot; game released?",
            "type": "multiple"
        },
        {
            "category": "Geography",
            "correct_answer": "Cambridge",
            "difficulty": "easy",
            "incorrect_answers": [
                "Providence",
                "New York",
                "Washington D.C."
            ],
            "question": "Harvard University is located in which city?",
            "type": "multiple"
        },
        {
            "category": "Politics",
            "correct_answer": "False",
            "difficulty": "medium",
            "incorrect_answers": [
                "True"
            ],
            "question": "George W. Bush lost the popular vote in the 2004 United States presidential election.",
            "type": "boolean"
        },
        {
            "category": "Science: Computers",
            "correct_answer": "FM-7",
            "difficulty": "medium",
            "incorrect_answers": [
                "PC-9801",
                "Xmillennium ",
                "MSX"
            ],
            "question": "Which of the following is a personal computer made by the Japanese company Fujitsu?",
            "type": "multiple"
        },
        {
            "category": "Celebrities",
            "correct_answer": "Atlanta, Georgia",
            "difficulty": "medium",
            "incorrect_answers": [
                "Chicago, Illinois",
                "Los Angeles, California",
                "Detroit, Michigan"
            ],
            "question": "Where was Kanye West born?",
            "type": "multiple"
        },
        {
            "category": "Entertainment: Video Games",
            "correct_answer": "Truffle Worm",
            "difficulty": "medium",
            "incorrect_answers": [
                "Suspicious Looking Fish",
                "King Grasshopper",
                "Slug"
            ],
            "question": "What is the item required to summon the boss Duke Fishron in the game Terraria?",
            "type": "multiple"
        },
        {
            "category": "Entertainment: Video Games",
            "correct_answer": "Telepathy",
            "difficulty": "hard",
            "incorrect_answers": [
                "Pressure",
                "Water Bubble",
                "Hydration"
            ],
            "question": "In the Pok&eacute;mon series, what is Palkia&#039;s hidden ability?",
            "type": "multiple"
        },
        {
            "category": "Entertainment: Video Games",
            "correct_answer": "Thunder",
            "difficulty": "medium",
            "incorrect_answers": [
                "Ice",
                "Fire",
                "Water"
            ],
            "question": "What element does the Zinogre use in Monster Hunter?",
            "type": "multiple"
        },
        {
            "category": "Science: Computers",
            "correct_answer": "Quantum Teleportation",
            "difficulty": "hard",
            "incorrect_answers": [
                "Super Dense Coding",
                "Quantum Entanglement",
                "Quantum Programming"
            ],
            "question": "What is the name of the process that sends one quibit of information using two bits of classical information?",
            "type": "multiple"
        },
        {
            "category": "Entertainment: Cartoon & Animations",
            "correct_answer": "Monty Oum",
            "difficulty": "medium",
            "incorrect_answers": [
                "Miles Luna",
                "Kerry Shawcross",
                "Shane Newville"
            ],
            "question": "Who created &quot;RWBY&quot;?",
            "type": "multiple"
        },
        {
            "category": "History",
            "correct_answer": "The Polish President",
            "difficulty": "easy",
            "incorrect_answers": [
                "Pope John Paul II",
                "Bang-Ding Ow",
                "Albert Putin"
            ],
            "question": "Who was among those killed in the 2010 Smolensk, Russia plane crash tragedy?",
            "type": "multiple"
        },
        {
            "category": "Entertainment: Japanese Anime & Manga",
            "correct_answer": "1996",
            "difficulty": "hard",
            "incorrect_answers": [
                "2014",
                "2010",
                "2003"
            ],
            "question": "In what year did the manga &quot;Ping Pong&quot; begin serialization?",
            "type": "multiple"
        },
        {
            "category": "Entertainment: Video Games",
            "correct_answer": "Lamentation",
            "difficulty": "hard",
            "incorrect_answers": [
                "Galvanized Atomic Lead Insertion Liquidator",
                "Gabig",
                "Predictive Death Wish"
            ],
            "question": "In the Zombies mode of &quot;Call of Duty: Black Ops&quot;, what is the &quot;Pack-A-Punched&quot; version of the &quot;Galil&quot; called?",
            "type": "multiple"
        },
        {
            "category": "Vehicles",
            "correct_answer": "LB&amp;SCR A1X",
            "difficulty": "hard",
            "incorrect_answers": [
                "LB&amp;SCR E2",
                "LB&amp;SCR J1",
                "LB&amp;SCR D1"
            ],
            "question": "What kind of train was Stepney, a train on the Bluebell Railway notable for his appearance in &quot;The Railway Series&quot;?",
            "type": "multiple"
        },
        {
            "category": "Entertainment: Film",
            "correct_answer": "Yautja",
            "difficulty": "hard",
            "incorrect_answers": [
                "Xenomorph",
                "Praetorian",
                "Phocrex"
            ],
            "question": "What is the species of the &quot;Predator&quot; in the 1987 movie &quot;Predator&quot;?",
            "type": "multiple"
        }
    ]
}