{
    "response_code": 0,
    "results": [
        {
            "category": "Entertainment: Books",
            "correct_answer": "Arthur Conan Doyle",
            "difficulty": "medium",
            "incorrect_answers": [
                "Graham Greene",
                "H G Wells",
                "Arthur C Clarke"
            ],
            "question": "Which of the following authors was not born in England? ",
            "type": "multiple"
        },
        {
            "category": "Entertainment: Books",
            "correct_answer": "J.K. Rowling",
            "difficulty": "easy",
            "incorrect_answers": [
                "J.R.R. Tolkien",
                "Terry Pratchett",
                "Daniel Radcliffe"
            ],
            "question": "Who wrote &quot;Harry Potter&quot;?",
            "type": "multiple"
        },
        {
            "category": "Geography",
            "correct_answer": "Norway",
            "difficulty": "medium",
            "incorrect_answers": [
                "Lithuania",
                "Ireland",
                "Czechia"
            ],
            "question": "What European country is not a part of the EU?",
            "type": "multiple"
        },
        {
            "category": "Entertainment: Television",
            "correct_answer": "12",
            "difficulty": "medium",
            "incorrect_answers": [
                "11",
                "13",
                "15"
            ],
            "question": "In the Doctor Who universe, how many times can a time lord normally regenerate?",
            "type": "multiple"
        },
        {
            "category": "Entertainment: Japanese Anime & Manga",
            "correct_answer": "True",
            "difficulty": "easy",
            "incorrect_answers": [
                "False"
            ],
            "question": "In the 1988 film &quot;Akira&quot;, Tetsuo ends up destroying Tokyo.",
            "type": "boolean"
        },
        {
            "category": "Entertainment: Video Games",
            "correct_answer": "Nearsighted Jeego",
            "difficulty": "easy",
            "incorrect_answers": [
                "One Step Ahead Tengo",
                "Missile",
                "Cabanela"
            ],
            "question": "In the Nintendo DS game &#039;Ghost Trick: Phantom Detective&#039;, what is the name of the hitman seen at the start of the game?",
            "type": "multiple"
        },
        {
            "category": "Entertainment: Film",
            "correct_answer": "Sugar",
            "difficulty": "medium",
            "incorrect_answers": [
                "Honey",
                "Caramel",
                "Candy"
            ],
            "question": "What was Marilyn Monroe`s character&#039;s first name in the film &quot;Some Like It Hot&quot;?",
            "type": "multiple"
        },
        {
            "category": "Entertainment: Music",
            "correct_answer": "Smokin&#039;",
            "difficulty": "medium",
            "incorrect_answers": [
                "Hangin&#039;",
                "Lovin&#039;",
                "Peein&#039;"
            ],
            "question": "According to their 1974 hit, what were Brownsville Station doing &quot;In The Boys&#039; Room&quot;?",
            "type": "multiple"
        },
        {
            "category": "Entertainment: Film",
            "correct_answer": "T-800",
            "difficulty": "medium",
            "incorrect_answers": [
                "I-950",
                "T-888",
                "T-1000"
            ],
            "question": "In the 1984 movie &quot;The Terminator&quot;, what model number is the Terminator portrayed by Arnold Schwarzenegger?",
            "type": "multiple"
        },
        {
            "category": "Science: Computers",
            "correct_answer": "50",
            "difficulty": "hard",
            "incorrect_answers": [
                "59",
                "60",
                "25"
            ],
            "question": "How many Hz does the video standard PAL support?",
            "type": "multiple"
        },
        {
            "category": "History",
            "correct_answer": "True",
            "difficulty": "hard",
            "incorrect_answers": [
                "False"
            ],
            "question": "Joseph Stalin&#039;s real name was Ioseb Bessarionis dze Dzugashvili.",
            "type": "boolean"
        },
        {
            "category": "Mythology",
            "correct_answer": "Marriage",
            "difficulty": "medium",
            "incorrect_answers": [
                "Agriculture",
                "Sea",
                "War"
            ],
            "question": "Hera is god of...",
            "type": "multiple"
        },
        {
            "category": "Entertainment: Music",
            "correct_answer": "Trance",
            "difficulty": "medium",
            "incorrect_answers": [
                "House",
                "Drum and Bass",
                "Dubstep"
            ],
            "question": "What genre of EDM is the Dutch DJ, musician, and remixer Armin van Buuren most well-known for?",
            "type": "multiple"
        },
        {
            "category": "Geography",
            "correct_answer": "Germany",
            "difficulty": "medium",
            "incorrect_answers": [
                "Austria",
                "Canada",
                "Sweden"
            ],
            "question": "Which of the following countries banned the use of personal genetic ancestry tests?",
            "type": "multiple"
        },
        {
            "category": "Science & Nature",
            "correct_answer": "False",
            "difficulty": "medium",
            "incorrect_answers": [
                "True"
            ],
            "question": "A defibrillator is used to start up a heartbeat once a heart has stopped beating.",
            "type": "boolean"
        },
        {
            "category": "Entertainment: Video Games",
            "correct_answer": "True",
            "difficulty": "easy",
            "incorrect_answers": [
                "False"
            ],
            "question": "Luigi is taller than Mario?",
            "type": "boolean"
        },
        {
            "category": "General Knowledge",
            "correct_answer": "False",
            "difficulty": "medium",
            "incorrect_answers": [
                "True"
            ],
            "question": "The word &quot;news&quot; originates from the first letters of the 4 main directions on a compass (North, East, West, South).",
            "type": "boolean"
        },
        {
            "category": "Sports",
            "correct_answer": "Lewis Hamilton",
            "difficulty": "easy",
            "incorrect_answers": [
                "Nico Rosberg",
                "Sebastian Vettel",
                "Jenson Button"
            ],
            "question": "Who won the 2015 Formula 1 World Championship?",
            "type": "multiple"
        },
        {
            "category": "Entertainment: Japanese Anime & Manga",
            "correct_answer": "Einstein",
            "difficulty": "easy",
            "incorrect_answers": [
                "Edward",
                "Rocket",
                "Joel"
            ],
            "question": "What is the name of the corgi in Cowboy Bebop?",
            "type": "multiple"
        },
        {
            "category": "General Knowledge",
            "correct_answer": "False",
            "difficulty": "easy",
            "incorrect_answers": [
                "True"
            ],
            "question": "A scientific study on peanuts in bars found traces of over 100 unique specimens of urine.",
            "type": "boolean"
        },
        {
            "category": "Entertainment: Cartoon & Animations",
            "correct_answer": "False",
            "difficulty": "easy",
            "incorrect_answers": [
                "True"
            ],
            "question": "Bill Cipher in the show &quot;Gravity Falls&quot; is the good guy.",
            "type": "boolean"
        },
        {
            "category": "Entertainment: Video Games",
            "correct_answer": "May 17th, 2009",
            "difficulty": "easy",
            "incorrect_answers": [
                "September 17th, 2009",
                "November 18th, 2011",
                "October 7th, 2011"
            ],
            "question": "When was Minecraft first released to the public?",
            "type": "multiple"
        },
        {
            "category": "Entertainment: Video Games",
            "correct_answer": "True",
            "difficulty": "medium",
            "incorrect_answers": [
                "False"
            ],
            "question": "In Half-Life 2, if you play the zombies&#039; speech in reverse, they actually speak coherent English.",
            "type": "boolean"
        },
        {
            "category": "Entertainment: Japanese Anime & Manga",
            "correct_answer": "Kars",
            "difficulty": "medium",
            "incorrect_answers": [
                "Erina Joestar",
                "Santana",
                "Wired Beck"
            ],
            "question": "The main antagonist of the second part of JoJo&#039;s Bizarre Adventure is which of the following?",
            "type": "multiple"
        },
        {
            "category": "History",
            "correct_answer": "South Africa",
            "difficulty": "hard",
            "incorrect_answers": [
                "Argentina",
                "Nepal",
                "Bulgaria"
            ],
            "question": "The Second Boer War in 1899 was fought where?",
            "type": "multiple"
        },
        {
            "category": "History",
            "correct_answer": "Battle of Antietam",
            "difficulty": "medium",
            "incorrect_answers": [
                "Pearl Harbor",
                "September 11th",
                "D-Day"
            ],
            "question": "What is the bloodiest event in United States history, in terms of casualties?",
            "type": "multiple"
        },
        {
            "category": "History",
            "correct_answer": "Justinian I",
            "difficulty": "hard",
            "incorrect_answers": [
                "Constantine IV",
                "Arcadius",
                "Theodosius the Great"
            ],
            "question": "The Hagia Sophia was commissioned by which emperor of the Byzantine Empire?",
            "type": "multiple"
        },
        {
            "category": "Entertainment: Video Games",
            "correct_answer": "True",
            "difficulty": "easy",
            "incorrect_answers": [
                "False"
            ],
            "question": "Ana was added as a new hero for the game Overwatch on July 19th, 2016.",
            "type": "boolean"
        },
        {
            "category": "Mythology",
            "correct_answer": "Norse",
            "difficulty": "hard",
            "incorrect_answers": [
                "Egyptian",
                "Greek",
                "Hindu"
            ],
            "question": "Nidhogg is a mythical creature from what mythology?",
            "type": "multiple"
        },
        {
            "category": "General Knowledge",
            "correct_answer": "True",
            "difficulty": "easy",
            "incorrect_answers": [
                "False"
            ],
            "question": "Romanian belongs to the Romance language family, shared with French, Spanish, Portuguese and Italian. ",
            "type": "boolean"
        },
        {
            "category": "Entertainment: Comics",
            "correct_answer": "1978",
            "difficulty": "hard",
            "incorrect_answers": [
                "1982",
                "1973",
                "1988"
            ],
            "question": "When was the Garfield comic first published?",
            "type": "multiple"
        },
        {
            "category": "Science & Nature",
            "correct_answer": "Uranium",
            "difficulty": "hard",
            "incorrect_answers": [
                "Sulfur",
                "Hydrogen",
                "Iron"
            ],
            "question": "What element on the periodic table has 92 electrons?",
            "type": "multiple"
        },
        {
            "category": "Entertainment: Music",
            "correct_answer": "22, A Million",
            "difficulty": "easy",
            "incorrect_answers": [
                "Bon Iver, Bon Iver",
                "Blood Bank EP",
                "For Emma, Forever Ago"
            ],
            "question": "What album did Bon Iver release in 2016?",
            "type": "multiple"
        },
        {
            "category": "Entertainment: Comics",
            "correct_answer": "2003",
            "difficulty": "hard",
            "incorrect_answers": [
                "2001",
                "2006",
                "1999"
            ],
            "question": "In what year did the first &quot;The Walking Dead&quot; comic come out?",
            "type": "multiple"
        },
        {
            "category": "Animals",
            "correct_answer": "Pugs",
            "difficulty": "medium",
            "incorrect_answers": [
                "Bulldogs",
                "Boxers",
                "Chihuahua"
            ],
            "question": "What dog bread is one of the oldest breeds of dog and has flourished since before 400 BCE.",
            "type": "multiple"
        },
        {
            "category": "Entertainment: Video Games",
            "correct_answer": "Dogmeat",
            "difficulty": "medium",
            "incorrect_answers": [
                "Sparky",
                "Quazar",
                "Chop"
            ],
            "question": "In &quot;Fallout 4&quot;, what is the name of the dog you find at Red Rocket truck stop?",
            "type": "multiple"
        },
        {
            "category": "Entertainment: Film",
            "correct_answer": "Polynesian",
            "difficulty": "easy",
            "incorrect_answers": [
                "Native American",
                "Japanese",
                "Nordic"
            ],
            "question": "The 2016 Disney animated film &#039;Moana&#039; is based on which culture?",
            "type": "multiple"
        },
        {
            "category": "Entertainment: Video Games",
            "correct_answer": "Microwave",
            "difficulty": "easy",
            "incorrect_answers": [
                "Computer",
                "Refrigerator",
                "Televison"
            ],
            "question": "What household item make the characters of &quot;Steins; Gate&quot; travel through time?",
            "type": "multiple"
        },
        {
            "category": "Entertainment: Video Games",
            "correct_answer": "17",
            "difficulty": "medium",
            "incorrect_answers": [
                "18",
                "15",
                "16"
            ],
            "question": "In the game Pok&eacute;mon Conquest, how many kingdoms make up the region of Ransei?",
            "type": "multiple"
        },
        {
            "category": "Entertainment: Television",
            "correct_answer": "False",
            "difficulty": "medium",
            "incorrect_answers": [
                "True"
            ],
            "question": "Klingons respect their disabled comrades, and those who are old, injuried, and helpless.",
            "type": "boolean"
        },
        {
            "category": "Mythology",
            "correct_answer": "True",
            "difficulty": "medium",
            "incorrect_answers": [
                "False"
            ],
            "question": "The Roman god &quot;Jupiter&quot; was first known as &quot;Zeus&quot; to the Greeks.",
            "type": "boolean"
        },
        {
            "category": "Entertainment: Video Games",
            "correct_answer": "Cipher",
            "difficulty": "medium",
            "incorrect_answers": [
                "Mobius 1",
                "Blaze",
                "Pixy"
            ],
            "question": "Who is the main protagonist of &quot;Ace Combat Zero: The Belkan War&quot;?",
            "type": "multiple"
        },
        {
            "category": "Entertainment: Japanese Anime & Manga",
            "correct_answer": "Makoto Kino",
            "difficulty": "medium",
            "incorrect_answers": [
                "Minako Aino",
                "Usagi Tsukino",
                "Rei Hino"
            ],
            "question": "In the &quot;Sailor Moon&quot; series, what is Sailor Jupiter&#039;s civilian name?",
            "type": "multiple"
        },
        {
            "category": "Entertainment: Video Games",
            "correct_answer": "3",
            "difficulty": "medium",
            "incorrect_answers": [
                "4",
                "1",
                "6"
            ],
            "question": "How many different notes is the tune, &quot;Song of Healing&quot;, comprised of in &quot;The Legend of Zelda: Majora&#039;s Mask&quot;?",
            "type": "multiple"
        },
        {
            "category": "Entertainment: Music",
            "correct_answer": "Foo Fighters",
            "difficulty": "medium",
            "incorrect_answers": [
                "Coldplay",
                "Nickelback",
                "The Flaming Lips"
            ],
            "question": "Which band released the album &quot;Sonic Highways&quot; in 2014?",
            "type": "multiple"
        },
        {
            "category": "Entertainment: Music",
            "correct_answer": "Michael Stipe",
            "difficulty": "medium",
            "incorrect_answers": [
                "Chris Martin",
                "Thom Yorke",
                "George Michael"
            ],
            "question": "Who was the lead singer and frontman of rock band R.E.M?",
            "type": "multiple"
        },
        {
            "category": "Politics",
            "correct_answer": "2000",
            "difficulty": "medium",
            "incorrect_answers": [
                "2012",
                "1988",
                "2008"
            ],
            "question": "Before 2016, in which other year did Donald Trump run for President?",
            "type": "multiple"
        },
        {
            "category": "History",
            "correct_answer": "Caucasus",
            "difficulty": "hard",
            "incorrect_answers": [
                "Stalingrad",
                "Crimea",
                "Voronezh"
            ],
            "question": "The main objective of the German operation &quot;Case Blue&quot; during World War II was originally to capture what?",
            "type": "multiple"
        },
        {
            "category": "Science: Computers",
            "correct_answer": "Radia Perlman",
            "difficulty": "hard",
            "incorrect_answers": [
                "Paul Vixie",
                "Vint Cerf",
                "Michael Roberts"
            ],
            "question": "Who invented the &quot;Spanning Tree Protocol&quot;?",
            "type": "multiple"
        },
        {
            "category": "Mythology",
            "correct_answer": "New Zealand",
            "difficulty": "medium",
            "incorrect_answers": [
                "Vanuatu",
                "Fiji",
                "Hawaii"
            ],
            "question": "The Maori hold that which island nation was founded by Kupe, who discovered it under a long white cloud?",
            "type": "multiple"
        }
    ]
}