{
    "response_code": 0,
    "results": [
        {
            "category": "Science: Computers",
            "correct_answer": "True",
            "difficulty": "medium",
            "incorrect_answers": [
                "False"
            ],
            "question": "The HTML5 standard was published in 2014.",
            "type": "boolean"
        },
        {
            "category": "Entertainment: Video Games",
            "correct_answer": "Popopo",
            "difficulty": "medium",
            "incorrect_answers": [
                "Dedede",
                "Waddle Dee",
                "Prince Puff"
            ],
            "question": "What was the character Kirby originally going to be named?",
            "type": "multiple"
        },
        {
            "category": "Science & Nature",
            "correct_answer": "Iron",
            "difficulty": "easy",
            "incorrect_answers": [
                "Gold",
                "Silver",
                "Tin"
            ],
            "question": "Which element has the chemical symbol &#039;Fe&#039;?",
            "type": "multiple"
        },
        {
            "category": "Entertainment: Books",
            "correct_answer": "549 Days",
            "difficulty": "hard",
            "incorrect_answers": [
                "765 Days",
                "401 Days",
                "324 Days"
            ],
            "question": "In the book &quot;The Martian&quot;, how long was Mark Watney trapped on Mars (in Sols)?",
            "type": "multiple"
        },
        {
            "category": "Entertainment: Music",
            "correct_answer": "True",
            "difficulty": "medium",
            "incorrect_answers": [
                "False"
            ],
            "question": "Arcade Fire&#039;s &#039;The Suburbs&#039; won the Album of the Year award in the 2011 Grammys.",
            "type": "boolean"
        },
        {
            "category": "Entertainment: Video Games",
            "correct_answer": "Pokemon",
            "difficulty": "easy",
            "incorrect_answers": [
                "Dragon Ball",
                "Sonic The Hedgehog",
                "Yugioh"
            ],
            "question": "Which franchise does the creature &quot;Slowpoke&quot; originate from?",
            "type": "multiple"
        },
        {
            "category": "General Knowledge",
            "correct_answer": "Philosophy",
            "difficulty": "medium",
            "incorrect_answers": [
                "Psychology",
                "Phrenology",
                "Physical Therapy"
            ],
            "question": "A doctor with a PhD is a doctor of what?",
            "type": "multiple"
        },
        {
            "category": "Science & Nature",
            "correct_answer": "False",
            "difficulty": "medium",
            "incorrect_answers": [
                "True"
            ],
            "question": "The &quot;Gympie Stinger&quot; is the deadliest plant in the world.",
            "type": "boolean"
        },
        {
            "category": "Entertainment: Video Games",
            "correct_answer": "Lee Everett",
            "difficulty": "easy",
            "incorrect_answers": [
                "Clementine",
                "Kenny",
                "Rick Grimes"
            ],
            "question": "Who is the protagonist in the game &quot;The Walking Dead: Season One&quot;?",
            "type": "multiple"
        },
        {
            "category": "Science & Nature",
            "correct_answer": "Nitrogen",
            "difficulty": "easy",
            "incorrect_answers": [
                "Oxygen",
                "Argon",
                "Carbon Dioxide"
            ],
            "question": "Which gas forms about 78% of the Earth&rsquo;s atmosphere?",
            "type": "multiple"
        },
        {
            "category": "Entertainment: Musicals & Theatres",
            "correct_answer": "False",
            "difficulty": "easy",
            "incorrect_answers": [
                "True"
            ],
            "question": "In the play Oedipus Rex, Oedipus kills his father due to jealousy in loving his mother.",
            "type": "boolean"
        },
        {
            "category": "Politics",
            "correct_answer": "True Conservative Radio",
            "difficulty": "medium",
            "incorrect_answers": [
                "True Republican Radio",
                "Texan Capitalist Radio",
                "United Capitalists"
            ],
            "question": "Before 2011, &quot;True Capitalist Radio&quot; was known by a different name. What was that name?",
            "type": "multiple"
        },
        {
            "category": "Entertainment: Books",
            "correct_answer": "George Eliot",
            "difficulty": "medium",
            "incorrect_answers": [
                "George Orwell",
                "George Bernard Shaw",
                "George Saunders"
            ],
            "question": "What was the pen name of novelist, Mary Ann Evans?",
            "type": "multiple"
        },
        {
            "category": "Geography",
            "correct_answer": "Canberra",
            "difficulty": "medium",
            "incorrect_answers": [
                "Sydney",
                "Melbourne",
                "Brisbane"
            ],
            "question": "What is the capital of Australia?",
            "type": "multiple"
        },
        {
            "category": "History",
            "correct_answer": "France",
            "difficulty": "medium",
            "incorrect_answers": [
                "Germany",
                "Italy",
                "Austria"
            ],
            "question": "The Battle of the Somme in World War I took place in which country?",
            "type": "multiple"
        },
        {
            "category": "Science: Computers",
            "correct_answer": "Inkscape",
            "difficulty": "medium",
            "incorrect_answers": [
                "Paint.NET",
                "GIMP",
                "Adobe Photoshop"
            ],
            "question": "All of the following programs are classified as raster graphics editors EXCEPT:",
            "type": "multiple"
        },
        {
            "category": "Geography",
            "correct_answer": "United States",
            "difficulty": "medium",
            "incorrect_answers": [
                "Australia",
                "Chile",
                "Norway"
            ],
            "question": "All of the following countries have official claims to territory in Antartica EXCEPT:",
            "type": "multiple"
        },
        {
            "category": "Science & Nature",
            "correct_answer": "Cognitive Dissonance",
            "difficulty": "medium",
            "incorrect_answers": [
                "Flip-Flop Syndrome",
                "Split-Brain",
                "Blind Sight"
            ],
            "question": "Which psychological term refers to the stress of holding contrasting beliefs?",
            "type": "multiple"
        },
        {
            "category": "Science: Mathematics",
            "correct_answer": "False",
            "difficulty": "easy",
            "incorrect_answers": [
                "True"
            ],
            "question": "The &#039;Squaring the Circle&#039; problem is solvable.",
            "type": "boolean"
        },
        {
            "category": "Entertainment: Video Games",
            "correct_answer": "Ingress",
            "difficulty": "medium",
            "incorrect_answers": [
                "Aggress",
                "Regress",
                "Digress"
            ],
            "question": "What is the name the location-based augmented reality game developed by Niantic before Pok&eacute;mon GO?",
            "type": "multiple"
        },
        {
            "category": "Entertainment: Video Games",
            "correct_answer": "Halo",
            "difficulty": "easy",
            "incorrect_answers": [
                "Opening Suite",
                "Shadows",
                "Suite Autumn"
            ],
            "question": "What is the title of song on the main menu in Halo?",
            "type": "multiple"
        },
        {
            "category": "Entertainment: Video Games",
            "correct_answer": "The Lab",
            "difficulty": "medium",
            "incorrect_answers": [
                "Dota 2",
                "Destinations",
                "Half-Life 2"
            ],
            "question": "What was the FIRST Valve game to have VR?",
            "type": "multiple"
        },
        {
            "category": "Entertainment: Video Games",
            "correct_answer": "Blizzard Entertainment",
            "difficulty": "easy",
            "incorrect_answers": [
                "Valve",
                "Hi-Rez Studios",
                "Gearbox Software"
            ],
            "question": "What company created and developed the game &quot;Overwatch&quot;?",
            "type": "multiple"
        },
        {
            "category": "Politics",
            "correct_answer": "False",
            "difficulty": "easy",
            "incorrect_answers": [
                "True"
            ],
            "question": "The 2016 United States Presidential Election is the first time Hillary Clinton has run for President.",
            "type": "boolean"
        },
        {
            "category": "History",
            "correct_answer": "1982",
            "difficulty": "medium",
            "incorrect_answers": [
                "1999",
                "1981",
                "2005"
            ],
            "question": "In what year was the video game company Electronic Arts founded?",
            "type": "multiple"
        },
        {
            "category": "General Knowledge",
            "correct_answer": "True",
            "difficulty": "medium",
            "incorrect_answers": [
                "False"
            ],
            "question": "Sitting for more than three hours a day can cut two years off a person&#039;s life expectancy.",
            "type": "boolean"
        },
        {
            "category": "History",
            "correct_answer": "Hispania ",
            "difficulty": "hard",
            "incorrect_answers": [
                "Italia",
                "Gallia",
                "Asia"
            ],
            "question": "During the Roman Triumvirate of 42 BCE, what region of the Roman Republic was given to Lepidus?",
            "type": "multiple"
        },
        {
            "category": "Entertainment: Japanese Anime & Manga",
            "correct_answer": "Yukiteru Diary",
            "difficulty": "easy",
            "incorrect_answers": [
                "Murder Diary",
                "Escape Diary ",
                "Justice Diary "
            ],
            "question": "In &quot;Future Diary&quot;, what is the name of Yuno Gasai&#039;s Phone Diary?",
            "type": "multiple"
        },
        {
            "category": "Entertainment: Books",
            "correct_answer": "The Grapes of Wrath",
            "difficulty": "hard",
            "incorrect_answers": [
                "Hamlet",
                "The Great Gatsby",
                "Peter Pan"
            ],
            "question": "Which of these does Charlie NOT read in The Perks of Being a Wallflower?",
            "type": "multiple"
        },
        {
            "category": "History",
            "correct_answer": "Kurt Knispel",
            "difficulty": "medium",
            "incorrect_answers": [
                "Michael Wittmann",
                "Walter Kniep",
                "Otto Carius"
            ],
            "question": "Which WWII tank ace is credited with having destroyed the most tanks?",
            "type": "multiple"
        },
        {
            "category": "Celebrities",
            "correct_answer": "Apple",
            "difficulty": "easy",
            "incorrect_answers": [
                "Lily",
                "French",
                "Dakota"
            ],
            "question": "Gwyneth Paltrow has a daughter named...?",
            "type": "multiple"
        },
        {
            "category": "Animals",
            "correct_answer": "Ape",
            "difficulty": "hard",
            "incorrect_answers": [
                "Lion",
                "Parrot",
                "Wildcat"
            ],
            "question": "What type of creature is a Bonobo?",
            "type": "multiple"
        },
        {
            "category": "General Knowledge",
            "correct_answer": "True",
            "difficulty": "hard",
            "incorrect_answers": [
                "False"
            ],
            "question": "In Scandinavian languages, the letter &Aring; means river.",
            "type": "boolean"
        },
        {
            "category": "Celebrities",
            "correct_answer": "Kanye West",
            "difficulty": "easy",
            "incorrect_answers": [
                "Donald Trump",
                "Leonardo DiCaprio",
                "Miley Cyrus"
            ],
            "question": "Which celebrity announced his presidency in 2015?",
            "type": "multiple"
        },
        {
            "category": "Entertainment: Music",
            "correct_answer": "Homework",
            "difficulty": "easy",
            "incorrect_answers": [
                "Discovery",
                "Random Access Memories",
                "Human After All"
            ],
            "question": "What was Daft Punk&#039;s first studio album?",
            "type": "multiple"
        },
        {
            "category": "Sports",
            "correct_answer": "2009",
            "difficulty": "easy",
            "incorrect_answers": [
                "2008",
                "2010",
                "2011"
            ],
            "question": "What year did the New Orleans Saints win the Super Bowl?",
            "type": "multiple"
        },
        {
            "category": "Entertainment: Film",
            "correct_answer": "False",
            "difficulty": "easy",
            "incorrect_answers": [
                "True"
            ],
            "question": "&quot;Minions&quot; was released on the June 10th, 2015.",
            "type": "boolean"
        },
        {
            "category": "Entertainment: Television",
            "correct_answer": "Lung Cancer",
            "difficulty": "easy",
            "incorrect_answers": [
                "Prostate Cancer",
                "Brain Cancer",
                "Testicular Cancer"
            ],
            "question": "In &quot;Breaking Bad&quot;, Walter White is a high school teacher diagnosed with which form of cancer?",
            "type": "multiple"
        },
        {
            "category": "Entertainment: Video Games",
            "correct_answer": "Continuum",
            "difficulty": "hard",
            "incorrect_answers": [
                "GIFU",
                "Santos Dexterity",
                "eRa Eternity"
            ],
            "question": "Which team won the &quot;Tom Clancy&#039;s Rainbow Six Siege&quot; Invitational Event February 2017 in the PC Category?",
            "type": "multiple"
        },
        {
            "category": "Entertainment: Books",
            "correct_answer": "Mycroft Holmes",
            "difficulty": "easy",
            "incorrect_answers": [
                "Mederi Holmes",
                "Martin Holmes",
                "Herbie Hancock Holmes"
            ],
            "question": "What is the name of Sherlock Holmes&#039;s brother?",
            "type": "multiple"
        },
        {
            "category": "Entertainment: Video Games",
            "correct_answer": "True",
            "difficulty": "medium",
            "incorrect_answers": [
                "False"
            ],
            "question": "In &quot;Super Mario World&quot;, the rhino mini-boss, Reznor, is named after the lead singer of the band &quot;Nine Inch Nails&quot;.",
            "type": "boolean"
        },
        {
            "category": "Entertainment: Video Games",
            "correct_answer": "The Bible",
            "difficulty": "hard",
            "incorrect_answers": [
                "The Halo",
                "Brimstone",
                "Book of Shadows"
            ],
            "question": "In &quot;The Binding of Isaac&quot;, which item instantly kills Mom and Mom&#039;s Heart?",
            "type": "multiple"
        },
        {
            "category": "History",
            "correct_answer": "New Amsterdam",
            "difficulty": "hard",
            "incorrect_answers": [
                "New London",
                "New Paris",
                "New Rome"
            ],
            "question": "What was the original name of New York City?",
            "type": "multiple"
        },
        {
            "category": "Entertainment: Books",
            "correct_answer": "1992 Toyota Land Cruiser",
            "difficulty": "medium",
            "incorrect_answers": [
                "1992 Jeep Wrangler YJ Sahar",
                "1992 Ford Explorer XLT",
                "Mercedes M-Class"
            ],
            "question": "What is the make and model of the tour vehicles in &quot;Jurassic Park&quot;?",
            "type": "multiple"
        },
        {
            "category": "Entertainment: Music",
            "correct_answer": "Camberley",
            "difficulty": "medium",
            "incorrect_answers": [
                "Guildford",
                "Aldershot",
                "Bagshot"
            ],
            "question": "Where did the British Boy Band &quot;Bros&quot; come from?",
            "type": "multiple"
        },
        {
            "category": "Entertainment: Video Games",
            "correct_answer": "4",
            "difficulty": "medium",
            "incorrect_answers": [
                "8",
                "6",
                "2"
            ],
            "question": "How many controllers could a Nintendo GameCube have plugged in at one time?",
            "type": "multiple"
        },
        {
            "category": "Geography",
            "correct_answer": "Estonia",
            "difficulty": "hard",
            "incorrect_answers": [
                "Finland",
                "Sweden",
                "Poland"
            ],
            "question": "In which country is Tallinn located?",
            "type": "multiple"
        },
        {
            "category": "Entertainment: Japanese Anime & Manga",
            "correct_answer": "Teal",
            "difficulty": "medium",
            "incorrect_answers": [
                "Crimson",
                "Dark Brown",
                "Black"
            ],
            "question": "In &quot;Black Lagoon&quot;, what colour is Rock&#039;s tie?",
            "type": "multiple"
        },
        {
            "category": "Celebrities",
            "correct_answer": "The Angry Video Game Nerd",
            "difficulty": "medium",
            "incorrect_answers": [
                "TotalBiscuit",
                "PeanutButterGamer",
                "PewDiePie"
            ],
            "question": "Who is &quot;James Rolfe&quot; better known as?",
            "type": "multiple"
        },
        {
            "category": "Entertainment: Video Games",
            "correct_answer": "Madonna",
            "difficulty": "hard",
            "incorrect_answers": [
                "Celeste",
                "Sierra",
                "Nina"
            ],
            "question": "What was the name of Sonic the Hedgehog&#039;s original human girlfriend?",
            "type": "multiple"
        }
    ]
}