{
    "response_code": 0,
    "results": [
        {
            "category": "Entertainment: Video Games",
            "correct_answer": "True",
            "difficulty": "medium",
            "incorrect_answers": [
                "False"
            ],
            "question": "Nintendo started out as a playing card manufacturer.",
            "type": "boolean"
        },
        {
            "category": "Entertainment: Video Games",
            "correct_answer": "Valve",
            "difficulty": "easy",
            "incorrect_answers": [
                "Pixeltail Games",
                "Ubisoft",
                "Electronic Arts"
            ],
            "question": "Who created the digital distribution platform Steam?",
            "type": "multiple"
        },
        {
            "category": "History",
            "correct_answer": "Socrates",
            "difficulty": "hard",
            "incorrect_answers": [
                "Aristotle",
                "Plato",
                "Pythagoras"
            ],
            "question": "With which Greek philosopher would you associate the phrase, &quot;I know that I know nothing&quot;?",
            "type": "multiple"
        },
        {
            "category": "Entertainment: Video Games",
            "correct_answer": "Tetris",
            "difficulty": "easy",
            "incorrect_answers": [
                "Wii Sports",
                "Minecraft",
                "Super Mario Bros"
            ],
            "question": "What&#039;s the best selling video game to date?",
            "type": "multiple"
        },
        {
            "category": "Entertainment: Cartoon & Animations",
            "correct_answer": "I am in great pain, please help me.",
            "difficulty": "easy",
            "incorrect_answers": [
                "I pray that my life ends soon.",
                "Lets get this party started!",
                "I am suffering, please help me."
            ],
            "question": "In the TV show &quot;Rick and Morty&quot;, Rick uses the catchphrase &quot;Wubba Lubba Dub Dub&quot;, which means ___ in Birdperson",
            "type": "multiple"
        },
        {
            "category": "Entertainment: Music",
            "correct_answer": "Snow",
            "difficulty": "easy",
            "incorrect_answers": [
                "Rain",
                "Hail",
                "Sleet"
            ],
            "question": "Which Canadian reggae musician had a 1993 hit with the song &#039;Informer&#039;?",
            "type": "multiple"
        },
        {
            "category": "Science & Nature",
            "correct_answer": "Nose",
            "difficulty": "easy",
            "incorrect_answers": [
                "Ears",
                "Chin",
                "Neck"
            ],
            "question": "Rhinoplasty is a surgical procedure on what part of the human body?",
            "type": "multiple"
        },
        {
            "category": "Science & Nature",
            "correct_answer": "Metamorphic",
            "difficulty": "easy",
            "incorrect_answers": [
                "Sedimentary",
                "Igneous",
                "Diamond"
            ],
            "question": "Which type of rock is created by intense heat AND pressure?",
            "type": "multiple"
        },
        {
            "category": "History",
            "correct_answer": "Aragon",
            "difficulty": "hard",
            "incorrect_answers": [
                "Galicia",
                "Le&oacute;n",
                "Navarre"
            ],
            "question": "Spain was formed in 1469 with the marriage of Isabella I of Castile and Ferdinand II of what other Iberian kingdom?",
            "type": "multiple"
        },
        {
            "category": "Entertainment: Music",
            "correct_answer": "Jared Leto",
            "difficulty": "easy",
            "incorrect_answers": [
                "Gerard Way",
                "Matthew Bellamy",
                "Mike Shinoda"
            ],
            "question": "Who is the frontman of the band 30 Seconds to Mars?",
            "type": "multiple"
        },
        {
            "category": "Entertainment: Video Games",
            "correct_answer": "Healer",
            "difficulty": "easy",
            "incorrect_answers": [
                "Demoman",
                "Pyro",
                "Spy"
            ],
            "question": "Which of these is NOT a player class in Team Fortress 2?",
            "type": "multiple"
        },
        {
            "category": "Science & Nature",
            "correct_answer": "100",
            "difficulty": "hard",
            "incorrect_answers": [
                "26",
                "50",
                "74"
            ],
            "question": "How many legs is it biologically impossible for a centipede to have?",
            "type": "multiple"
        },
        {
            "category": "Entertainment: Cartoon & Animations",
            "correct_answer": "South Park",
            "difficulty": "easy",
            "incorrect_answers": [
                "The Simpsons",
                "Family Guy",
                "Bob&#039;s Burgers"
            ],
            "question": "Butters Stotch, Pip Pirrup, and Wendy Testaburger are all characters in which long running animated TV series?",
            "type": "multiple"
        },
        {
            "category": "Science & Nature",
            "correct_answer": "Gale",
            "difficulty": "hard",
            "incorrect_answers": [
                "Storm",
                "Hurricane",
                "Breeze"
            ],
            "question": "On the Beaufort Scale of wind force, what wind name is given to number 8?",
            "type": "multiple"
        },
        {
            "category": "Science & Nature",
            "correct_answer": "Mitochondria",
            "difficulty": "easy",
            "incorrect_answers": [
                "Ribosome",
                "Redbull",
                "Nucleus"
            ],
            "question": "What is the powerhouse of the cell?",
            "type": "multiple"
        },
        {
            "category": "History",
            "correct_answer": "True",
            "difficulty": "medium",
            "incorrect_answers": [
                "False"
            ],
            "question": "The M41 Walker Bulldog remains in service in some countries to this day.",
            "type": "boolean"
        },
        {
            "category": "Entertainment: Japanese Anime & Manga",
            "correct_answer": "5",
            "difficulty": "medium",
            "incorrect_answers": [
                "6",
                "7",
                "4"
            ],
            "question": "In the anime &quot;Mr. Osomatsu&quot;, how many brothers does Osomatsu-san have?",
            "type": "multiple"
        },
        {
            "category": "Science: Computers",
            "correct_answer": "C#",
            "difficulty": "medium",
            "incorrect_answers": [
                "Java",
                "C++",
                "Objective-C"
            ],
            "question": "Which of the following languages is used as a scripting language in the Unity 3D game engine?",
            "type": "multiple"
        },
        {
            "category": "General Knowledge",
            "correct_answer": "A dance",
            "difficulty": "easy",
            "incorrect_answers": [
                "A medical procedure",
                "A sport",
                "A language"
            ],
            "question": "What is &quot;dabbing&quot;?",
            "type": "multiple"
        },
        {
            "category": "Entertainment: Music",
            "correct_answer": "Martin Chambers",
            "difficulty": "hard",
            "incorrect_answers": [
                "Morrissey",
                "Andy Rourke",
                "Mike Joyce"
            ],
            "question": "Who was not in the band &quot;The Smiths&quot;?",
            "type": "multiple"
        },
        {
            "category": "Politics",
            "correct_answer": "Indonesia",
            "difficulty": "medium",
            "incorrect_answers": [
                "Thailand",
                "Brunei",
                "Malaysia"
            ],
            "question": "The 2014 movie &quot;The Raid 2: Berandal&quot; was mainly filmed in which Asian country?",
            "type": "multiple"
        },
        {
            "category": "Entertainment: Video Games",
            "correct_answer": "SecondLife",
            "difficulty": "hard",
            "incorrect_answers": [
                "ActiveWorlds",
                "IMVU",
                "HabboHotel"
            ],
            "question": "Which of these online games was originally named LindenWorld in it&#039;s early development?",
            "type": "multiple"
        },
        {
            "category": "Entertainment: Music",
            "correct_answer": "MGMT",
            "difficulty": "medium",
            "incorrect_answers": [
                "MSTRKRFT",
                "STRFKR",
                "SBTRKT"
            ],
            "question": "Which of these is the name of an American psychedelic rock band formed in 2002 by Benjamin Goldwasser and Andrew VanWyngarden?",
            "type": "multiple"
        },
        {
            "category": "Entertainment: Music",
            "correct_answer": "Left Alone",
            "difficulty": "hard",
            "incorrect_answers": [
                "What About Us",
                "This Song Is Not About A Girl",
                "Drop The Game"
            ],
            "question": "Which of these is NOT a song featured on the Lockjaw EP released in 2013 by Flume &amp; Chet Faker?",
            "type": "multiple"
        },
        {
            "category": "Entertainment: Video Games",
            "correct_answer": "Markus Persson",
            "difficulty": "easy",
            "incorrect_answers": [
                "Jens Bergensten",
                "Daniel Rosenfeld",
                "Carl Manneh"
            ],
            "question": "Who created the 2011 Video Game &quot;Minecraft&quot;?",
            "type": "multiple"
        },
        {
            "category": "Entertainment: Cartoon & Animations",
            "correct_answer": "Seth Green",
            "difficulty": "medium",
            "incorrect_answers": [
                "Seth MacFarlane",
                "Seth Rogen",
                "Seth Rollins"
            ],
            "question": "The stop motion comedy show &quot;Robot Chicken&quot; was created by which of the following?",
            "type": "multiple"
        },
        {
            "category": "Entertainment: Television",
            "correct_answer": "Walter White",
            "difficulty": "medium",
            "incorrect_answers": [
                "William Wolf",
                "Willy Wonka",
                "Wally Walrus"
            ],
            "question": "In Breaking Bad, the initials W.W. refer to which of the following?",
            "type": "multiple"
        },
        {
            "category": "Animals",
            "correct_answer": "True",
            "difficulty": "easy",
            "incorrect_answers": [
                "False"
            ],
            "question": "In 2016, the IUCN reclassified the status of Giant Pandas from endangered to vulnerable.",
            "type": "boolean"
        },
        {
            "category": "Entertainment: Film",
            "correct_answer": "Spaceman From Pluto",
            "difficulty": "medium",
            "incorrect_answers": [
                "Hill Valley Time Travelers",
                "The Time Travelers",
                "The Lucky Man"
            ],
            "question": "What was another suggested name for, the 1985 film, Back to the Future?",
            "type": "multiple"
        },
        {
            "category": "Entertainment: Video Games",
            "correct_answer": "False",
            "difficulty": "easy",
            "incorrect_answers": [
                "True"
            ],
            "question": "Rebecca Chambers does not appear in any Resident Evil except for the original Resident Evil and the Gamecube remake.",
            "type": "boolean"
        },
        {
            "category": "Science & Nature",
            "correct_answer": "TAA",
            "difficulty": "hard",
            "incorrect_answers": [
                "ACT",
                "ACA",
                "GTA"
            ],
            "question": "Which of these is a stop codon in DNA?",
            "type": "multiple"
        },
        {
            "category": "Entertainment: Music",
            "correct_answer": "5",
            "difficulty": "hard",
            "incorrect_answers": [
                "3",
                "7",
                "0"
            ],
            "question": "The key of G# contains how many sharps?",
            "type": "multiple"
        },
        {
            "category": "Entertainment: Video Games",
            "correct_answer": "7355608",
            "difficulty": "hard",
            "incorrect_answers": [
                "7890728",
                "7256380",
                "7726354"
            ],
            "question": "In Counter Strike: Global Offensive, what is the code implanted onto the C4 as the Terrorists plant the bomb?",
            "type": "multiple"
        },
        {
            "category": "Entertainment: Comics",
            "correct_answer": "Mega Man",
            "difficulty": "easy",
            "incorrect_answers": [
                "Super Mario Brothers",
                "Alex Kidd",
                "Super Monkey Ball"
            ],
            "question": "Which universe crossover was introduced in the &quot;Sonic the Hedgehog&quot; comic issue #247?",
            "type": "multiple"
        },
        {
            "category": "Entertainment: Film",
            "correct_answer": "True",
            "difficulty": "easy",
            "incorrect_answers": [
                "False"
            ],
            "question": "In the original Star Wars trilogy, David Prowse was the actor who physically portrayed Darth Vader.",
            "type": "boolean"
        },
        {
            "category": "Entertainment: Video Games",
            "correct_answer": "Tekken",
            "difficulty": "medium",
            "incorrect_answers": [
                "Street Fighter",
                "Mortal Kombat",
                "Dragon Quest"
            ],
            "question": "Which of these game franchises were made by Namco?",
            "type": "multiple"
        },
        {
            "category": "Entertainment: Video Games",
            "correct_answer": "Yo-kai Watch",
            "difficulty": "medium",
            "incorrect_answers": [
                "Pok&eacute;mon",
                "Yu-gi-oh",
                "Buddyfight"
            ],
            "question": "Which franchise had a special event hosted in the popular MMORPG Final Fantasy XIV: A Realm Reborn?",
            "type": "multiple"
        },
        {
            "category": "Science: Computers",
            "correct_answer": "Long Term Support",
            "difficulty": "easy",
            "incorrect_answers": [
                "Long Taco Service",
                "Ludicrous Transfer Speed",
                "Ludicrous Turbo Speed"
            ],
            "question": "What does LTS stand for in the software market?",
            "type": "multiple"
        },
        {
            "category": "Entertainment: Music",
            "correct_answer": "Pablo Honey",
            "difficulty": "medium",
            "incorrect_answers": [
                "The Bends",
                "Kid A",
                "A Moon Shaped Pool"
            ],
            "question": "What was Radiohead&#039;s first album?",
            "type": "multiple"
        },
        {
            "category": "Entertainment: Video Games",
            "correct_answer": "True",
            "difficulty": "medium",
            "incorrect_answers": [
                "False"
            ],
            "question": "Mortal Kombat was almost based on Jean-Claude Van Damme movie.",
            "type": "boolean"
        },
        {
            "category": "Entertainment: Video Games",
            "correct_answer": "Officer Laura Brick",
            "difficulty": "hard",
            "incorrect_answers": [
                "Papa Brickolini",
                "Officer Nick Brick",
                "Mama Brickolini"
            ],
            "question": "In the Lego Island trilogy, who taught Pepper Roni how to read?",
            "type": "multiple"
        },
        {
            "category": "Entertainment: Comics",
            "correct_answer": "Lien-Da",
            "difficulty": "medium",
            "incorrect_answers": [
                "Kragok",
                "Dimitri",
                "Remington"
            ],
            "question": "In the comics, which Sonic character took command of the Dark Legion after Luger&#039;s assassination?",
            "type": "multiple"
        },
        {
            "category": "Entertainment: Japanese Anime & Manga",
            "correct_answer": "Freedom",
            "difficulty": "hard",
            "incorrect_answers": [
                "Promise",
                "Adventure",
                "Friendship"
            ],
            "question": "In &quot;One Piece&quot;, what does &quot;the Pirate King&quot; mean to the captain of the Straw Hat Pirates?",
            "type": "multiple"
        },
        {
            "category": "General Knowledge",
            "correct_answer": "2004",
            "difficulty": "hard",
            "incorrect_answers": [
                "2000",
                "2001",
                "2006"
            ],
            "question": "What year was the RoboSapien toy robot released?",
            "type": "multiple"
        },
        {
            "category": "Entertainment: Japanese Anime & Manga",
            "correct_answer": "Restoration",
            "difficulty": "hard",
            "incorrect_answers": [
                "Emission",
                "Transmutation",
                "Specialization"
            ],
            "question": "In &quot;Hunter x Hunter&quot;, which of the following is NOT a type of Nen aura?",
            "type": "multiple"
        },
        {
            "category": "Entertainment: Video Games",
            "correct_answer": "Spookit",
            "difficulty": "hard",
            "incorrect_answers": [
                "Petricub",
                "Trictus",
                "Pyromantle"
            ],
            "question": "In &quot;Starbound&quot;, according to the asset files, the description of the &quot;Erchius Ghost&quot; is the same as which other assets?",
            "type": "multiple"
        },
        {
            "category": "Science: Computers",
            "correct_answer": "False",
            "difficulty": "medium",
            "incorrect_answers": [
                "True"
            ],
            "question": "Linus Sebastian is the creator of the Linux kernel, which went on to be used in Linux, Android, and Chrome OS.",
            "type": "boolean"
        },
        {
            "category": "Entertainment: Japanese Anime & Manga",
            "correct_answer": "False",
            "difficulty": "easy",
            "incorrect_answers": [
                "True"
            ],
            "question": "In the &quot;To Love-Ru&quot; series, Golden Darkness is sent to kill Lala Deviluke.",
            "type": "boolean"
        },
        {
            "category": "Entertainment: Film",
            "correct_answer": "Clint Eastwood, Eli Wallach, and Lee Van Cleef",
            "difficulty": "hard",
            "incorrect_answers": [
                "Sergio Leone, Ennio Morricone, and Tonino Delli Colli",
                "Yul Brynner, Steve McQueen, and Charles Bronson",
                "Aldo Giuffr&egrave;, Mario Brega, and Luigi Pistilli"
            ],
            "question": "Which actors made up the trio in &quot;The Good, the Bad, and the Ugly&quot;? ",
            "type": "multiple"
        },
        {
            "category": "Entertainment: Video Games",
            "correct_answer": "Erangel",
            "difficulty": "hard",
            "incorrect_answers": [
                "Marmara",
                "Severny",
                "Lastovo"
            ],
            "question": "What is the name of the main island in PLAYERUNKNOWN&#039;S BATTLEGROUNDS?",
            "type": "multiple"
        }
    ]
}