{
    "response_code": 0,
    "results": [
        {
            "category": "Politics",
            "correct_answer": "Neville Chamberlain",
            "difficulty": "medium",
            "incorrect_answers": [
                "Clement Attlee",
                "Winston Churchill",
                "Stanley Baldwin"
            ],
            "question": "Who was the British Prime Minister at the outbreak of the Second World War?",
            "type": "multiple"
        },
        {
            "category": "Entertainment: Video Games",
            "correct_answer": "Keita Takahashi",
            "difficulty": "medium",
            "incorrect_answers": [
                "Hideki Kamiya",
                "Shu Takumi",
                "Shinji Mikami"
            ],
            "question": "Who of these people was the creator and director of the Katamari Damacy series?",
            "type": "multiple"
        },
        {
            "category": "Entertainment: Film",
            "correct_answer": "Sean Connery",
            "difficulty": "medium",
            "incorrect_answers": [
                "Dennis Quaid",
                "Pete Postlethwaite",
                "Brian Thompson"
            ],
            "question": "Who voiced the character Draco in the 1996 movie &#039;DragonHeart&#039;?",
            "type": "multiple"
        },
        {
            "category": "Celebrities",
            "correct_answer": "True",
            "difficulty": "medium",
            "incorrect_answers": [
                "False"
            ],
            "question": "Michael Jackson had a pet python named &lsquo;Crusher&rsquo;.",
            "type": "boolean"
        },
        {
            "category": "Science & Nature",
            "correct_answer": "Mitochondria",
            "difficulty": "easy",
            "incorrect_answers": [
                "Nucleus",
                "Chloroplast",
                "Endoplasmic Reticulum"
            ],
            "question": "What is the &quot;powerhouse&quot; of the Eukaryotic animal cell?",
            "type": "multiple"
        },
        {
            "category": "Geography",
            "correct_answer": "True",
            "difficulty": "easy",
            "incorrect_answers": [
                "False"
            ],
            "question": "Vatican City is a country.",
            "type": "boolean"
        },
        {
            "category": "History",
            "correct_answer": "1962",
            "difficulty": "medium",
            "incorrect_answers": [
                "1492",
                "1963",
                "1987"
            ],
            "question": "When did Jamaica recieve its independence from England? ",
            "type": "multiple"
        },
        {
            "category": "Science: Computers",
            "correct_answer": "False",
            "difficulty": "easy",
            "incorrect_answers": [
                "True"
            ],
            "question": "The programming language &quot;Python&quot; is based off a modified version of &quot;JavaScript&quot;.",
            "type": "boolean"
        },
        {
            "category": "Science & Nature",
            "correct_answer": "Haplogroup U",
            "difficulty": "hard",
            "incorrect_answers": [
                "Haplogroup L",
                "Haplogroup T",
                "Haplogroup J"
            ],
            "question": "All of the following human genetic haplogroup names are shared between Y-chromosome and mitochondrial DNA haplogroups EXCEPT:",
            "type": "multiple"
        },
        {
            "category": "Science & Nature",
            "correct_answer": "Pulmonary Artery",
            "difficulty": "easy",
            "incorrect_answers": [
                "Pulmonary Vein",
                "Aorta",
                "Coronary Artery"
            ],
            "question": "Which of the following blood vessels carries deoxygenated blood?",
            "type": "multiple"
        },
        {
            "category": "Entertainment: Music",
            "correct_answer": "2 Chainz",
            "difficulty": "easy",
            "incorrect_answers": [
                "Kendrick Lamar",
                "Future",
                "Fatman Scoop"
            ],
            "question": "Which famous rapper is featured in Jack &Uuml; (Skrillex and Diplo)&#039;s 2015 single called &quot;Febreze&quot;?",
            "type": "multiple"
        },
        {
            "category": "Entertainment: Music",
            "correct_answer": "Alesso",
            "difficulty": "medium",
            "incorrect_answers": [
                "Steve Angello",
                "Sebastian Ingrosso",
                "Axwell"
            ],
            "question": "Which of these artists was NOT a member of the electronic music supergroup Swedish House Mafia, which split up in 2013?",
            "type": "multiple"
        },
        {
            "category": "General Knowledge",
            "correct_answer": "Me at the zoo",
            "difficulty": "medium",
            "incorrect_answers": [
                "tribute",
                "carrie rides a truck",
                "Her new puppy from great grandpa vern."
            ],
            "question": "What is the name of the very first video uploaded to YouTube?",
            "type": "multiple"
        },
        {
            "category": "General Knowledge",
            "correct_answer": "False",
            "difficulty": "medium",
            "incorrect_answers": [
                "True"
            ],
            "question": "An eggplant is a vegetable.",
            "type": "boolean"
        },
        {
            "category": "Entertainment: Video Games",
            "correct_answer": "December 24, 2004",
            "difficulty": "medium",
            "incorrect_answers": [
                "November 13, 2004",
                "December 13, 2004",
                "November 12, 2004"
            ],
            "question": "When was &quot;Garry&#039;s Mod&quot; released?",
            "type": "multiple"
        },
        {
            "category": "Entertainment: Japanese Anime & Manga",
            "correct_answer": "Jewel Shards",
            "difficulty": "easy",
            "incorrect_answers": [
                "Dragon Balls",
                "Rave Stones",
                "Sacred Stones"
            ],
            "question": "In &quot;Inuyasha&quot;, what are the heros are looking to collect?",
            "type": "multiple"
        },
        {
            "category": "Entertainment: Film",
            "correct_answer": "True",
            "difficulty": "medium",
            "incorrect_answers": [
                "False"
            ],
            "question": "The Xenomorph from the science fiction film &quot;Alien&quot; has acidic blood.",
            "type": "boolean"
        },
        {
            "category": "Entertainment: Video Games",
            "correct_answer": "False",
            "difficulty": "medium",
            "incorrect_answers": [
                "True"
            ],
            "question": "In World of Warcraft lore, Thrall is the original wielder of &quot;Doomhammer&quot;.",
            "type": "boolean"
        },
        {
            "category": "History",
            "correct_answer": "John Blunt",
            "difficulty": "easy",
            "incorrect_answers": [
                "Daniel Defoe",
                "Robert Harley",
                "John Churchill"
            ],
            "question": "In 1720, England was in massive debt, and became in involved in the South Sea Bubble. Who was the main mastermind behind it?",
            "type": "multiple"
        },
        {
            "category": "Entertainment: Film",
            "correct_answer": "True",
            "difficulty": "easy",
            "incorrect_answers": [
                "False"
            ],
            "question": "Samuel L. Jackson had the words, &#039;Bad Motherf*cker&#039; in-scripted on his lightsaber during the filming of Star Wars.",
            "type": "boolean"
        },
        {
            "category": "Entertainment: Comics",
            "correct_answer": "Alan Moore",
            "difficulty": "medium",
            "incorrect_answers": [
                "Bill Finger",
                "Frank Miller",
                "Jerry Siegel"
            ],
            "question": "Who wrote the Batman comic series &quot;The Killing Joke&quot;?",
            "type": "multiple"
        },
        {
            "category": "General Knowledge",
            "correct_answer": "True",
            "difficulty": "easy",
            "incorrect_answers": [
                "False"
            ],
            "question": "One of Donald Trump&#039;s 2016 Presidential Campaign promises was to build a border wall between the United States and Mexico.",
            "type": "boolean"
        },
        {
            "category": "Entertainment: Music",
            "correct_answer": "Pink Floyd",
            "difficulty": "medium",
            "incorrect_answers": [
                "AC/DC",
                "Metallica",
                "Red Hot Chili Peppers"
            ],
            "question": "Which of these bands is the oldest?",
            "type": "multiple"
        },
        {
            "category": "Entertainment: Books",
            "correct_answer": "Antoine de Saint-Exup&eacute;ry",
            "difficulty": "medium",
            "incorrect_answers": [
                "Miguel de Cervantes Saavedra",
                "Jane Austen",
                "F. Scott Fitzgerald"
            ],
            "question": "The book &quot;The Little Prince&quot; was written by...",
            "type": "multiple"
        },
        {
            "category": "Animals",
            "correct_answer": "Felidae",
            "difficulty": "medium",
            "incorrect_answers": [
                "Felinae",
                "Felis",
                "Cat"
            ],
            "question": "What is the name of the family that the domestic cat is a member of?",
            "type": "multiple"
        },
        {
            "category": "Geography",
            "correct_answer": "Brazil",
            "difficulty": "easy",
            "incorrect_answers": [
                "China",
                "Russia",
                "The United States"
            ],
            "question": "Which country is the home of the largest Japanese population outside of Japan?",
            "type": "multiple"
        },
        {
            "category": "Mythology",
            "correct_answer": "Hephaestus",
            "difficulty": "medium",
            "incorrect_answers": [
                "Dyntos",
                "Vulcan",
                "Artagatus"
            ],
            "question": "What is the name of the Greek god of blacksmiths?",
            "type": "multiple"
        },
        {
            "category": "Entertainment: Video Games",
            "correct_answer": "Luminid",
            "difficulty": "medium",
            "incorrect_answers": [
                "Dragalge",
                "Mandibuzz",
                "Araquanid"
            ],
            "question": "Which of the following is not a real Pok&eacute;mon?",
            "type": "multiple"
        },
        {
            "category": "Entertainment: Music",
            "correct_answer": "Billie Joe Armstrong",
            "difficulty": "easy",
            "incorrect_answers": [
                "Mike Dirnt",
                "Sean Hughes",
                "Tr&eacute; Cool"
            ],
            "question": "Who is the lead singer of Green Day?",
            "type": "multiple"
        },
        {
            "category": "Entertainment: Video Games",
            "correct_answer": "McCree",
            "difficulty": "medium",
            "incorrect_answers": [
                "Roadhog",
                "Soldier 76",
                "Junkrat"
            ],
            "question": "According to Overwatch&#039;s lore, who was once a member of the Deadlock Gang?",
            "type": "multiple"
        },
        {
            "category": "Entertainment: Video Games",
            "correct_answer": "A shell",
            "difficulty": "hard",
            "incorrect_answers": [
                "A slide of Gelatin",
                "A poffin",
                "A spike"
            ],
            "question": "During development of &quot;Super Mario World&quot;, Yoshi&#039;s hard saddle was originally which of these?",
            "type": "multiple"
        },
        {
            "category": "Entertainment: Music",
            "correct_answer": "AlunaGeorge",
            "difficulty": "hard",
            "incorrect_answers": [
                "DJ Snake",
                "Steve Aoki",
                "Major Lazer"
            ],
            "question": "Who wrote the song &quot;You Know You Like It&quot;?",
            "type": "multiple"
        },
        {
            "category": "Entertainment: Video Games",
            "correct_answer": "27",
            "difficulty": "medium",
            "incorrect_answers": [
                "32",
                "30",
                "5"
            ],
            "question": "How many regular Sunken Sea Scrolls are there in &quot;Splatoon&quot;?",
            "type": "multiple"
        },
        {
            "category": "Entertainment: Japanese Anime & Manga",
            "correct_answer": "Ainz Ooal Gown",
            "difficulty": "medium",
            "incorrect_answers": [
                "Master",
                "Yggdrasil",
                "Kugane Maruyama"
            ],
            "question": "The character Momonga from the &quot;Overlord&quot; series orders his servants to call him by what name?",
            "type": "multiple"
        },
        {
            "category": "Entertainment: Japanese Anime & Manga",
            "correct_answer": "D. D. D",
            "difficulty": "medium",
            "incorrect_answers": [
                "Silver Sword",
                "West Wind Brigade",
                "Oceanic Systems (Marine Agency)"
            ],
            "question": "Krusty is the guild master of which guild in &quot;Log Horizon&quot;?",
            "type": "multiple"
        },
        {
            "category": "Animals",
            "correct_answer": "Hemocyanin",
            "difficulty": "hard",
            "incorrect_answers": [
                "Cytochrome",
                "Iron",
                "Methionine"
            ],
            "question": "What is the name of the copper-rich protein that creates the blue blood in the Antarctic octopus?",
            "type": "multiple"
        },
        {
            "category": "Science: Computers",
            "correct_answer": "True",
            "difficulty": "medium",
            "incorrect_answers": [
                "False"
            ],
            "question": "Android versions are named in alphabetical order.",
            "type": "boolean"
        },
        {
            "category": "Entertainment: Video Games",
            "correct_answer": "True",
            "difficulty": "medium",
            "incorrect_answers": [
                "False"
            ],
            "question": "In Portal, the Companion Cube&#039;s ARE sentient.",
            "type": "boolean"
        },
        {
            "category": "Entertainment: Video Games",
            "correct_answer": "Sligs",
            "difficulty": "medium",
            "incorrect_answers": [
                "Scrabs",
                "Slogs",
                "Glukkons"
            ],
            "question": "What is the name of the common, gun-toting enemies of the &quot;Oddworld&quot; video game series?",
            "type": "multiple"
        },
        {
            "category": "Politics",
            "correct_answer": "Strom Thurmond",
            "difficulty": "hard",
            "incorrect_answers": [
                "Roy Blunt",
                "John Barrasso",
                "Chuck Schumer"
            ],
            "question": "Which of the following United States senators is known for performing a 24-hour long filibuster?",
            "type": "multiple"
        },
        {
            "category": "Science: Computers",
            "correct_answer": "256",
            "difficulty": "easy",
            "incorrect_answers": [
                "8",
                "1",
                "1024"
            ],
            "question": "How many values can a single byte represent?",
            "type": "multiple"
        },
        {
            "category": "Entertainment: Cartoon & Animations",
            "correct_answer": "True",
            "difficulty": "easy",
            "incorrect_answers": [
                "False"
            ],
            "question": "Waylon Smithers from &quot;The Simpsons&quot; was originally black when he first appeared in the series.",
            "type": "boolean"
        },
        {
            "category": "Entertainment: Video Games",
            "correct_answer": "Mario Kart: Super Circuit",
            "difficulty": "medium",
            "incorrect_answers": [
                "Mario Kart: Double Dash",
                "Mario Kart 64",
                "Super Mario Kart"
            ],
            "question": "Which ones of these Mario Kart games was made for the Gameboy Advance?",
            "type": "multiple"
        },
        {
            "category": "Entertainment: Video Games",
            "correct_answer": "Ascension",
            "difficulty": "medium",
            "incorrect_answers": [
                "Moon",
                "Call Of The Dead",
                "Die Rise"
            ],
            "question": "In &quot;Call Of Duty: Zombies&quot;, which map introduced the perk &quot;PhD Flopper&quot;?",
            "type": "multiple"
        },
        {
            "category": "History",
            "correct_answer": "October 1, 1949",
            "difficulty": "medium",
            "incorrect_answers": [
                "April 3, 1947",
                "May 7, 1945",
                "December 6, 1950"
            ],
            "question": "When was the People&#039;s Republic of China founded?",
            "type": "multiple"
        },
        {
            "category": "Celebrities",
            "correct_answer": "Collingwood College",
            "difficulty": "hard",
            "incorrect_answers": [
                "Tomlinscote School",
                "Kings International College",
                "Lyndhurst School"
            ],
            "question": "Which school in Surrey, England did Steve Backshall attend?",
            "type": "multiple"
        },
        {
            "category": "Entertainment: Video Games",
            "correct_answer": "September 17, 2013",
            "difficulty": "medium",
            "incorrect_answers": [
                "August 17, 2013",
                "April 14, 2015",
                "November 18, 2014"
            ],
            "question": "What was the original release date of Grand Theft Auto V?",
            "type": "multiple"
        },
        {
            "category": "Entertainment: Video Games",
            "correct_answer": "True",
            "difficulty": "medium",
            "incorrect_answers": [
                "False"
            ],
            "question": "The character that would eventually become Dr. Eggman was considered for the role of Sega&#039;s new flagship mascot before Sonic was.",
            "type": "boolean"
        },
        {
            "category": "Entertainment: Video Games",
            "correct_answer": "Scoot",
            "difficulty": "easy",
            "incorrect_answers": [
                "Drake",
                "Bill",
                "Mallary"
            ],
            "question": "Which character in the &quot;Animal Crossing&quot; series uses the phrase &quot;zip zoom&quot; when talking to the player?",
            "type": "multiple"
        },
        {
            "category": "Entertainment: Board Games",
            "correct_answer": "Reiner Knizia",
            "difficulty": "hard",
            "incorrect_answers": [
                "Bruno Cathala",
                "Uwe Rosenburg",
                "Allison Kline"
            ],
            "question": "The board game &quot;Ra&quot; was designed by which designer? ",
            "type": "multiple"
        }
    ]
}