{
    "response_code": 0,
    "results": [
        {
            "category": "Science & Nature",
            "correct_answer": "False",
            "difficulty": "medium",
            "incorrect_answers": [
                "True"
            ],
            "question": "The Neanderthals were a direct ancestor of modern humans.",
            "type": "boolean"
        },
        {
            "category": "Entertainment: Film",
            "correct_answer": "Aladdin",
            "difficulty": "easy",
            "incorrect_answers": [
                "Toy Story",
                "James and the Giant Peach",
                "The Hunchback of Notre Dame"
            ],
            "question": "Which animated movie was first to feature a celebrity as a voice actor?",
            "type": "multiple"
        },
        {
            "category": "Celebrities",
            "correct_answer": "Sundance",
            "difficulty": "easy",
            "incorrect_answers": [
                "Woodward",
                "Turner",
                "Booker"
            ],
            "question": "Named after a character he played in a 1969 film, what is the name of the ski resort in Utah that Robert Redford bought in 1968?",
            "type": "multiple"
        },
        {
            "category": "Sports",
            "correct_answer": "22",
            "difficulty": "easy",
            "incorrect_answers": [
                "20",
                "24",
                "26"
            ],
            "question": "How many soccer players should be on the field at the same time?",
            "type": "multiple"
        },
        {
            "category": "History",
            "correct_answer": "Nagasaki",
            "difficulty": "easy",
            "incorrect_answers": [
                "Kawasaki",
                "Tokyo",
                "Kagoshima"
            ],
            "question": "During WWII, in 1945, the United States dropped atomic bombs on the two Japanese cities of Hiroshima and what other city?",
            "type": "multiple"
        },
        {
            "category": "Entertainment: Music",
            "correct_answer": "Dave Grohl",
            "difficulty": "easy",
            "incorrect_answers": [
                "Taylor Hawkins",
                "Nate Mendel",
                "Chris Shiflett"
            ],
            "question": "Which member of the Foo Fighters was previously the drummer for Nirvana?",
            "type": "multiple"
        },
        {
            "category": "Entertainment: Board Games",
            "correct_answer": "32",
            "difficulty": "easy",
            "incorrect_answers": [
                "16",
                "20",
                "36"
            ],
            "question": "How many pieces are there on the board at the start of a game of chess?",
            "type": "multiple"
        },
        {
            "category": "Entertainment: Film",
            "correct_answer": "George Clooney",
            "difficulty": "medium",
            "incorrect_answers": [
                "Michael Keaton",
                "Val Kilmer",
                "Christian Bale"
            ],
            "question": "Who played Batman in the 1997 film &quot;Batman and Robin&quot;?",
            "type": "multiple"
        },
        {
            "category": "Geography",
            "correct_answer": "Kaliningrad",
            "difficulty": "easy",
            "incorrect_answers": [
                "Samara",
                "Nizhny Novgorod",
                "Omsk"
            ],
            "question": "Which Russian oblast forms a border with Poland?",
            "type": "multiple"
        },
        {
            "category": "Entertainment: Music",
            "correct_answer": "Dan the Automater",
            "difficulty": "medium",
            "incorrect_answers": [
                "Lamarr Kendrick",
                "Danger Mouse",
                "CeeLo Green"
            ],
            "question": "Which one of these artists appears in the album Deltron 3030?",
            "type": "multiple"
        },
        {
            "category": "General Knowledge",
            "correct_answer": "Gorilla",
            "difficulty": "easy",
            "incorrect_answers": [
                "Tiger",
                "Panda",
                "Crocodile"
            ],
            "question": "What type of animal was Harambe, who was shot after a child fell into it&#039;s enclosure at the Cincinnati Zoo?",
            "type": "multiple"
        },
        {
            "category": "Entertainment: Music",
            "correct_answer": "Somebody to Love",
            "difficulty": "medium",
            "incorrect_answers": [
                "Under Pressure",
                "Flash",
                "Bohemian Rhapsody"
            ],
            "question": "Which Queen song was covered by Brittany Murphy in the 2006 film &quot;Happy Feet&quot;?",
            "type": "multiple"
        },
        {
            "category": "General Knowledge",
            "correct_answer": "Charlie Chaplin",
            "difficulty": "hard",
            "incorrect_answers": [
                "Paul Newman",
                "Rowan Atkinson ",
                "Alfred Hitchcock"
            ],
            "question": "Which film star has his statue in Leicester Square?",
            "type": "multiple"
        },
        {
            "category": "Sports",
            "correct_answer": "August 21",
            "difficulty": "easy",
            "incorrect_answers": [
                "August 23",
                "August 19",
                "August 17"
            ],
            "question": "The Rio 2016 Summer Olympics held it&#039;s closing ceremony on what date?",
            "type": "multiple"
        },
        {
            "category": "General Knowledge",
            "correct_answer": "Licorice",
            "difficulty": "easy",
            "incorrect_answers": [
                "Lollipop",
                "Chocolate",
                "Bubblegum"
            ],
            "question": "Red Vines is a brand of what type of candy?",
            "type": "multiple"
        },
        {
            "category": "Entertainment: Musicals & Theatres",
            "correct_answer": "Hamlet",
            "difficulty": "medium",
            "incorrect_answers": [
                "Macbeth",
                "Othello",
                "King Lear"
            ],
            "question": "In which Shakespearean play will you find the suicide of Ophelia?",
            "type": "multiple"
        },
        {
            "category": "Entertainment: Music",
            "correct_answer": "Queen",
            "difficulty": "easy",
            "incorrect_answers": [
                "Pink Floyd",
                "Rolling Stones",
                "The Doors"
            ],
            "question": "Brian May was the guitarist for which band?",
            "type": "multiple"
        },
        {
            "category": "History",
            "correct_answer": "1914",
            "difficulty": "medium",
            "incorrect_answers": [
                "1930",
                "1917",
                "1939"
            ],
            "question": "In which year did the First World War begin?",
            "type": "multiple"
        },
        {
            "category": "Entertainment: Television",
            "correct_answer": "Eleven",
            "difficulty": "easy",
            "incorrect_answers": [
                "Mike",
                "Lucas",
                "Karen"
            ],
            "question": "Which of these characters in &quot;Stranger Things&quot; has the power of Telekinesis?",
            "type": "multiple"
        },
        {
            "category": "Entertainment: Film",
            "correct_answer": "Snow White and the Seven Dwarfs",
            "difficulty": "easy",
            "incorrect_answers": [
                "Pinocchio",
                "Dumbo",
                "Fantasia"
            ],
            "question": "What is the oldest Disney film?",
            "type": "multiple"
        },
        {
            "category": "Entertainment: Television",
            "correct_answer": "Eggo Waffles",
            "difficulty": "easy",
            "incorrect_answers": [
                "Toast",
                "Captain Crunch",
                "Bacon and Eggs"
            ],
            "question": "In the show Stranger Things, what is Eleven&#039;s favorite breakfast food?",
            "type": "multiple"
        },
        {
            "category": "Geography",
            "correct_answer": "Dakar",
            "difficulty": "medium",
            "incorrect_answers": [
                "Nouakchott",
                "Conakry",
                "Monrovia"
            ],
            "question": "What is the capital of Senegal?",
            "type": "multiple"
        },
        {
            "category": "Sports",
            "correct_answer": "Mazda",
            "difficulty": "hard",
            "incorrect_answers": [
                "Toyota",
                "Subaru",
                "Nissan"
            ],
            "question": "Which car company is the only Japanese company which won the 24 Hours of Le Mans?",
            "type": "multiple"
        },
        {
            "category": "Entertainment: Video Games",
            "correct_answer": "Nick",
            "difficulty": "easy",
            "incorrect_answers": [
                "Louis",
                "Zoey",
                "Bill"
            ],
            "question": "Which of these is NOT a playable character in &quot;Left 4 Dead&quot;?",
            "type": "multiple"
        },
        {
            "category": "Science & Nature",
            "correct_answer": "Reactivity",
            "difficulty": "medium",
            "incorrect_answers": [
                "Health",
                "Flammability",
                "Radioactivity"
            ],
            "question": "What does the yellow diamond on the NFPA 704 fire diamond represent?",
            "type": "multiple"
        },
        {
            "category": "Science: Computers",
            "correct_answer": "False",
            "difficulty": "hard",
            "incorrect_answers": [
                "True"
            ],
            "question": "DHCP stands for Dynamic Host Configuration Port.",
            "type": "boolean"
        },
        {
            "category": "Entertainment: Video Games",
            "correct_answer": "Maxine Caulfield",
            "difficulty": "easy",
            "incorrect_answers": [
                "Victoria Chase",
                "Stella Hill",
                "Chloe Price"
            ],
            "question": "What is the name of the main character in &quot;Life is Strange&quot;?",
            "type": "multiple"
        },
        {
            "category": "Vehicles",
            "correct_answer": "1UZ-FE",
            "difficulty": "hard",
            "incorrect_answers": [
                "2JZ-GTE",
                "7M-GTE",
                "5M-GE"
            ],
            "question": "What engine is in the Lexus SC400?",
            "type": "multiple"
        },
        {
            "category": "Entertainment: Comics",
            "correct_answer": "Professor Charles the Hedgehog",
            "difficulty": "medium",
            "incorrect_answers": [
                "Julian Robotnik",
                "Ivo Robotnik",
                "Snively Robotnik"
            ],
            "question": "In &quot;Sonic the Hedgehog&quot; comic, who was the creator of Roboticizer? ",
            "type": "multiple"
        },
        {
            "category": "Entertainment: Film",
            "correct_answer": "Ewan McGregor",
            "difficulty": "easy",
            "incorrect_answers": [
                "Alec Guinness",
                "Hayden Christensen",
                "Liam Neeson"
            ],
            "question": "Which actor plays Obi-Wan Kenobi in Star Wars Episodes I-lll?",
            "type": "multiple"
        },
        {
            "category": "Entertainment: Video Games",
            "correct_answer": "Dragon King: The Fighting Game",
            "difficulty": "hard",
            "incorrect_answers": [
                "Nintendo Legends: Fight!",
                "Martial Arts: King of the Hill",
                "Aerial Warriors: Supreme Battle"
            ],
            "question": "What was the name of the game created by Masahiro Sakurai and Satoru Iwata that would eventually evolve into &quot;Super Smash Bros.&quot;?",
            "type": "multiple"
        },
        {
            "category": "Vehicles",
            "correct_answer": "False",
            "difficulty": "medium",
            "incorrect_answers": [
                "True"
            ],
            "question": "Bugatti was an Italian car manufacturer.",
            "type": "boolean"
        },
        {
            "category": "Science: Computers",
            "correct_answer": "Hexidecimal",
            "difficulty": "easy",
            "incorrect_answers": [
                "Binary",
                "Duodecimal",
                "Octal"
            ],
            "question": "The numbering system with a radix of 16 is more commonly referred to as ",
            "type": "multiple"
        },
        {
            "category": "Geography",
            "correct_answer": "Minsk",
            "difficulty": "medium",
            "incorrect_answers": [
                "Warsaw",
                "Kiev",
                "Vilnius"
            ],
            "question": "What is the capital of Belarus?",
            "type": "multiple"
        },
        {
            "category": "Geography",
            "correct_answer": "Anatolia",
            "difficulty": "medium",
            "incorrect_answers": [
                "Ismuth of Ottoma",
                "Ottoma",
                "Ismuth of Anatolia"
            ],
            "question": "The land mass of modern day Turkey is called what?",
            "type": "multiple"
        },
        {
            "category": "General Knowledge",
            "correct_answer": "Kentucky Fried Chicken",
            "difficulty": "easy",
            "incorrect_answers": [
                "Kentucky Fresh Cheese",
                "Kibbled Freaky Cow",
                "Kiwi Food Cut"
            ],
            "question": "What do the letters of the fast food chain KFC stand for?",
            "type": "multiple"
        },
        {
            "category": "Entertainment: Television",
            "correct_answer": "Spot",
            "difficulty": "easy",
            "incorrect_answers": [
                "Mittens",
                "Tom",
                "Kitty"
            ],
            "question": "In Star Trek: The Next Generation, what is the name of Data&#039;s cat?",
            "type": "multiple"
        },
        {
            "category": "Entertainment: Japanese Anime & Manga",
            "correct_answer": "Momoko Koigakubo",
            "difficulty": "medium",
            "incorrect_answers": [
                "Hajime Aoyama",
                "Satsuki Miyanoshita",
                "Mio Itai"
            ],
            "question": "In the ADV (English) Dub of the anime &quot;Ghost Stories&quot;, which character is portrayed as a Pentacostal Christian?",
            "type": "multiple"
        },
        {
            "category": "Entertainment: Film",
            "correct_answer": "Bobby Darin",
            "difficulty": "medium",
            "incorrect_answers": [
                "Louis Armstrong",
                "Frank Sinatra",
                "Dean Martin"
            ],
            "question": "Which famous singer was portrayed by actor Kevin Spacey in the 2004 biographical film &quot;Beyond the Sea&quot;?",
            "type": "multiple"
        },
        {
            "category": "Science: Mathematics",
            "correct_answer": "&Delta;r",
            "difficulty": "easy",
            "incorrect_answers": [
                "dr",
                "Dp",
                "r"
            ],
            "question": "What is the symbol for Displacement?",
            "type": "multiple"
        },
        {
            "category": "Entertainment: Video Games",
            "correct_answer": "Sid Meier&#039;s Civilization VI",
            "difficulty": "medium",
            "incorrect_answers": [
                "Grand Theft Auto V",
                "Counter Strike: Global Offensive",
                "Dark Souls III"
            ],
            "question": "What was the #1 selling game on Steam by revenue in 2016?",
            "type": "multiple"
        },
        {
            "category": "Entertainment: Japanese Anime & Manga",
            "correct_answer": "The Third Aerial Girls Squad",
            "difficulty": "medium",
            "incorrect_answers": [
                "Exodus!",
                "Andes Chucky",
                "Angel Beats!"
            ],
            "question": "Aoi Miyamori is the production manager of what anime in &quot;Shirobako&quot;?",
            "type": "multiple"
        },
        {
            "category": "Entertainment: Japanese Anime & Manga",
            "correct_answer": "Memorze",
            "difficulty": "easy",
            "incorrect_answers": [
                "Deviluke",
                "Mistletoe",
                "Okiwana"
            ],
            "question": "In &quot;To Love-Ru&quot;, Ren and Run are from what planet?",
            "type": "multiple"
        },
        {
            "category": "Entertainment: Japanese Anime & Manga",
            "correct_answer": "Nekomata",
            "difficulty": "medium",
            "incorrect_answers": [
                "Kitsune",
                "Human",
                "Kappa"
            ],
            "question": "In &quot;Highschool DxD&quot;, Koneko Toujou is from what race?",
            "type": "multiple"
        },
        {
            "category": "Entertainment: Video Games",
            "correct_answer": "Purple",
            "difficulty": "medium",
            "incorrect_answers": [
                "Red",
                "Green",
                "Blue"
            ],
            "question": "In the beginning of the game &quot;Sonic Adventure&quot;, what color Chaos Emerald does Tails own?",
            "type": "multiple"
        },
        {
            "category": "Entertainment: Video Games",
            "correct_answer": "False",
            "difficulty": "medium",
            "incorrect_answers": [
                "True"
            ],
            "question": "The Fiat Multipla is a drivable car in &quot;Forza Horizon 3&quot;.",
            "type": "boolean"
        },
        {
            "category": "Entertainment: Video Games",
            "correct_answer": "True",
            "difficulty": "easy",
            "incorrect_answers": [
                "False"
            ],
            "question": "The game &quot;Pocket Morty&quot; has a Morty called &quot;Pocket Mortys Morty&quot;?",
            "type": "boolean"
        },
        {
            "category": "Science: Computers",
            "correct_answer": "Transport",
            "difficulty": "hard",
            "incorrect_answers": [
                "Session",
                "Data link",
                "Network"
            ],
            "question": "What is the name given to layer 4 of the Open Systems Interconnection (ISO) model?",
            "type": "multiple"
        },
        {
            "category": "Geography",
            "correct_answer": "Port Louis",
            "difficulty": "hard",
            "incorrect_answers": [
                "Port Moresby",
                "Port Vila",
                "Port-au-Prince"
            ],
            "question": "What is the capital of Mauritius?",
            "type": "multiple"
        },
        {
            "category": "Entertainment: Video Games",
            "correct_answer": "Arsene",
            "difficulty": "medium",
            "incorrect_answers": [
                "Mara",
                "Izanagi",
                "Sandaphlon"
            ],
            "question": "What is the name of the protagonist&#039;s first Persona in &quot;Persona 5&quot;?",
            "type": "multiple"
        }
    ]
}