{
    "response_code": 0,
    "results": [
        {
            "category": "Art",
            "correct_answer": "2/2",
            "difficulty": "medium",
            "incorrect_answers": [
                "4/4",
                "6/8",
                "3/4"
            ],
            "question": "Which time signature is commonly known as &ldquo;Cut Time?&rdquo;",
            "type": "multiple"
        },
        {
            "category": "Entertainment: Cartoon & Animations",
            "correct_answer": "Marsh",
            "difficulty": "easy",
            "incorrect_answers": [
                "Stotch",
                "Broflovski",
                "Tweak"
            ],
            "question": "In South Park, what is Stan&#039;s surname?",
            "type": "multiple"
        },
        {
            "category": "Entertainment: Film",
            "correct_answer": "Avatar",
            "difficulty": "easy",
            "incorrect_answers": [
                "Jurassic World",
                "Star Wars: The Force Awakens",
                "Titanic"
            ],
            "question": "What is the highest grossing film of all time (without adjusting for inflation)?",
            "type": "multiple"
        },
        {
            "category": "Science: Computers",
            "correct_answer": "Central Processing Unit",
            "difficulty": "easy",
            "incorrect_answers": [
                "Central Process Unit",
                "Computer Personal Unit",
                "Central Processor Unit"
            ],
            "question": "What does CPU stand for?",
            "type": "multiple"
        },
        {
            "category": "General Knowledge",
            "correct_answer": "Hairy",
            "difficulty": "medium",
            "incorrect_answers": [
                "Rude",
                "Funny",
                "Tall"
            ],
            "question": "What is the defining characteristic of someone who is described as hirsute?",
            "type": "multiple"
        },
        {
            "category": "Geography",
            "correct_answer": "False",
            "difficulty": "easy",
            "incorrect_answers": [
                "True"
            ],
            "question": "The Republic of Malta is the smallest microstate worldwide.",
            "type": "boolean"
        },
        {
            "category": "Science & Nature",
            "correct_answer": "False",
            "difficulty": "hard",
            "incorrect_answers": [
                "True"
            ],
            "question": "You can calculate Induced Voltage using: &epsilon; =-N * (d&Phi;B)/(d)",
            "type": "boolean"
        },
        {
            "category": "Science: Computers",
            "correct_answer": "Final",
            "difficulty": "easy",
            "incorrect_answers": [
                "Static",
                "Private",
                "Public"
            ],
            "question": "In the programming language Java, which of these keywords would you put on a variable to make sure it doesn&#039;t get modified?",
            "type": "multiple"
        },
        {
            "category": "General Knowledge",
            "correct_answer": "Cube",
            "difficulty": "easy",
            "incorrect_answers": [
                "Sphere",
                "Cylinder",
                "Pyramid"
            ],
            "question": "What is the shape of the toy invented by Hungarian professor Ern\u0151 Rubik?",
            "type": "multiple"
        },
        {
            "category": "Science & Nature",
            "correct_answer": "True",
            "difficulty": "medium",
            "incorrect_answers": [
                "False"
            ],
            "question": "Like with the Neanderthals, Homo sapiens sapiens also interbred with the Denisovans.",
            "type": "boolean"
        },
        {
            "category": "Science: Computers",
            "correct_answer": "Jelly Bean",
            "difficulty": "medium",
            "incorrect_answers": [
                "Lollipop",
                "Nutella",
                "Froyo"
            ],
            "question": "What was the name given to Android 4.3?",
            "type": "multiple"
        },
        {
            "category": "Entertainment: Video Games",
            "correct_answer": "Lily of the Valley",
            "difficulty": "hard",
            "incorrect_answers": [
                "Hydrangea",
                "Harebell",
                "Yarrow"
            ],
            "question": "In the Animal Crossing series, which flower is erroneously called the &quot;Jacob&#039;s Ladder&quot;?",
            "type": "multiple"
        },
        {
            "category": "General Knowledge",
            "correct_answer": "15",
            "difficulty": "medium",
            "incorrect_answers": [
                "20",
                "10",
                "25"
            ],
            "question": "After how many years would you celebrate your crystal anniversary?",
            "type": "multiple"
        },
        {
            "category": "History",
            "correct_answer": "September 11, 1941",
            "difficulty": "medium",
            "incorrect_answers": [
                "June 15, 1947",
                "January 15, 1943",
                "September 2, 1962"
            ],
            "question": "On which day did construction start on &quot;The Pentagon&quot;, the headquarters for the United States Department of Defense?",
            "type": "multiple"
        },
        {
            "category": "General Knowledge",
            "correct_answer": "True",
            "difficulty": "medium",
            "incorrect_answers": [
                "False"
            ],
            "question": "Cucumbers are usually more than 90% water.",
            "type": "boolean"
        },
        {
            "category": "Entertainment: Japanese Anime & Manga",
            "correct_answer": "Flame-Haired Burning-Eyed Hunter",
            "difficulty": "medium",
            "incorrect_answers": [
                "Flame Haze",
                "Flame-Haired Burning-Eyed Haze",
                "Shana"
            ],
            "question": "In &quot;Shakugan no Shana&quot; what was the Shana usually referred as?",
            "type": "multiple"
        },
        {
            "category": "General Knowledge",
            "correct_answer": "False",
            "difficulty": "medium",
            "incorrect_answers": [
                "True"
            ],
            "question": "You are allowed to sell your soul on eBay.",
            "type": "boolean"
        },
        {
            "category": "Sports",
            "correct_answer": "False",
            "difficulty": "medium",
            "incorrect_answers": [
                "True"
            ],
            "question": "Tennis was once known as Racquetball.",
            "type": "boolean"
        },
        {
            "category": "General Knowledge",
            "correct_answer": "Golden State",
            "difficulty": "easy",
            "incorrect_answers": [
                "Sunshine State",
                "Bay State",
                "Treasure State"
            ],
            "question": "What is the nickname of the US state of California?",
            "type": "multiple"
        },
        {
            "category": "General Knowledge",
            "correct_answer": "Wax sculptures",
            "difficulty": "easy",
            "incorrect_answers": [
                "Designer clothing",
                "Unreleased film reels",
                "Vintage cars"
            ],
            "question": "What is on display in the Madame Tussaud&#039;s museum in London?",
            "type": "multiple"
        },
        {
            "category": "History",
            "correct_answer": "Philip V",
            "difficulty": "hard",
            "incorrect_answers": [
                "Charles V",
                "Philip II",
                "Francis Joseph"
            ],
            "question": "Which one of these rulers did not belong to the Habsburg dynasty?",
            "type": "multiple"
        },
        {
            "category": "Entertainment: Music",
            "correct_answer": "Hurt",
            "difficulty": "medium",
            "incorrect_answers": [
                "Closer",
                "A Warm Place",
                "Big Man with a Gun"
            ],
            "question": "Johnny Cash did a cover of this song written by lead singer of Nine Inch Nails, Trent Reznor.",
            "type": "multiple"
        },
        {
            "category": "Entertainment: Film",
            "correct_answer": "Marty McFly",
            "difficulty": "easy",
            "incorrect_answers": [
                "Emmett &quot;Doc&quot; Brown",
                "Biff Tannen",
                "George McFly"
            ],
            "question": "Who is the main protagonist in, the 1985 film, Back to the Future?",
            "type": "multiple"
        },
        {
            "category": "Vehicles",
            "correct_answer": "False",
            "difficulty": "medium",
            "incorrect_answers": [
                "True"
            ],
            "question": "When BMW was established in 1916, it was producing automobiles.",
            "type": "boolean"
        },
        {
            "category": "Entertainment: Japanese Anime & Manga",
            "correct_answer": "True",
            "difficulty": "medium",
            "incorrect_answers": [
                "False"
            ],
            "question": "The anime Attack on Titan was directed by Tetsur\u014d Araki, the same person who directed the anime Highschool of the Dead.",
            "type": "boolean"
        },
        {
            "category": "Science & Nature",
            "correct_answer": "Mars and Jupiter",
            "difficulty": "easy",
            "incorrect_answers": [
                "Jupiter and Saturn",
                "Mercury and Venus",
                "Earth and Mars"
            ],
            "question": "The asteroid belt is located between which two planets?",
            "type": "multiple"
        },
        {
            "category": "Entertainment: Video Games",
            "correct_answer": "Frank Smith",
            "difficulty": "medium",
            "incorrect_answers": [
                "Mask de Smith",
                "Dan Smith",
                "Coyote Smith"
            ],
            "question": "Which is not a playable character in the 2005 video game Killer7?",
            "type": "multiple"
        },
        {
            "category": "Sports",
            "correct_answer": "True",
            "difficulty": "medium",
            "incorrect_answers": [
                "False"
            ],
            "question": "The Olympics tennis court is a giant green screen.",
            "type": "boolean"
        },
        {
            "category": "Entertainment: Board Games",
            "correct_answer": "True",
            "difficulty": "easy",
            "incorrect_answers": [
                "False"
            ],
            "question": "There is a Donald Trump Board Game, which was made in 1989.",
            "type": "boolean"
        },
        {
            "category": "History",
            "correct_answer": "Napoleone di Buonaparte",
            "difficulty": "hard",
            "incorrect_answers": [
                "Naapolion van Bonijpaart",
                "Napole&atilde;o do Boaparte",
                "Napoleona de Buenoparte"
            ],
            "question": "What was Napoleon Bonaparte&#039;s name before he changed it?",
            "type": "multiple"
        },
        {
            "category": "Entertainment: Video Games",
            "correct_answer": "Bow ",
            "difficulty": "hard",
            "incorrect_answers": [
                "Hammer",
                "Heavy Bowgun",
                "Light Bowgun"
            ],
            "question": "Which of these weapon classes DO NOT appear in the first Monster Hunter game?",
            "type": "multiple"
        },
        {
            "category": "Science: Computers",
            "correct_answer": "Python",
            "difficulty": "easy",
            "incorrect_answers": [
                "C#",
                "C++",
                "Java"
            ],
            "question": "Which computer language would you associate Django framework with?",
            "type": "multiple"
        },
        {
            "category": "History",
            "correct_answer": "Dead Sea Scrolls",
            "difficulty": "hard",
            "incorrect_answers": [
                "The Blackbeard Chest",
                "Sheep",
                "The First Oaxaca Cave Sleeper"
            ],
            "question": "What was found in 1946 by two young shepards near a cave?",
            "type": "multiple"
        },
        {
            "category": "Entertainment: Film",
            "correct_answer": "Tom Bombadil",
            "difficulty": "medium",
            "incorrect_answers": [
                "Strider",
                "Barliman Butterbur",
                "Celeborn"
            ],
            "question": "In The Lord of the Rings: The Fellowship of the Ring, which one of the following characters from the book was left out of the film?",
            "type": "multiple"
        },
        {
            "category": "Entertainment: Video Games",
            "correct_answer": "Francis, Bill, Zoey, and Louis",
            "difficulty": "medium",
            "incorrect_answers": [
                "Bender, Andrew, Allison, and Brian",
                "Coach, Ellis, Nick, and Rochelle",
                "Harry, Ron, Hermione and Dumbledore"
            ],
            "question": "In the first Left 4 Dead, you can play as either of these four characters.",
            "type": "multiple"
        },
        {
            "category": "Entertainment: Film",
            "correct_answer": "Anguirus",
            "difficulty": "easy",
            "incorrect_answers": [
                "King Kong",
                "Mothra",
                "King Ghidora"
            ],
            "question": "What was the first monster to appear alongside Godzilla?",
            "type": "multiple"
        },
        {
            "category": "Entertainment: Film",
            "correct_answer": "John Matrix",
            "difficulty": "medium",
            "incorrect_answers": [
                "Ben Richards",
                "Douglas Quaid",
                "Harry Tasker"
            ],
            "question": "What was the name of the protagonist in the movie Commando (1985)?",
            "type": "multiple"
        },
        {
            "category": "Entertainment: Film",
            "correct_answer": "Mrs. Doubtfire",
            "difficulty": "medium",
            "incorrect_answers": [
                "Old Dogs",
                "Jumanji",
                "Awakenings"
            ],
            "question": "In which movie does Robin Williams&#039; character have to disguise themselves into a woman?",
            "type": "multiple"
        },
        {
            "category": "Entertainment: Music",
            "correct_answer": "True",
            "difficulty": "easy",
            "incorrect_answers": [
                "False"
            ],
            "question": "Scatman John&#039;s real name was John Paul Larkin.",
            "type": "boolean"
        },
        {
            "category": "Entertainment: Video Games",
            "correct_answer": "Call of Duty: World at War",
            "difficulty": "medium",
            "incorrect_answers": [
                "Call of Duty: Black Ops",
                "Call of Duty: Modern Warfare 2",
                "Call of Duty: Black Ops III"
            ],
            "question": "What was the first Call of Duty game to include the Zombies gamemode?",
            "type": "multiple"
        },
        {
            "category": "Entertainment: Video Games",
            "correct_answer": "Mini",
            "difficulty": "medium",
            "incorrect_answers": [
                "Magic",
                "Smash",
                "Missile"
            ],
            "question": "Which of the following Copy Abilities was only featured in &quot;Kirby &amp; The Amazing Mirror&quot;?",
            "type": "multiple"
        },
        {
            "category": "Entertainment: Japanese Anime & Manga",
            "correct_answer": "Edward &quot;Whitebeard&quot; Newgate",
            "difficulty": "hard",
            "incorrect_answers": [
                "Former Marine Fleet Admiral Sengoku",
                "Pirate King Gol D Roger",
                "Silvers Rayleigh"
            ],
            "question": "In &quot;One Piece&quot;, who confirms the existence of the legendary treasure, One Piece?",
            "type": "multiple"
        },
        {
            "category": "Animals",
            "correct_answer": "Frog",
            "difficulty": "hard",
            "incorrect_answers": [
                "Chicken",
                "Horse",
                "Fly"
            ],
            "question": "Which species is a &quot;mountain chicken&quot;?",
            "type": "multiple"
        },
        {
            "category": "Entertainment: Video Games",
            "correct_answer": "Wild Wiggler",
            "difficulty": "medium",
            "incorrect_answers": [
                "Bone Rattler",
                "B Dasher",
                "300 SL Roadster"
            ],
            "question": "Which of these is not a DLC vehicle in &quot;Mario Kart 8&quot;?",
            "type": "multiple"
        },
        {
            "category": "Entertainment: Cartoon & Animations",
            "correct_answer": "Quahog",
            "difficulty": "medium",
            "incorrect_answers": [
                "Springfield",
                "South Park",
                "Langley Falls"
            ],
            "question": "Adam West was the mayor of which cartoon town?",
            "type": "multiple"
        },
        {
            "category": "Entertainment: Music",
            "correct_answer": "Baba O&#039; Riley",
            "difficulty": "medium",
            "incorrect_answers": [
                "The Seeker",
                "Won&#039;t Get Fooled Again",
                "Pinball Wizard"
            ],
            "question": "The Who&#039;s eponymous line, &quot;Teenage Wasteland&quot;, appears in which of their songs?",
            "type": "multiple"
        },
        {
            "category": "Entertainment: Video Games",
            "correct_answer": "True",
            "difficulty": "easy",
            "incorrect_answers": [
                "False"
            ],
            "question": "The ghosts in &quot;Pac-Man&quot; and &quot;Ms. Pac-Man&quot; have completely different behavior.",
            "type": "boolean"
        },
        {
            "category": "Entertainment: Video Games",
            "correct_answer": "Group 935",
            "difficulty": "medium",
            "incorrect_answers": [
                "Group Reanimate",
                "Group Rezurrection",
                "Division 9"
            ],
            "question": "In &quot;Call of Duty: Zombies&quot;, what group does Doctor Maxis work for?",
            "type": "multiple"
        },
        {
            "category": "Entertainment: Video Games",
            "correct_answer": "Blue",
            "difficulty": "medium",
            "incorrect_answers": [
                "Purple",
                "Red",
                "Orange"
            ],
            "question": "In Portal, what color is the Intelligence Core?",
            "type": "multiple"
        },
        {
            "category": "Entertainment: Board Games",
            "correct_answer": "Purple",
            "difficulty": "medium",
            "incorrect_answers": [
                "Brown",
                "Pink",
                "Orange"
            ],
            "question": "In &quot;Magic: The Gathering&quot;, during the design for Planar Chaos, what color did the developers think of adding in as the sixth color?",
            "type": "multiple"
        }
    ]
}