{
    "response_code": 0,
    "results": [
        {
            "category": "Animals",
            "correct_answer": "True",
            "difficulty": "easy",
            "incorrect_answers": [
                "False"
            ],
            "question": "The Axolotl is an amphibian that can spend its whole life in a larval state.",
            "type": "boolean"
        },
        {
            "category": "Entertainment: Books",
            "correct_answer": "George R. R. Martin",
            "difficulty": "medium",
            "incorrect_answers": [
                "George Lucas",
                "George Orwell",
                "George Eliot"
            ],
            "question": "Who wrote the &quot;A Song of Ice And Fire&quot; fantasy novel series?",
            "type": "multiple"
        },
        {
            "category": "Entertainment: Video Games",
            "correct_answer": "Unreal Tournament 2004",
            "difficulty": "medium",
            "incorrect_answers": [
                "Deus Ex: Invisible War",
                "Unreal Tournament 3",
                "Postal"
            ],
            "question": "Killing Floor started as a mod for which Unreal Engine 2 game?",
            "type": "multiple"
        },
        {
            "category": "Entertainment: Video Games",
            "correct_answer": "Dolphin",
            "difficulty": "medium",
            "incorrect_answers": [
                "Nitro",
                "Revolution",
                "Atlantis"
            ],
            "question": "What was the code name for the &quot;Nintendo Gamecube&quot;?",
            "type": "multiple"
        },
        {
            "category": "Geography",
            "correct_answer": "Quebec",
            "difficulty": "medium",
            "incorrect_answers": [
                "Ontario",
                "Nova Scotia",
                "Alberta"
            ],
            "question": "Montreal is in which Canadian province?",
            "type": "multiple"
        },
        {
            "category": "History",
            "correct_answer": "100 Megatons",
            "difficulty": "medium",
            "incorrect_answers": [
                "200 Megatons",
                "75 Megatons",
                "150 Megatons"
            ],
            "question": "The Tsar Bomba, the most powerful nuclear bomb ever tested, had a yield of 50 megatons but theoretically had a maximum yield of how much?",
            "type": "multiple"
        },
        {
            "category": "Science: Computers",
            "correct_answer": "False",
            "difficulty": "medium",
            "incorrect_answers": [
                "True"
            ],
            "question": "FLAC stands for &quot;Free Lossless Audio Condenser&quot;&#039;",
            "type": "boolean"
        },
        {
            "category": "Entertainment: Video Games",
            "correct_answer": "Team Fortress 2: Brotherhood of Arms",
            "difficulty": "easy",
            "incorrect_answers": [
                "Team Fortress 2: Desert Mercenaries",
                "Team Fortress 2: Operation Gear Grinder",
                "Team Fortress 2: Return to Classic"
            ],
            "question": "What was the name of the cancelled sequel of Team Fortress?",
            "type": "multiple"
        },
        {
            "category": "Entertainment: Video Games",
            "correct_answer": "The Ancient One",
            "difficulty": "medium",
            "incorrect_answers": [
                "Anomalous",
                "Eater of Souls",
                "The Lich King"
            ],
            "question": "In World of Warcraft Lore, four Old Gods created a giant and powerful creature. What was it called? ",
            "type": "multiple"
        },
        {
            "category": "Entertainment: Books",
            "correct_answer": "Numbers",
            "difficulty": "medium",
            "incorrect_answers": [
                "Genesis",
                "Exodus",
                "Leviticus"
            ],
            "question": "What is the fourth book of the Old Testament?",
            "type": "multiple"
        },
        {
            "category": "Entertainment: Books",
            "correct_answer": "Dr. Seuss",
            "difficulty": "easy",
            "incorrect_answers": [
                "Beatrix Potter",
                "Roald Dahl",
                "A.A. Milne"
            ],
            "question": "&quot;Green Eggs And Ham&quot; is a book by which author?",
            "type": "multiple"
        },
        {
            "category": "Entertainment: Television",
            "correct_answer": "Heinz",
            "difficulty": "hard",
            "incorrect_answers": [
                "Hans",
                "Hank",
                "Heidi"
            ],
            "question": "What&#039;s Dr. Doofenshmirtz first name?",
            "type": "multiple"
        },
        {
            "category": "Science: Mathematics",
            "correct_answer": "1,000,000",
            "difficulty": "hard",
            "incorrect_answers": [
                "10",
                "1,000,000,000",
                "1000"
            ],
            "question": "How many zeptometres are inside one femtometre?",
            "type": "multiple"
        },
        {
            "category": "Geography",
            "correct_answer": "Ohio",
            "difficulty": "easy",
            "incorrect_answers": [
                "Florida",
                "Idaho",
                "New Mexico"
            ],
            "question": "What is the only state in the United States that does not have a flag in a shape with 4 edges?",
            "type": "multiple"
        },
        {
            "category": "Entertainment: Musicals & Theatres",
            "correct_answer": "Rent",
            "difficulty": "medium",
            "incorrect_answers": [
                "The Color Purple",
                "American Idiot",
                "Newsies"
            ],
            "question": "Which of these musicals won the Tony Award for Best Musical?",
            "type": "multiple"
        },
        {
            "category": "Art",
            "correct_answer": "1502",
            "difficulty": "hard",
            "incorrect_answers": [
                "1702",
                "1402",
                "1602"
            ],
            "question": "What year did Albrecht D&uuml;rer create the painting &quot;The Young Hare&quot;?",
            "type": "multiple"
        },
        {
            "category": "Entertainment: Video Games",
            "correct_answer": "False",
            "difficulty": "easy",
            "incorrect_answers": [
                "True"
            ],
            "question": "There are 6 legendary cards in &quot;Clash Royale&quot;.",
            "type": "boolean"
        },
        {
            "category": "Entertainment: Music",
            "correct_answer": "Gimmie! Gimmie! Gimme! (A Man After Midnight)",
            "difficulty": "medium",
            "incorrect_answers": [
                "Staying Alive",
                "Night Fever",
                "The Chain"
            ],
            "question": "Madonna&#039;s song &quot;Hung Up&quot; includes a piece from which popular 70s song?",
            "type": "multiple"
        },
        {
            "category": "Science: Computers",
            "correct_answer": "Clipper Chip",
            "difficulty": "medium",
            "incorrect_answers": [
                "Enigma Machine",
                "Skipjack",
                "Nautilus"
            ],
            "question": "Which of these is the name for the failed key escrow device introduced by the National Security Agency in 1993?",
            "type": "multiple"
        },
        {
            "category": "History",
            "correct_answer": "August 19",
            "difficulty": "medium",
            "incorrect_answers": [
                "August 21",
                "December 26",
                "December 24"
            ],
            "question": "On which day did the attempted coup d&#039;etat of 1991 in the Soviet Union begin?",
            "type": "multiple"
        },
        {
            "category": "Sports",
            "correct_answer": "Cleveland Cavaliers",
            "difficulty": "medium",
            "incorrect_answers": [
                "Golden State Warriors",
                "Toronto Raptors",
                "Oklahoma City Thunders"
            ],
            "question": "Which team was the 2015-2016 NBA Champions?",
            "type": "multiple"
        },
        {
            "category": "Entertainment: Film",
            "correct_answer": "Tron",
            "difficulty": "hard",
            "incorrect_answers": [
                "Big Hero 6",
                "Fantasia",
                "Monsters, Inc."
            ],
            "question": "In what Disney movie can you spot the character &quot;Pac-Man&quot; in if you look closely enough in some scenes?",
            "type": "multiple"
        },
        {
            "category": "Entertainment: Japanese Anime & Manga",
            "correct_answer": "True",
            "difficulty": "easy",
            "incorrect_answers": [
                "False"
            ],
            "question": "No Game No Life first aired in 2014.",
            "type": "boolean"
        },
        {
            "category": "Entertainment: Books",
            "correct_answer": "Charlotte Bront&euml;",
            "difficulty": "hard",
            "incorrect_answers": [
                "Emily Bront&euml;",
                "Jane Austen",
                "Louisa May Alcott"
            ],
            "question": "The novel &quot;Jane Eyre&quot; was written by what author? ",
            "type": "multiple"
        },
        {
            "category": "Animals",
            "correct_answer": "False",
            "difficulty": "medium",
            "incorrect_answers": [
                "True"
            ],
            "question": "The average lifespan of a wildcat is only around 5-6 years. ",
            "type": "boolean"
        },
        {
            "category": "Entertainment: Television",
            "correct_answer": "The Trash Man",
            "difficulty": "hard",
            "incorrect_answers": [
                "Bird of War",
                "Day Man",
                "The Maniac"
            ],
            "question": "In &quot;It&#039;s Always Sunny in Philadelphia&quot; what was the name of Frank&#039;s wrestling persona?",
            "type": "multiple"
        },
        {
            "category": "Science: Mathematics",
            "correct_answer": "Sigma",
            "difficulty": "medium",
            "incorrect_answers": [
                "Delta",
                "Alpha",
                "Omega"
            ],
            "question": "What Greek letter is used to signify summation?",
            "type": "multiple"
        },
        {
            "category": "General Knowledge",
            "correct_answer": "True",
            "difficulty": "easy",
            "incorrect_answers": [
                "False"
            ],
            "question": "The Lego Group was founded in 1932.",
            "type": "boolean"
        },
        {
            "category": "Entertainment: Video Games",
            "correct_answer": "Warm Painting",
            "difficulty": "hard",
            "incorrect_answers": [
                "Jolly Painting",
                "Neutral Painting",
                "Wistful Painting"
            ],
            "question": "In Animal Crossing: New Leaf, which of these paintings from Redd&#039;s Art Gallery is always genuine?",
            "type": "multiple"
        },
        {
            "category": "Entertainment: Music",
            "correct_answer": "-",
            "difficulty": "medium",
            "incorrect_answers": [
                "+",
                "X",
                "&divide;"
            ],
            "question": "Which of these is not an Ed Sheeran album?",
            "type": "multiple"
        },
        {
            "category": "Science: Computers",
            "correct_answer": "Mac OS",
            "difficulty": "medium",
            "incorrect_answers": [
                "Windows",
                "Linux",
                "OS/2"
            ],
            "question": "Which operating system was released first?",
            "type": "multiple"
        },
        {
            "category": "Entertainment: Film",
            "correct_answer": "Nick Offerman",
            "difficulty": "medium",
            "incorrect_answers": [
                "Liam Neeson",
                "Morgan Freeman",
                "Will Arnet"
            ],
            "question": "Who voiced Metalbeard in &quot;The Lego Movie&quot;?",
            "type": "multiple"
        },
        {
            "category": "Entertainment: Video Games",
            "correct_answer": "2006",
            "difficulty": "medium",
            "incorrect_answers": [
                "2003",
                "2002",
                "2007"
            ],
            "question": "When was the game &quot;Roblox&quot; released?",
            "type": "multiple"
        },
        {
            "category": "Entertainment: Video Games",
            "correct_answer": "Cave Game",
            "difficulty": "medium",
            "incorrect_answers": [
                "Minecraft: Order of the Stone",
                "Dig And Build",
                "Infiniminer"
            ],
            "question": "What was the original name of  &quot;Minecraft&quot;?",
            "type": "multiple"
        },
        {
            "category": "Entertainment: Video Games",
            "correct_answer": "False",
            "difficulty": "hard",
            "incorrect_answers": [
                "True"
            ],
            "question": "All of these maps were in &quot;Tom Clancy&#039;s Rainbow Six Siege&quot; on its initial release: House, Clubhouse, Border, Consulate.",
            "type": "boolean"
        },
        {
            "category": "Entertainment: Television",
            "correct_answer": "2",
            "difficulty": "medium",
            "incorrect_answers": [
                "1",
                "4",
                "5"
            ],
            "question": "How many seasons did the TV show &quot;Donkey Kong Country&quot; last?",
            "type": "multiple"
        },
        {
            "category": "Entertainment: Video Games",
            "correct_answer": "Ankh Charm",
            "difficulty": "medium",
            "incorrect_answers": [
                "Venom Staff",
                "Sky Fracture",
                "Orichalcum Tools"
            ],
            "question": "In Terraria, which of these items is NOT crafted at a Mythril Anvil?",
            "type": "multiple"
        },
        {
            "category": "Entertainment: Video Games",
            "correct_answer": "Adol Christin ",
            "difficulty": "medium",
            "incorrect_answers": [
                "Character doesn&#039;t have a name",
                "Estelle Bright",
                "Roger Wilco"
            ],
            "question": "Who is the main character in most of the games of the YS series?",
            "type": "multiple"
        },
        {
            "category": "Entertainment: Video Games",
            "correct_answer": "Raigor Stonehoof",
            "difficulty": "medium",
            "incorrect_answers": [
                "Banehallow Ambry",
                "Carl",
                "Barathrum"
            ],
            "question": "In Dota 2, what is Earthshaker&#039;s real name?",
            "type": "multiple"
        },
        {
            "category": "History",
            "correct_answer": "1915 - 1916",
            "difficulty": "medium",
            "incorrect_answers": [
                "1914 - 1918",
                "1914 - 1915",
                "1915 - 1918"
            ],
            "question": "In which years did the Battle of Gallipoli take place?",
            "type": "multiple"
        },
        {
            "category": "Entertainment: Board Games",
            "correct_answer": "Go",
            "difficulty": "medium",
            "incorrect_answers": [
                "Chess",
                "Mahjong",
                "Shogi"
            ],
            "question": "Which of the following tabletop games is the oldest?",
            "type": "multiple"
        },
        {
            "category": "Entertainment: Video Games",
            "correct_answer": "By clearing every 7th episode",
            "difficulty": "hard",
            "incorrect_answers": [
                "By obtaining 70 Shines",
                "By clearing every episode involving a &quot;Secret&quot;",
                "By unlocking every nozzle F.L.U.D.D can use"
            ],
            "question": "In &quot;Super Mario Sunshine&quot;, how do you unlock the &quot;Corona Mountain&quot; level?",
            "type": "multiple"
        },
        {
            "category": "Science: Computers",
            "correct_answer": "2016",
            "difficulty": "medium",
            "incorrect_answers": [
                "2013",
                "2009",
                "2011"
            ],
            "question": "When did the online streaming service &quot;Mixer&quot; launch?",
            "type": "multiple"
        },
        {
            "category": "Entertainment: Video Games",
            "correct_answer": "Java",
            "difficulty": "hard",
            "incorrect_answers": [
                "HTML 5",
                "C++",
                "Python"
            ],
            "question": "What programming language was used to create the game &quot;Minecraft&quot;?",
            "type": "multiple"
        },
        {
            "category": "Science: Computers",
            "correct_answer": "Cheetah",
            "difficulty": "hard",
            "incorrect_answers": [
                "Puma",
                "Tiger",
                "Leopard"
            ],
            "question": "Released in 2001, the first edition of Apple&#039;s Mac OS X operating system (version 10.0) was given what animal code name?",
            "type": "multiple"
        },
        {
            "category": "Entertainment: Video Games",
            "correct_answer": "Greenheart Games",
            "difficulty": "medium",
            "incorrect_answers": [
                "Greenland Games",
                "The Tycoonists",
                "MomCorp"
            ],
            "question": "Which company developed and published Game Dev Tycoon?",
            "type": "multiple"
        },
        {
            "category": "Entertainment: Cartoon & Animations",
            "correct_answer": "15 pounds",
            "difficulty": "hard",
            "incorrect_answers": [
                "20 pounds",
                "10 pounds",
                "30 pounds"
            ],
            "question": "In &quot;Gravity Falls&quot;, how much does Waddles weigh when Mable wins him in &quot;The Time Traveler&#039;s Pig&quot;?",
            "type": "multiple"
        },
        {
            "category": "Entertainment: Music",
            "correct_answer": "All of these songs",
            "difficulty": "medium",
            "incorrect_answers": [
                "Sgt. Pepper&#039;s Lonely Hearts Club Band",
                "All Along the Watchtower",
                "House of the Rising Sun"
            ],
            "question": "Which of these songs did Jimi Hendrix cover?",
            "type": "multiple"
        },
        {
            "category": "Animals",
            "correct_answer": "True",
            "difficulty": "medium",
            "incorrect_answers": [
                "False"
            ],
            "question": "Finnish Lapphund dogs were used for herding reindeer.",
            "type": "boolean"
        },
        {
            "category": "Entertainment: Video Games",
            "correct_answer": "The Kid",
            "difficulty": "medium",
            "incorrect_answers": [
                "Rucks",
                "Zulf",
                "Zia"
            ],
            "question": "Which character does the player play as in the video game &quot;Bastion&quot;?",
            "type": "multiple"
        }
    ]
}