{
    "response_code": 0,
    "results": [
        {
            "category": "Entertainment: Video Games",
            "correct_answer": "Ossan",
            "difficulty": "medium",
            "incorrect_answers": [
                "Jumpman",
                "Mr. Video",
                "Mario"
            ],
            "question": "What name did &quot;Mario&quot;, from &quot;Super Mario Brothers&quot;, originally have?",
            "type": "multiple"
        },
        {
            "category": "Entertainment: Video Games",
            "correct_answer": "Gearbox Software",
            "difficulty": "medium",
            "incorrect_answers": [
                "2K Games",
                "Activision",
                "Rockstar Games"
            ],
            "question": "Which company developed the video game &quot;Borderlands&quot;?",
            "type": "multiple"
        },
        {
            "category": "Entertainment: Music",
            "correct_answer": "Perturbator",
            "difficulty": "medium",
            "incorrect_answers": [
                "Carpenter Brut",
                "GOST",
                "Dan Terminus "
            ],
            "question": "Who is the artist of the recent new album the Uncanny Valley?",
            "type": "multiple"
        },
        {
            "category": "Entertainment: Music",
            "correct_answer": "The Jets",
            "difficulty": "medium",
            "incorrect_answers": [
                "DeBarge",
                "The Jacksons",
                "The Cover Girls"
            ],
            "question": "Which American family band had a 1986 top 10 hit with the song &#039;Crush On You&#039;?",
            "type": "multiple"
        },
        {
            "category": "Geography",
            "correct_answer": "Colombo",
            "difficulty": "hard",
            "incorrect_answers": [
                "Moratuwa",
                "Negombo",
                "Kandy"
            ],
            "question": "What is the largest city and commercial capital of Sri Lanka?",
            "type": "multiple"
        },
        {
            "category": "History",
            "correct_answer": "Mormonism",
            "difficulty": "medium",
            "incorrect_answers": [
                "Buddhism",
                "Christianity",
                "Hinduism"
            ],
            "question": "Joseph Smith was the founder of what religion?",
            "type": "multiple"
        },
        {
            "category": "History",
            "correct_answer": "Tog II",
            "difficulty": "easy",
            "incorrect_answers": [
                "M4 Sherman",
                "Tiger H1",
                "T-34"
            ],
            "question": "Which one of these tanks was designed and operated by the United Kingdom?",
            "type": "multiple"
        },
        {
            "category": "Art",
            "correct_answer": "Spanish",
            "difficulty": "medium",
            "incorrect_answers": [
                "Italian",
                "French",
                "Portuguese"
            ],
            "question": "What nationality was the surrealist painter Salvador Dali?",
            "type": "multiple"
        },
        {
            "category": "History",
            "correct_answer": "Illyrians",
            "difficulty": "easy",
            "incorrect_answers": [
                "Dorians",
                "Achaeans",
                "Ionians"
            ],
            "question": "Which of the following ancient peoples was NOT classified as Hellenic (Greek)?",
            "type": "multiple"
        },
        {
            "category": "Politics",
            "correct_answer": "Yomba Shoshone Tribe",
            "difficulty": "hard",
            "incorrect_answers": [
                "Standing Rock Sioux Tribe",
                "Kiowa Tribe of Oklahoma",
                "Pawnee Nation of Oklahoma"
            ],
            "question": "Which Native American tribe/nation requires at least one half blood quantum (equivalent to one parent) to be eligible for membership?",
            "type": "multiple"
        },
        {
            "category": "Entertainment: Film",
            "correct_answer": "False",
            "difficulty": "easy",
            "incorrect_answers": [
                "True"
            ],
            "question": "The word &quot;Inception&quot; came from the 2010 blockbuster hit &quot;Inception&quot;.",
            "type": "boolean"
        },
        {
            "category": "Entertainment: Music",
            "correct_answer": "Ascent",
            "difficulty": "medium",
            "incorrect_answers": [
                "Monody",
                "Windfall",
                "Infinite Power!"
            ],
            "question": "Which song is not by TheFatRat?",
            "type": "multiple"
        },
        {
            "category": "Entertainment: Video Games",
            "correct_answer": "Magnus P&aring;lsson",
            "difficulty": "medium",
            "incorrect_answers": [
                "Terry Cavanagh",
                "Danny Baranowsky",
                "Joel Zimmerman"
            ],
            "question": "Who composed the soundtrack for the game VVVVVV?",
            "type": "multiple"
        },
        {
            "category": "Sports",
            "correct_answer": "Black",
            "difficulty": "medium",
            "incorrect_answers": [
                "White",
                "Red",
                "Green"
            ],
            "question": "What is the highest belt you can get in Taekwondo?",
            "type": "multiple"
        },
        {
            "category": "Science & Nature",
            "correct_answer": "NH3",
            "difficulty": "medium",
            "incorrect_answers": [
                "CO2",
                "NO3",
                "CH4"
            ],
            "question": "What is the chemical formula for ammonia?",
            "type": "multiple"
        },
        {
            "category": "Vehicles",
            "correct_answer": "TCAS",
            "difficulty": "easy",
            "incorrect_answers": [
                "GPWS",
                "OCAS",
                "TAWS"
            ],
            "question": "Which of the following collision avoidance systems helps airplanes avoid colliding with each other?",
            "type": "multiple"
        },
        {
            "category": "Science & Nature",
            "correct_answer": "Polycarbonate",
            "difficulty": "medium",
            "incorrect_answers": [
                "Rubber",
                "Nylon",
                "Bakelite"
            ],
            "question": "What polymer is used to make CDs, safety goggles and riot shields?",
            "type": "multiple"
        },
        {
            "category": "Entertainment: Music",
            "correct_answer": "Tuba",
            "difficulty": "easy",
            "incorrect_answers": [
                "Trumpet",
                "Saxophone",
                "Trombone"
            ],
            "question": "Which brass instrument has the lowest pitch in an orchestra?",
            "type": "multiple"
        },
        {
            "category": "Geography",
            "correct_answer": "Munich",
            "difficulty": "medium",
            "incorrect_answers": [
                "Berlin",
                "Hamburg",
                "Dortmund"
            ],
            "question": "Which German city is located on the River Isar?",
            "type": "multiple"
        },
        {
            "category": "General Knowledge",
            "correct_answer": "Spruce Goose",
            "difficulty": "easy",
            "incorrect_answers": [
                "Noah&#039;s Ark",
                "Fat Man",
                "Trojan Horse"
            ],
            "question": "What was the nickname given to the Hughes H-4 Hercules, a heavy transport flying boat which achieved flight in 1947?",
            "type": "multiple"
        },
        {
            "category": "General Knowledge",
            "correct_answer": "1833",
            "difficulty": "medium",
            "incorrect_answers": [
                "1933",
                "1942",
                "1796"
            ],
            "question": "The term &quot;scientist&quot; was coined in which year?",
            "type": "multiple"
        },
        {
            "category": "General Knowledge",
            "correct_answer": "Five",
            "difficulty": "medium",
            "incorrect_answers": [
                "Twenty",
                "Ten",
                "One hundred"
            ],
            "question": "According to the United States&#039; CDC, one in how many Americans die annually due to smoking?",
            "type": "multiple"
        },
        {
            "category": "General Knowledge",
            "correct_answer": "True",
            "difficulty": "medium",
            "incorrect_answers": [
                "False"
            ],
            "question": "Kissing someone for one minute burns about 2 calories.",
            "type": "boolean"
        },
        {
            "category": "Science: Computers",
            "correct_answer": "JavaScript",
            "difficulty": "medium",
            "incorrect_answers": [
                "C#",
                "Python",
                "PHP"
            ],
            "question": "Which coding language was the #1 programming language in terms of usage on GitHub in 2015?",
            "type": "multiple"
        },
        {
            "category": "Entertainment: Musicals & Theatres",
            "correct_answer": "Jean Valjean",
            "difficulty": "hard",
            "incorrect_answers": [
                "Marius Pontmercy",
                "Javert",
                "Jean Claude Van Damme"
            ],
            "question": "In Les Mis&eacute;rables, who is Prison Code 24601?",
            "type": "multiple"
        },
        {
            "category": "Entertainment: Video Games",
            "correct_answer": "Ape Escape",
            "difficulty": "medium",
            "incorrect_answers": [
                "Metal Gear",
                "Tekken ",
                "Tomba 2!"
            ],
            "question": "What was the first PlayStation game to require the use of the DualShock controller?",
            "type": "multiple"
        },
        {
            "category": "Entertainment: Video Games",
            "correct_answer": "Emeralds",
            "difficulty": "medium",
            "incorrect_answers": [
                "Diamonds",
                "Iron",
                "Leather"
            ],
            "question": "In vanilla Minecraft, you can make armor out of all BUT which of the following?",
            "type": "multiple"
        },
        {
            "category": "Entertainment: Video Games",
            "correct_answer": "Spark",
            "difficulty": "easy",
            "incorrect_answers": [
                "Candela",
                "Blanche",
                "Willow"
            ],
            "question": "Who is the leader of Team Instinct in Pok&eacute;mon Go?",
            "type": "multiple"
        },
        {
            "category": "General Knowledge",
            "correct_answer": "Ampersand",
            "difficulty": "medium",
            "incorrect_answers": [
                "Interrobang",
                "Tilde",
                "Pilcrow"
            ],
            "question": "What character was once considered to be the 27th letter of the alphabet?",
            "type": "multiple"
        },
        {
            "category": "Entertainment: Books",
            "correct_answer": "True",
            "difficulty": "easy",
            "incorrect_answers": [
                "False"
            ],
            "question": "&quot;Elementary, my dear Watson&quot; is a phrase that is never truly said within the Conan Doyle books of Sherlock Holmes.",
            "type": "boolean"
        },
        {
            "category": "History",
            "correct_answer": "Nationalist Spain",
            "difficulty": "hard",
            "incorrect_answers": [
                "Republican Spain",
                "Popular Front",
                "Papal State"
            ],
            "question": "During the Spanish Civil War (1936), Francisco Franco fought for which political faction?",
            "type": "multiple"
        },
        {
            "category": "Sports",
            "correct_answer": "False",
            "difficulty": "easy",
            "incorrect_answers": [
                "True"
            ],
            "question": "Roger Federer is a famous soccer player.",
            "type": "boolean"
        },
        {
            "category": "Science: Computers",
            "correct_answer": "Command Line Interface",
            "difficulty": "medium",
            "incorrect_answers": [
                "Common Language Input",
                "Control Line Interface",
                "Common Language Interface"
            ],
            "question": "In computing terms, typically what does CLI stand for?",
            "type": "multiple"
        },
        {
            "category": "Geography",
            "correct_answer": "Seattle",
            "difficulty": "easy",
            "incorrect_answers": [
                "Los Angles",
                "Toronto",
                "Vancouver"
            ],
            "question": "The Space Needle is located in which city?",
            "type": "multiple"
        },
        {
            "category": "Animals",
            "correct_answer": "Komodo dragon",
            "difficulty": "medium",
            "incorrect_answers": [
                "Japanese sea lion",
                "Tasmanian tiger",
                "Saudi gazelle"
            ],
            "question": "Which of these species is not extinct?",
            "type": "multiple"
        },
        {
            "category": "Geography",
            "correct_answer": "Canadian Shield",
            "difficulty": "hard",
            "incorrect_answers": [
                "Rocky Mountains",
                "Appalachian Mountains",
                "Himalayas"
            ],
            "question": "What is the name of rocky region that spans most of eastern Canada?",
            "type": "multiple"
        },
        {
            "category": "Entertainment: Music",
            "correct_answer": "Panic! At the Disco",
            "difficulty": "easy",
            "incorrect_answers": [
                "Twenty One Pilots",
                "My Chemical Romance",
                "Fall Out Boy"
            ],
            "question": "In 2006, which band released their debut album &quot;A Fever You Can&#039;t Sweat Out&quot;?",
            "type": "multiple"
        },
        {
            "category": "History",
            "correct_answer": "John Macdonald",
            "difficulty": "easy",
            "incorrect_answers": [
                "John Abbott",
                "Alexander Mackenzie",
                "Robert Borden"
            ],
            "question": "Who was the first prime minister of Canada?",
            "type": "multiple"
        },
        {
            "category": "Entertainment: Music",
            "correct_answer": "Laura Brehm",
            "difficulty": "easy",
            "incorrect_answers": [
                "Anna Yvette ",
                "Danyka Nadeau",
                "Veela"
            ],
            "question": "Who was featured in the song &quot;Words&quot; by Feint? ",
            "type": "multiple"
        },
        {
            "category": "Entertainment: Music",
            "correct_answer": "Amor Gitano",
            "difficulty": "hard",
            "incorrect_answers": [
                "La ultima vez",
                "Rocket",
                "Hasta Dondes Estes"
            ],
            "question": "What is the name of the song by Beyonc&eacute; and Alejandro Fern&aacute;ndez released in 2007?",
            "type": "multiple"
        },
        {
            "category": "Entertainment: Books",
            "correct_answer": "True",
            "difficulty": "hard",
            "incorrect_answers": [
                "False"
            ],
            "question": "Harry Potter was born on July 31st, 1980.",
            "type": "boolean"
        },
        {
            "category": "Entertainment: Video Games",
            "correct_answer": "Sarah Kerrigan",
            "difficulty": "medium",
            "incorrect_answers": [
                "Princess Peach",
                "Zoey",
                "Cortana"
            ],
            "question": "Which of the following has Jennifer Taylor NOT voiced?",
            "type": "multiple"
        },
        {
            "category": "Entertainment: Video Games",
            "correct_answer": "Danganronpa: Trigger Happy Havoc",
            "difficulty": "medium",
            "incorrect_answers": [
                "Danganronpa 2: Goodbye Despair",
                "Danganronpa V3: Killing Harmony",
                "Danganronpa 3: The End of Hope&#039;s Peak High School"
            ],
            "question": "Danganronpa Another Episode: Ultra Despair Girls is set after which Danganronpa game?",
            "type": "multiple"
        },
        {
            "category": "Entertainment: Television",
            "correct_answer": "Hors d&#039;oeuvre",
            "difficulty": "hard",
            "incorrect_answers": [
                "Racht",
                "Gagh",
                "Bloodwine"
            ],
            "question": "Which of these in the Star Trek series is NOT Klingon food?",
            "type": "multiple"
        },
        {
            "category": "General Knowledge",
            "correct_answer": "Brasil",
            "difficulty": "medium",
            "incorrect_answers": [
                "Brazil",
                "Brasilia",
                "Bras&iacute;l"
            ],
            "question": "What is the Portuguese word for &quot;Brazil&quot;?",
            "type": "multiple"
        },
        {
            "category": "Entertainment: Television",
            "correct_answer": "Klingon",
            "difficulty": "hard",
            "incorrect_answers": [
                "Vulcan",
                "Human",
                "Botha"
            ],
            "question": "Which race enjoys a glass of warm baghol in &quot;Star Trek&quot;?",
            "type": "multiple"
        },
        {
            "category": "Entertainment: Japanese Anime & Manga",
            "correct_answer": "Vectors",
            "difficulty": "medium",
            "incorrect_answers": [
                "Velocity",
                "Quantums",
                "Wormholes"
            ],
            "question": "In &quot;A Certain Magical Index,&quot; what is Accelerator able to control?",
            "type": "multiple"
        },
        {
            "category": "Entertainment: Music",
            "correct_answer": "J. Cole",
            "difficulty": "medium",
            "incorrect_answers": [
                "Kendrick Lamar",
                "Drake",
                "Big Sean"
            ],
            "question": "Which rapper had an album that went double platinum with no features?",
            "type": "multiple"
        },
        {
            "category": "Entertainment: Film",
            "correct_answer": "Groovy.",
            "difficulty": "easy",
            "incorrect_answers": [
                "Gnarly.",
                "Perfect.",
                "Nice."
            ],
            "question": "What was Bruce Campbell&#039;s iconic one-liner after getting a chainsaw hand in Evil Dead 2?",
            "type": "multiple"
        },
        {
            "category": "Science: Mathematics",
            "correct_answer": "True",
            "difficulty": "medium",
            "incorrect_answers": [
                "False"
            ],
            "question": "You can square root a negative number with an imaginary number &quot;i&quot;.",
            "type": "boolean"
        }
    ]
}