{
    "response_code": 0,
    "results": [
        {
            "category": "Entertainment: Musicals & Theatres",
            "correct_answer": "1606",
            "difficulty": "medium",
            "incorrect_answers": [
                "1605",
                "1723",
                "1628"
            ],
            "question": "When was the play &#039;Macbeth&#039; written?",
            "type": "multiple"
        },
        {
            "category": "Animals",
            "correct_answer": "Simien Jackel",
            "difficulty": "hard",
            "incorrect_answers": [
                "Ethiopian Coyote",
                "Amharic Fox",
                "Canis Simiensis"
            ],
            "question": "What was the name of the Ethiopian Wolf before they knew it was related to wolves?",
            "type": "multiple"
        },
        {
            "category": "Science & Nature",
            "correct_answer": "True",
            "difficulty": "medium",
            "incorrect_answers": [
                "False"
            ],
            "question": "The Doppler effect applies to light.",
            "type": "boolean"
        },
        {
            "category": "History",
            "correct_answer": "Erwin Rommel",
            "difficulty": "easy",
            "incorrect_answers": [
                "Ernst Busch",
                "Wolfram Freiherr von Richthofen",
                "Wilhelm List"
            ],
            "question": "Which German field marshal was known as the `Desert Fox`?",
            "type": "multiple"
        },
        {
            "category": "Entertainment: Japanese Anime & Manga",
            "correct_answer": "Gohan",
            "difficulty": "medium",
            "incorrect_answers": [
                "Goku",
                "Vegeta",
                "Trunks"
            ],
            "question": "In Dragon Ball Z, who was the first character to go Super Saiyan 2?",
            "type": "multiple"
        },
        {
            "category": "Entertainment: Television",
            "correct_answer": "2007",
            "difficulty": "medium",
            "incorrect_answers": [
                "2008",
                "2006",
                "2009"
            ],
            "question": "In what year did &quot;The Big Bang Theory&quot; debut on CBS?",
            "type": "multiple"
        },
        {
            "category": "Animals",
            "correct_answer": "Homo Sapiens",
            "difficulty": "easy",
            "incorrect_answers": [
                "Homo Ergaster",
                "Homo Erectus",
                "Homo Neanderthalensis"
            ],
            "question": "What is the scientific name for modern day humans?",
            "type": "multiple"
        },
        {
            "category": "Entertainment: Film",
            "correct_answer": "Highlander",
            "difficulty": "easy",
            "incorrect_answers": [
                "Flash Gordon",
                "Labyrinth",
                "Howard the Duck"
            ],
            "question": "The Queen song `A Kind Of Magic` is featured in which 1986 film?",
            "type": "multiple"
        },
        {
            "category": "Animals",
            "correct_answer": "Seahorse",
            "difficulty": "easy",
            "incorrect_answers": [
                "Dolphin",
                "Whale",
                "Octopus"
            ],
            "question": "Hippocampus is the Latin name for which marine creature?",
            "type": "multiple"
        },
        {
            "category": "Science & Nature",
            "correct_answer": "212",
            "difficulty": "medium",
            "incorrect_answers": [
                "326",
                "100",
                "451"
            ],
            "question": "How many degrees Fahrenheit is 100 degrees Celsius? ",
            "type": "multiple"
        },
        {
            "category": "Entertainment: Cartoon & Animations",
            "correct_answer": "Grandfather and Grandson",
            "difficulty": "easy",
            "incorrect_answers": [
                "Father and Son",
                "Best Friends",
                "Crimefighting Partners"
            ],
            "question": "What is the relationship between Rick and Morty in the show &quot;Rick and Morty&quot;?",
            "type": "multiple"
        },
        {
            "category": "Geography",
            "correct_answer": "Sweden",
            "difficulty": "medium",
            "incorrect_answers": [
                "Denmark",
                "Norway",
                "Germany"
            ],
            "question": "The land of Gotland is located in which European country?",
            "type": "multiple"
        },
        {
            "category": "Entertainment: Books",
            "correct_answer": "False",
            "difficulty": "easy",
            "incorrect_answers": [
                "True"
            ],
            "question": "The &quot;Berenstein Bears&quot; is the correct spelling of the educational children&#039;s book series&#039; name.",
            "type": "boolean"
        },
        {
            "category": "Entertainment: Music",
            "correct_answer": "9",
            "difficulty": "hard",
            "incorrect_answers": [
                "48",
                "6",
                "3"
            ],
            "question": "How many members are there in the idol group &quot;&micro;&#039;s&quot;?",
            "type": "multiple"
        },
        {
            "category": "Entertainment: Music",
            "correct_answer": "Sandstorm",
            "difficulty": "easy",
            "incorrect_answers": [
                "Dust Devil",
                "Sirocco",
                "Khamsin"
            ],
            "question": "What is the name of Finnish DJ Darude&#039;s hit single released in October 1999?",
            "type": "multiple"
        },
        {
            "category": "Entertainment: Video Games",
            "correct_answer": "Kiefer Sutherland",
            "difficulty": "easy",
            "incorrect_answers": [
                "David Hayter",
                "Norman Reedus",
                "Hideo Kojima"
            ],
            "question": "Who was the voice actor for Snake in Metal Gear Solid V: The Phantom Pain?",
            "type": "multiple"
        },
        {
            "category": "History",
            "correct_answer": "True",
            "difficulty": "medium",
            "incorrect_answers": [
                "False"
            ],
            "question": "Brezhnev was the 5th leader of the USSR.",
            "type": "boolean"
        },
        {
            "category": "Entertainment: Video Games",
            "correct_answer": "Orange",
            "difficulty": "hard",
            "incorrect_answers": [
                "Blue",
                "Green",
                "Magenta"
            ],
            "question": "In &quot;Sonic the Hedgehog 3&quot; for the Sega Genesis, what is the color of the second Chaos Emerald you can get from Special Stages?",
            "type": "multiple"
        },
        {
            "category": "Entertainment: Japanese Anime & Manga",
            "correct_answer": "The Salamander",
            "difficulty": "easy",
            "incorrect_answers": [
                "The Dragon Slayer",
                "The Dragon",
                "The Demon"
            ],
            "question": "In &quot;Fairy Tail&quot;, what is the nickname of Natsu Dragneel?",
            "type": "multiple"
        },
        {
            "category": "Science: Computers",
            "correct_answer": "True",
            "difficulty": "medium",
            "incorrect_answers": [
                "False"
            ],
            "question": "AMD created the first consumer 64-bit processor.",
            "type": "boolean"
        },
        {
            "category": "Vehicles",
            "correct_answer": "Previously independent automobile manufacturers",
            "difficulty": "medium",
            "incorrect_answers": [
                "States in which Audi makes the most sales",
                "Main cities vital to Audi",
                "Countries in which Audi makes the most sales"
            ],
            "question": "What do the 4 Rings in Audi&#039;s Logo represent?",
            "type": "multiple"
        },
        {
            "category": "Geography",
            "correct_answer": "Washington, D.C.",
            "difficulty": "easy",
            "incorrect_answers": [
                "Los Angelas, CA",
                "New York City, NY",
                "Houston, TX"
            ],
            "question": "What is the Capital of the United States?",
            "type": "multiple"
        },
        {
            "category": "Entertainment: Video Games",
            "correct_answer": "Major Malfunction",
            "difficulty": "medium",
            "incorrect_answers": [
                "Crazy Golf",
                "Clan Wars",
                "Ultimate Mayhem"
            ],
            "question": "Which of these is NOT a game under the Worms series?",
            "type": "multiple"
        },
        {
            "category": "Entertainment: Music",
            "correct_answer": "Brothers &amp; cousins",
            "difficulty": "medium",
            "incorrect_answers": [
                "Childhood friends",
                "Former classmates",
                "Fraternity house members"
            ],
            "question": "What is the relationship between the band members of American rock band King of Leon?",
            "type": "multiple"
        },
        {
            "category": "Entertainment: Video Games",
            "correct_answer": "U.N. Owen Was Her",
            "difficulty": "medium",
            "incorrect_answers": [
                "Septette for the Dead Princess",
                "Flowering Night",
                "Pierrot of the Star-Spangled Banner"
            ],
            "question": "In Touhou: Embodiment of Scarlet Devil, what song plays during Flandre Scarlet&#039;s boss fight?",
            "type": "multiple"
        },
        {
            "category": "Entertainment: Musicals & Theatres",
            "correct_answer": "No Exit",
            "difficulty": "medium",
            "incorrect_answers": [
                "The Devil and the Good Lord",
                "The Condemned of Altona",
                "The Flies"
            ],
            "question": "What play is the quote &quot;Hell is other people&quot; from?",
            "type": "multiple"
        },
        {
            "category": "History",
            "correct_answer": "Gjergj Kastrioti",
            "difficulty": "hard",
            "incorrect_answers": [
                "Diturak Zhulati",
                "Iskander Bejko",
                "Mirash Krasniki"
            ],
            "question": "What was the real name of the Albanian national leader Skanderbeg?",
            "type": "multiple"
        },
        {
            "category": "Entertainment: Video Games",
            "correct_answer": "Lamarr",
            "difficulty": "medium",
            "incorrect_answers": [
                "Jumperr",
                "Drett",
                "Jerry"
            ],
            "question": "What name does the little headcrab in &quot;Half Life 2&quot; have?",
            "type": "multiple"
        },
        {
            "category": "Geography",
            "correct_answer": "False",
            "difficulty": "medium",
            "incorrect_answers": [
                "True"
            ],
            "question": "The capital of the US State Ohio is the city of Chillicothe.",
            "type": "boolean"
        },
        {
            "category": "Entertainment: Television",
            "correct_answer": "Duckburg",
            "difficulty": "easy",
            "incorrect_answers": [
                "Duckwing",
                "Tailspin",
                "Wingford"
            ],
            "question": "In DuckTales, what is the name of the city where all the main characters live?",
            "type": "multiple"
        },
        {
            "category": "Entertainment: Video Games",
            "correct_answer": "False",
            "difficulty": "easy",
            "incorrect_answers": [
                "True"
            ],
            "question": "In the game &quot;Subnautica&quot;, a &quot;Spadefish&quot; will attack you.",
            "type": "boolean"
        },
        {
            "category": "Entertainment: Music",
            "correct_answer": "Compton",
            "difficulty": "hard",
            "incorrect_answers": [
                "Detroit",
                "New York",
                "Baltimore"
            ],
            "question": "In Kendrick Lamar&#039;s 2012 album, &quot;Good Kid, M.A.A.D City&quot;, the album&#039;s story takes place in which city?",
            "type": "multiple"
        },
        {
            "category": "Entertainment: Comics",
            "correct_answer": "Elias Acorn",
            "difficulty": "medium",
            "incorrect_answers": [
                "Maximillian Acorn",
                "Alexis Acorn",
                "Frederick Acorn"
            ],
            "question": "In Pre-Super Genesis universe of &quot;Sonic the Hedgehog&quot; comic, what was the name of  Sally Acorn&#039;s brother?",
            "type": "multiple"
        },
        {
            "category": "Sports",
            "correct_answer": "Chile",
            "difficulty": "medium",
            "incorrect_answers": [
                "Argentina",
                "Brazil",
                "Colombia"
            ],
            "question": "Which soccer team won the Copa Am&eacute;rica Centenario 2016?",
            "type": "multiple"
        },
        {
            "category": "General Knowledge",
            "correct_answer": "Truth",
            "difficulty": "easy",
            "incorrect_answers": [
                "Answer",
                "Cause",
                "Source"
            ],
            "question": "According to Sherlock Holmes, &quot;If you eliminate the impossible, whatever remains, however improbable, must be the...&quot;",
            "type": "multiple"
        },
        {
            "category": "Entertainment: Video Games",
            "correct_answer": "Yana and Bronislava",
            "difficulty": "hard",
            "incorrect_answers": [
                "Gaba and Anna",
                "Yanna and Gaba",
                "Anna and Bronislava"
            ],
            "question": "In TF2 Lore, what are the names of the Heavy&#039;s younger sisters?",
            "type": "multiple"
        },
        {
            "category": "Geography",
            "correct_answer": "Suomi",
            "difficulty": "hard",
            "incorrect_answers": [
                "Eesti",
                "Magyarorsz&aacute;g",
                "Sverige"
            ],
            "question": "What is the Finnish word for &quot;Finland&quot;?",
            "type": "multiple"
        },
        {
            "category": "History",
            "correct_answer": "Simo H&auml;yh&auml;",
            "difficulty": "medium",
            "incorrect_answers": [
                "Chris Kyle",
                "Vasily Zaytsev",
                "Craig Harrison"
            ],
            "question": "Which of the following snipers has the highest amount of confirmed kills?",
            "type": "multiple"
        },
        {
            "category": "Entertainment: Music",
            "correct_answer": "True",
            "difficulty": "medium",
            "incorrect_answers": [
                "False"
            ],
            "question": "For his performance at ComplexCon 2016 in Long Beach, California, Skrillex revived his &quot;Mothership&quot; set piece for one night only.",
            "type": "boolean"
        },
        {
            "category": "Entertainment: Japanese Anime & Manga",
            "correct_answer": "American Football",
            "difficulty": "medium",
            "incorrect_answers": [
                "Baseball",
                "Football",
                "Basketball"
            ],
            "question": "What sport is being played in the Anime Eyeshield 21?",
            "type": "multiple"
        },
        {
            "category": "History",
            "correct_answer": "Poland",
            "difficulty": "easy",
            "incorrect_answers": [
                "Czechoslovakia",
                "Austria",
                "Hungary"
            ],
            "question": "In 1939, Britain and France declared war on Germany after it invaded which country?",
            "type": "multiple"
        },
        {
            "category": "History",
            "correct_answer": "Operation Dragoon",
            "difficulty": "hard",
            "incorrect_answers": [
                "Operation Overlord",
                "Operation Market Garden",
                "Operation Torch"
            ],
            "question": "What was the code name for the Allied invasion of Southern France on August 15th, 1944?",
            "type": "multiple"
        },
        {
            "category": "Entertainment: Music",
            "correct_answer": "In Rainbows",
            "difficulty": "hard",
            "incorrect_answers": [
                "The Help Album",
                "Skrillex and Diplo Present Jack &Uuml;",
                "Blackstar"
            ],
            "question": "What is the first Studio Album to be released on the Internet with a &quot;Pay-What-You-Want&quot; price?",
            "type": "multiple"
        },
        {
            "category": "Vehicles",
            "correct_answer": "Matra Djet",
            "difficulty": "hard",
            "incorrect_answers": [
                "Porsche 911",
                "Alpine A110",
                "AC Cobra"
            ],
            "question": "What model was the sports car gifted to Yuri Gagarin by the French government in 1965?",
            "type": "multiple"
        },
        {
            "category": "General Knowledge",
            "correct_answer": "Yahoo! Mountain Dew... It&#039;ll tickle your innards!",
            "difficulty": "medium",
            "incorrect_answers": [
                "Give Me A Dew",
                "Do The Dew",
                "Get&#039; that barefoot feelin&#039; drinkin&#039; Mountain Dew"
            ],
            "question": "What was Mountain Dew&#039;s original slogan?",
            "type": "multiple"
        },
        {
            "category": "Entertainment: Video Games",
            "correct_answer": "Auto",
            "difficulty": "hard",
            "incorrect_answers": [
                "Eddie",
                "Tango",
                "Rush"
            ],
            "question": "Which character from the Mega Man series made a small cameo on Volt Catfish&#039;s introduction scene in CD versions of Mega Man X3?",
            "type": "multiple"
        },
        {
            "category": "History",
            "correct_answer": "September 18, 1947",
            "difficulty": "medium",
            "incorrect_answers": [
                "December 14, 1946",
                "October 27, 1945",
                "November 08, 1944"
            ],
            "question": "The United States Army Air Corps became the United States Air Force on what date?",
            "type": "multiple"
        },
        {
            "category": "Entertainment: Video Games",
            "correct_answer": "Monster Hunter 4",
            "difficulty": "hard",
            "incorrect_answers": [
                "Monster Hunter Freedom",
                "Monster Hunter Stories",
                "Monster Hunter 2"
            ],
            "question": "Which game in the &quot;Monster Hunter&quot; series introduced the &quot;Insect Glaive&quot; weapon?",
            "type": "multiple"
        },
        {
            "category": "Entertainment: Japanese Anime & Manga",
            "correct_answer": "Tohru",
            "difficulty": "easy",
            "incorrect_answers": [
                "Lucoa",
                "Kanna",
                "Elma"
            ],
            "question": "In Ms. Kobayashi&#039;s Dragon Maid, who is Kobayashi&#039;s maid?",
            "type": "multiple"
        },
        {
            "category": "Science: Computers",
            "correct_answer": "Java",
            "difficulty": "easy",
            "incorrect_answers": [
                "Python",
                "C",
                "Jakarta"
            ],
            "question": "Which programming language shares its name with an island in Indonesia?",
            "type": "multiple"
        }
    ]
}