{
    "response_code": 0,
    "results": [
        {
            "category": "Entertainment: Video Games",
            "correct_answer": "October 31, 2005",
            "difficulty": "medium",
            "incorrect_answers": [
                "December 18, 2004",
                "November 21, 2006",
                "September 9, 2007"
            ],
            "question": "When was the original Star Wars: Battlefront II released?",
            "type": "multiple"
        },
        {
            "category": "Entertainment: Board Games",
            "correct_answer": "True",
            "difficulty": "easy",
            "incorrect_answers": [
                "False"
            ],
            "question": "Snakes and Ladders was originally created in India?",
            "type": "boolean"
        },
        {
            "category": "Entertainment: Music",
            "correct_answer": "Andrew Gold",
            "difficulty": "medium",
            "incorrect_answers": [
                "Elton John",
                "Leo Sayer",
                "Barry White "
            ],
            "question": "Who had hits in the 70s with the songs &quot;Lonely Boy&quot; and &quot;Never Let Her Slip Away&quot;?",
            "type": "multiple"
        },
        {
            "category": "Entertainment: Music",
            "correct_answer": "Bread",
            "difficulty": "medium",
            "incorrect_answers": [
                "America",
                "Chicago",
                "Smokie"
            ],
            "question": "Which band had hits in 1972 with the songs &quot;Baby I&#039;m A Want You&quot;, &quot;Everything I Own&quot; and &quot;The Guitar Man&quot;",
            "type": "multiple"
        },
        {
            "category": "Entertainment: Video Games",
            "correct_answer": "Chris Metzen",
            "difficulty": "easy",
            "incorrect_answers": [
                "Ben Affleck",
                "Jason Derulo",
                "Jim Carrey"
            ],
            "question": "Who&#039;s the voice actor for Thrall in the Warcraft game series?",
            "type": "multiple"
        },
        {
            "category": "Entertainment: Cartoon & Animations",
            "correct_answer": "Springfield, Oregon",
            "difficulty": "hard",
            "incorrect_answers": [
                "Springfield, Missouri",
                "Springfield, Illinois",
                "Springfield, Massachusetts"
            ],
            "question": "What town was &quot;Springfield&quot; from &quot;The Simpsons&quot; originally named after?",
            "type": "multiple"
        },
        {
            "category": "Animals",
            "correct_answer": "True",
            "difficulty": "medium",
            "incorrect_answers": [
                "False"
            ],
            "question": "An octopus can fit through any hole larger than its beak.",
            "type": "boolean"
        },
        {
            "category": "Geography",
            "correct_answer": "195",
            "difficulty": "medium",
            "incorrect_answers": [
                "201",
                "153",
                "178"
            ],
            "question": "How many sovereign states are members of the United Nations?",
            "type": "multiple"
        },
        {
            "category": "Entertainment: Video Games",
            "correct_answer": "Midwest Militia",
            "difficulty": "medium",
            "incorrect_answers": [
                "Phoenix Connection",
                "Elite Crew",
                "Guerrilla Warfare"
            ],
            "question": "Which of these is NOT a terrorist faction in Counter-Strike (2000)?",
            "type": "multiple"
        },
        {
            "category": "History",
            "correct_answer": "False",
            "difficulty": "medium",
            "incorrect_answers": [
                "True"
            ],
            "question": "The two atomic bombs dropped on Japan by the United States in August 1945 were named &#039;Little Man&#039; and &#039;Fat Boy&#039;.",
            "type": "boolean"
        },
        {
            "category": "General Knowledge",
            "correct_answer": "True",
            "difficulty": "easy",
            "incorrect_answers": [
                "False"
            ],
            "question": "Gumbo is a stew that originated in Louisiana.",
            "type": "boolean"
        },
        {
            "category": "General Knowledge",
            "correct_answer": "S",
            "difficulty": "medium",
            "incorrect_answers": [
                "O",
                "A",
                "C"
            ],
            "question": "In the Morse code, which letter is indicated by 3 dots? ",
            "type": "multiple"
        },
        {
            "category": "General Knowledge",
            "correct_answer": "Hungarian",
            "difficulty": "medium",
            "incorrect_answers": [
                "Russian",
                "Greek",
                "Latvian"
            ],
            "question": "Which language is NOT Indo-European?",
            "type": "multiple"
        },
        {
            "category": "Geography",
            "correct_answer": "Utah, Colorado, Arizona, New Mexico",
            "difficulty": "medium",
            "incorrect_answers": [
                "Oregon, Idaho, Nevada, Utah",
                "Kansas, Oklahoma, Arkansas, Louisiana",
                "South Dakota, Minnesota, Nebraska, Iowa"
            ],
            "question": "What are the four corner states of the US?",
            "type": "multiple"
        },
        {
            "category": "Entertainment: Video Games",
            "correct_answer": "Mushroom Hill",
            "difficulty": "easy",
            "incorrect_answers": [
                "City Escape",
                "Planet Wisp",
                "Sky Sanctuary"
            ],
            "question": "Which of these levels does NOT appear in the console/PC versions of the game &quot;Sonic Generations&quot;?",
            "type": "multiple"
        },
        {
            "category": "Entertainment: Music",
            "correct_answer": "V",
            "difficulty": "easy",
            "incorrect_answers": [
                "X",
                "III",
                "IV"
            ],
            "question": "What is the name of the album released in 2014 by American band Maroon 5?",
            "type": "multiple"
        },
        {
            "category": "Entertainment: Video Games",
            "correct_answer": "Need for Speed: Most Wanted (2005)",
            "difficulty": "medium",
            "incorrect_answers": [
                "Infamous 2",
                "Saints Row: The Third",
                "Burnout Revenge"
            ],
            "question": "The city of Rockport is featured in which of the following video games?",
            "type": "multiple"
        },
        {
            "category": "Entertainment: Video Games",
            "correct_answer": "False",
            "difficulty": "medium",
            "incorrect_answers": [
                "True"
            ],
            "question": "The first Maxis game to feature the fictional language &quot;Simlish&quot; was The Sims (2000).",
            "type": "boolean"
        },
        {
            "category": "Entertainment: Comics",
            "correct_answer": "Dick Grayson",
            "difficulty": "medium",
            "incorrect_answers": [
                "Bruce Wayne",
                "Jason Todd",
                "Tim Drake"
            ],
            "question": "What was the name of the first Robin in the Batman comics?",
            "type": "multiple"
        },
        {
            "category": "Entertainment: Video Games",
            "correct_answer": "$4750",
            "difficulty": "medium",
            "incorrect_answers": [
                "$4500",
                "$4650",
                "$5000"
            ],
            "question": "How much does the &#039;AWP&#039; cost in Counter-Strike: Global Offensive?",
            "type": "multiple"
        },
        {
            "category": "Vehicles",
            "correct_answer": "False",
            "difficulty": "medium",
            "incorrect_answers": [
                "True"
            ],
            "question": "The Chevrolet Corvette has always been made exclusively with V8 engines only.",
            "type": "boolean"
        },
        {
            "category": "General Knowledge",
            "correct_answer": "1926",
            "difficulty": "hard",
            "incorrect_answers": [
                "1923",
                "1929",
                "1930"
            ],
            "question": "What year was Queen Elizabeth II born?",
            "type": "multiple"
        },
        {
            "category": "General Knowledge",
            "correct_answer": "Shiatsu",
            "difficulty": "medium",
            "incorrect_answers": [
                "Ukiyo",
                "Majime",
                "Ikigai"
            ],
            "question": "Which of these is the name of a Japanese system of alternative medicine, literally meaning &quot;finger pressure&quot;?",
            "type": "multiple"
        },
        {
            "category": "Entertainment: Video Games",
            "correct_answer": "Moon Rock Poisoning",
            "difficulty": "easy",
            "incorrect_answers": [
                "Accidentally sending a portal to the Moon",
                "Slipped in the shower",
                "Asbestos Poisoning"
            ],
            "question": "In Portal 2, how did CEO of Aperture Science, Cave Johnson, presumably die?",
            "type": "multiple"
        },
        {
            "category": "Entertainment: Video Games",
            "correct_answer": "Boston",
            "difficulty": "easy",
            "incorrect_answers": [
                "Sydney",
                "Detroit",
                "New York"
            ],
            "question": "What&#039;s the Team Fortress 2 Scout&#039;s city of origin?",
            "type": "multiple"
        },
        {
            "category": "Entertainment: Video Games",
            "correct_answer": "Half-Life: Opposing Force",
            "difficulty": "medium",
            "incorrect_answers": [
                "Half-Life: Blue Shift",
                "Half-Life: Decay",
                "They Hunger"
            ],
            "question": "In what Half-Life expansion can you find Gordon&#039;s picture in an &quot;Employee of the Month&quot; picture frame?",
            "type": "multiple"
        },
        {
            "category": "Entertainment: Video Games",
            "correct_answer": "True",
            "difficulty": "easy",
            "incorrect_answers": [
                "False"
            ],
            "question": "The ultimate phrase used by Pharah from Overwatch is: &quot;Justice rains from above!&quot;",
            "type": "boolean"
        },
        {
            "category": "Animals",
            "correct_answer": "Tasmania, Australia",
            "difficulty": "medium",
            "incorrect_answers": [
                "Baluchistan, Pakistan",
                "Wallachia, Romania",
                "Oregon, United States"
            ],
            "question": "The now extinct species &quot;Thylacine&quot; was native to where?",
            "type": "multiple"
        },
        {
            "category": "Entertainment: Television",
            "correct_answer": "Michael Westen",
            "difficulty": "easy",
            "incorrect_answers": [
                "Sam Axe",
                "Fiona Glenanne",
                "Madeline Westen"
            ],
            "question": "Who is the main character in the show &quot;Burn Notice&quot;?",
            "type": "multiple"
        },
        {
            "category": "Geography",
            "correct_answer": "False",
            "difficulty": "easy",
            "incorrect_answers": [
                "True"
            ],
            "question": "Toronto is the capital city of the North American country of Canada.",
            "type": "boolean"
        },
        {
            "category": "Animals",
            "correct_answer": "False",
            "difficulty": "easy",
            "incorrect_answers": [
                "True"
            ],
            "question": "Rabbits are rodents.",
            "type": "boolean"
        },
        {
            "category": "Science & Nature",
            "correct_answer": "Umbilicus",
            "difficulty": "easy",
            "incorrect_answers": [
                "Nevus",
                "Nares",
                "Paxillus"
            ],
            "question": "The medical term for the belly button is which of the following?",
            "type": "multiple"
        },
        {
            "category": "Entertainment: Video Games",
            "correct_answer": "Leif",
            "difficulty": "medium",
            "incorrect_answers": [
                "Blanche",
                "Spark",
                "Candela"
            ],
            "question": "Which of these is NOT the name of a team leader in Pok&eacute;mon GO?",
            "type": "multiple"
        },
        {
            "category": "Entertainment: Television",
            "correct_answer": "Oprah",
            "difficulty": "medium",
            "incorrect_answers": [
                "Jimmy Fallon",
                "Saturday Night Live",
                "Larry Rubert"
            ],
            "question": "Which of these television shows makes everyone look under their chair?",
            "type": "multiple"
        },
        {
            "category": "History",
            "correct_answer": "1814",
            "difficulty": "medium",
            "incorrect_answers": [
                "1932",
                "1905",
                "1854"
            ],
            "question": "When did Norway get its constitution?",
            "type": "multiple"
        },
        {
            "category": "Science: Gadgets",
            "correct_answer": "James Watt",
            "difficulty": "medium",
            "incorrect_answers": [
                "Nikola Tesla",
                "Albert Einstein",
                "Alessandro Volta"
            ],
            "question": "Who patented a steam engine that produced continuous rotary motion?",
            "type": "multiple"
        },
        {
            "category": "General Knowledge",
            "correct_answer": "IKEA",
            "difficulty": "hard",
            "incorrect_answers": [
                "H &amp; M",
                "Lindex",
                "Clas Ohlson"
            ],
            "question": "Which one of these Swedish companies was founded in 1943?",
            "type": "multiple"
        },
        {
            "category": "Entertainment: Video Games",
            "correct_answer": "Cave Johnson",
            "difficulty": "medium",
            "incorrect_answers": [
                "GLaDOs",
                "Wallace Breen",
                "Gordon Freeman"
            ],
            "question": "In the Portal series of games, who was the founder of Aperture Science?",
            "type": "multiple"
        },
        {
            "category": "Geography",
            "correct_answer": "Prince Edward Island",
            "difficulty": "medium",
            "incorrect_answers": [
                "Saskachewan",
                "Northwest Terrirories",
                "Ontario"
            ],
            "question": "Which Canadian province has Charlottetown as its capital?",
            "type": "multiple"
        },
        {
            "category": "History",
            "correct_answer": "Martin Van Buren",
            "difficulty": "medium",
            "incorrect_answers": [
                "John Adams",
                "George Washington",
                "James Monroe "
            ],
            "question": "Who was the first president born in the independent United States?",
            "type": "multiple"
        },
        {
            "category": "Science: Mathematics",
            "correct_answer": "9",
            "difficulty": "hard",
            "incorrect_answers": [
                "4",
                "7",
                "2"
            ],
            "question": "What is the 100th digit of Pi?",
            "type": "multiple"
        },
        {
            "category": "Science: Computers",
            "correct_answer": "Central Processing Unit",
            "difficulty": "medium",
            "incorrect_answers": [
                "Motherboard",
                "Graphics Processing Unit",
                "Keyboard"
            ],
            "question": "What is known as &quot;the brain&quot; of the Computer?",
            "type": "multiple"
        },
        {
            "category": "Entertainment: Music",
            "correct_answer": "Adele, 25",
            "difficulty": "easy",
            "incorrect_answers": [
                "Fetty Wap, Fetty Wap",
                "Taylor Swift, 1989",
                "Justin Bieber, Purpose"
            ],
            "question": "What was the best selling album of 2015?",
            "type": "multiple"
        },
        {
            "category": "History",
            "correct_answer": "Josip Broz Tito",
            "difficulty": "medium",
            "incorrect_answers": [
                "Karadjordje Petrovic",
                "Milos Obilic",
                "Aleskandar Petrovic"
            ],
            "question": "Who was the leader of the Communist Party of Yugoslavia ?",
            "type": "multiple"
        },
        {
            "category": "Entertainment: Television",
            "correct_answer": "True",
            "difficulty": "easy",
            "incorrect_answers": [
                "False"
            ],
            "question": "In &quot;Star Trek&quot;, Klingons are aliens.",
            "type": "boolean"
        },
        {
            "category": "Entertainment: Video Games",
            "correct_answer": "Excalipoor",
            "difficulty": "hard",
            "incorrect_answers": [
                "Excalibore",
                "Excalisnore",
                "Excalisore"
            ],
            "question": "In &quot;Final Fantasy VI&quot;, what is the name of (summoned) Gilgamesh&#039;s weakest attack?",
            "type": "multiple"
        },
        {
            "category": "Entertainment: Television",
            "correct_answer": "5",
            "difficulty": "easy",
            "incorrect_answers": [
                "10",
                "2",
                "7"
            ],
            "question": "How many seasons did the Sci-Fi television show &quot;Stargate Atlantis&quot; have?",
            "type": "multiple"
        },
        {
            "category": "Entertainment: Japanese Anime & Manga",
            "correct_answer": "1992",
            "difficulty": "medium",
            "incorrect_answers": [
                "1989",
                "1990",
                "1994"
            ],
            "question": "What year did &quot;Bishoujo Senshi Sailor Moon&quot; air in Japan?",
            "type": "multiple"
        },
        {
            "category": "Entertainment: Music",
            "correct_answer": "Aero Deck",
            "difficulty": "hard",
            "incorrect_answers": [
                "Textuell",
                "Panorama",
                "Do While"
            ],
            "question": "Bj&ouml;rk&#039;s &quot;Unison&quot; contains a sample of which Oval song?",
            "type": "multiple"
        },
        {
            "category": "Entertainment: Video Games",
            "correct_answer": "Termina",
            "difficulty": "medium",
            "incorrect_answers": [
                "Hyrule",
                "Gysahl",
                "Besaid"
            ],
            "question": "Where does &quot;The Legend of Zelda: Majora&#039;s Mask&quot; take place?",
            "type": "multiple"
        }
    ]
}