{
    "response_code": 0,
    "results": [
        {
            "category": "Mythology",
            "correct_answer": "Apollo",
            "difficulty": "easy",
            "incorrect_answers": [
                "Demeter",
                "Zeus",
                "Athena"
            ],
            "question": "Who was the only god from Greece who did not get a name change in Rome?",
            "type": "multiple"
        },
        {
            "category": "Science: Computers",
            "correct_answer": "&#039;For&#039; loops",
            "difficulty": "easy",
            "incorrect_answers": [
                "&#039;If&#039; Statements",
                "&#039;Do-while&#039; loops",
                "&#039;While&#039; loops"
            ],
            "question": "In any programming language, what is the most common way to iterate through an array?",
            "type": "multiple"
        },
        {
            "category": "Science & Nature",
            "correct_answer": "Dihydrogen Monoxide",
            "difficulty": "hard",
            "incorrect_answers": [
                "Ammonium chloride",
                "Anhydrous Sodium Carbonate",
                "Manganese dioxide"
            ],
            "question": "Which is the chemical name of H2O?",
            "type": "multiple"
        },
        {
            "category": "Science: Computers",
            "correct_answer": "Amazon",
            "difficulty": "medium",
            "incorrect_answers": [
                "eBay",
                "Overstock",
                "Shopify"
            ],
            "question": "Which internet company began life as an online bookstore called &#039;Cadabra&#039;?",
            "type": "multiple"
        },
        {
            "category": "Entertainment: Video Games",
            "correct_answer": "Dollar Flu",
            "difficulty": "medium",
            "incorrect_answers": [
                "Ebola",
                "Red Poison",
                "Smallpox"
            ],
            "question": "What is the name of the virus that infected New York in Tom Clancy&#039;s The Division?",
            "type": "multiple"
        },
        {
            "category": "Celebrities",
            "correct_answer": "Jacques",
            "difficulty": "medium",
            "incorrect_answers": [
                "Jak",
                "John",
                "Jaques"
            ],
            "question": "What is the name of Jontron&#039;s parrot?",
            "type": "multiple"
        },
        {
            "category": "Geography",
            "correct_answer": "Dubai",
            "difficulty": "medium",
            "incorrect_answers": [
                "Riyadh",
                "Mecca",
                "Medina"
            ],
            "question": "Which of these is NOT a city in Saudi Arabia?",
            "type": "multiple"
        },
        {
            "category": "Entertainment: Video Games",
            "correct_answer": "#025",
            "difficulty": "easy",
            "incorrect_answers": [
                "#001",
                "#031",
                "#109"
            ],
            "question": "What is Pikachu&#039;s National Pok&eacute;Dex Number?",
            "type": "multiple"
        },
        {
            "category": "Science & Nature",
            "correct_answer": "UY Scuti",
            "difficulty": "medium",
            "incorrect_answers": [
                "VY Canis Majoris",
                "Betelgeuse",
                "RW Cephei"
            ],
            "question": "Which of these stars is the largest?",
            "type": "multiple"
        },
        {
            "category": "Science: Computers",
            "correct_answer": "Active Directory",
            "difficulty": "medium",
            "incorrect_answers": [
                "Alternative Drive",
                "Automated Database",
                "Active Department"
            ],
            "question": "What does AD stand for in relation to Windows Operating Systems? ",
            "type": "multiple"
        },
        {
            "category": "Science: Computers",
            "correct_answer": "True",
            "difficulty": "medium",
            "incorrect_answers": [
                "False"
            ],
            "question": "The very first recorded computer &quot;bug&quot; was a moth found inside a Harvard Mark II computer.",
            "type": "boolean"
        },
        {
            "category": "Entertainment: Music",
            "correct_answer": "Les Paul Standard",
            "difficulty": "medium",
            "incorrect_answers": [
                "Fender Stratocaster",
                "LsL Mongrel",
                "Gretsch Falcon"
            ],
            "question": "Saul Hudson (Slash) of the band Guns N&#039; Roses is known for playing what type of guitar?",
            "type": "multiple"
        },
        {
            "category": "Entertainment: Music",
            "correct_answer": "4",
            "difficulty": "easy",
            "incorrect_answers": [
                "1",
                "5",
                "2"
            ],
            "question": "How many studio albums have the duo Daft Punk released?",
            "type": "multiple"
        },
        {
            "category": "Entertainment: Books",
            "correct_answer": "Bilius",
            "difficulty": "hard",
            "incorrect_answers": [
                "Arthur",
                "John",
                "Dominic"
            ],
            "question": "What is Ron Weasley&#039;s middle name?",
            "type": "multiple"
        },
        {
            "category": "Geography",
            "correct_answer": "Casablanca",
            "difficulty": "medium",
            "incorrect_answers": [
                "Rabat",
                "Fes",
                "Sale"
            ],
            "question": "Which is the largest city in Morocco?",
            "type": "multiple"
        },
        {
            "category": "Entertainment: Books",
            "correct_answer": "The Artful Dodger",
            "difficulty": "medium",
            "incorrect_answers": [
                "Fagin",
                "Bull&rsquo;s-eye",
                "Mr. Fang"
            ],
            "question": "By what nickname is Jack Dawkins known in the Charles Dickens novel, &#039;Oliver Twist&#039;?",
            "type": "multiple"
        },
        {
            "category": "Science: Computers",
            "correct_answer": "Santa Clara",
            "difficulty": "medium",
            "incorrect_answers": [
                "Palo Alto",
                "Cupertino",
                "Mountain View"
            ],
            "question": "Nvidia&#039;s headquarters are based in which Silicon Valley city?",
            "type": "multiple"
        },
        {
            "category": "History",
            "correct_answer": "July 16, 1945",
            "difficulty": "medium",
            "incorrect_answers": [
                "June 22, 1945",
                "August 6, 1945",
                "April 5, 1945"
            ],
            "question": "When was &quot;The Gadget&quot;, the first nuclear device to be detonated, tested?",
            "type": "multiple"
        },
        {
            "category": "Politics",
            "correct_answer": "Chinese Taipei",
            "difficulty": "medium",
            "incorrect_answers": [
                "Chinese Taiwan",
                "Republic of Taiwan",
                "Republic of Taipei "
            ],
            "question": "Due to the Nagoya Resolution, China agreed to allow Taiwan to compete separately in international sporting events under what name?",
            "type": "multiple"
        },
        {
            "category": "Entertainment: Music",
            "correct_answer": "Don&#039;t Ever Play Yourself",
            "difficulty": "medium",
            "incorrect_answers": [
                "Major Key",
                "Suffering From Success",
                "I Changed A Lot"
            ],
            "question": "Which of these is NOT the name of an album released by Miami-based producer DJ Khaled?",
            "type": "multiple"
        },
        {
            "category": "Entertainment: Film",
            "correct_answer": "My Neighbor Totoro",
            "difficulty": "easy",
            "incorrect_answers": [
                "Hop",
                "Rise of the Guardians",
                "Alice in Wonderland"
            ],
            "question": "Which movie includes a giant bunny-like spirit who has magic powers including growing trees?",
            "type": "multiple"
        },
        {
            "category": "Entertainment: Video Games",
            "correct_answer": "2011",
            "difficulty": "easy",
            "incorrect_answers": [
                "2014",
                "2009",
                "2007"
            ],
            "question": "When was the game &#039;Portal 2&#039; released?",
            "type": "multiple"
        },
        {
            "category": "Entertainment: Video Games",
            "correct_answer": "Prodigy",
            "difficulty": "medium",
            "incorrect_answers": [
                "747",
                "Havana",
                "Oilrig"
            ],
            "question": "Which of these Counter-Strike maps is a bomb defuse scenario?",
            "type": "multiple"
        },
        {
            "category": "Entertainment: Cartoon & Animations",
            "correct_answer": "Water",
            "difficulty": "easy",
            "incorrect_answers": [
                "Air",
                "Earth",
                "Fire"
            ],
            "question": "In &quot;Avatar: The Last Airbender&quot;, which element does Aang begin to learn after being defrosted?",
            "type": "multiple"
        },
        {
            "category": "Politics",
            "correct_answer": "435",
            "difficulty": "easy",
            "incorrect_answers": [
                "260",
                "415",
                "50"
            ],
            "question": "How many people are in the U.S. House of Representatives?",
            "type": "multiple"
        },
        {
            "category": "Entertainment: Video Games",
            "correct_answer": "Dark Souls 2",
            "difficulty": "hard",
            "incorrect_answers": [
                "Demon Souls",
                "Dark Souls",
                "Dark Souls 3"
            ],
            "question": "Which souls game was not directed by Hidetaka Miyazaki?",
            "type": "multiple"
        },
        {
            "category": "Entertainment: Music",
            "correct_answer": "2004",
            "difficulty": "hard",
            "incorrect_answers": [
                "1993",
                "2006",
                "2010"
            ],
            "question": "What year was Huun Huur Tu&#039;s album Altai Sayan Tandy-Uula released? ",
            "type": "multiple"
        },
        {
            "category": "Entertainment: Music",
            "correct_answer": "Rain Man",
            "difficulty": "medium",
            "incorrect_answers": [
                "Without Me",
                "Kim",
                "Square Dance"
            ],
            "question": "Which of these songs by artist Eminem contain the lyric &quot;Nice to meet you. Hi, my name is... I forgot my name!&quot;?",
            "type": "multiple"
        },
        {
            "category": "Entertainment: Film",
            "correct_answer": "Vincent Vega",
            "difficulty": "easy",
            "incorrect_answers": [
                "Jules Winnfield",
                "Jimmie Dimmick",
                "Butch Coolidge"
            ],
            "question": "Who in Pulp Fiction says &quot;No, they got the metric system there, they wouldn&#039;t know what the fuck a Quarter Pounder is.&quot;",
            "type": "multiple"
        },
        {
            "category": "Geography",
            "correct_answer": "Iberian Peninsula",
            "difficulty": "easy",
            "incorrect_answers": [
                "European Peninsula",
                "Peloponnesian Peninsula",
                "Scandinavian Peninsula"
            ],
            "question": "What is the name of the peninsula containing Spain and Portugal?",
            "type": "multiple"
        },
        {
            "category": "Entertainment: Music",
            "correct_answer": "Illmatic",
            "difficulty": "medium",
            "incorrect_answers": [
                "The Low End Theory",
                "The Chronic",
                "Enter The Wu-Tang (36 Chambers)"
            ],
            "question": "Which famous 90&#039;s rap album is commonly referred to as &quot;The Bible of Hip Hop&quot;?",
            "type": "multiple"
        },
        {
            "category": "Sports",
            "correct_answer": "Ma Long (China)",
            "difficulty": "hard",
            "incorrect_answers": [
                "Zhang Jike (China)",
                "Jun Mizutani (Japan)",
                "Vladimir Samsonov (Belarus)"
            ],
            "question": "Which male player won the gold medal of table tennis singles in 2016 Olympics Games?",
            "type": "multiple"
        },
        {
            "category": "Entertainment: Video Games",
            "correct_answer": "Piplup",
            "difficulty": "easy",
            "incorrect_answers": [
                "Totodile",
                "Oshawott",
                "Mudkip"
            ],
            "question": "Which water-type Pok&eacute;mon starter was introduced in the 4th generation of the series?",
            "type": "multiple"
        },
        {
            "category": "Science & Nature",
            "correct_answer": "4.5 Billion Years",
            "difficulty": "medium",
            "incorrect_answers": [
                "3.5 Billion Years",
                "2.5 Billion Years",
                "5.5 Billion Years"
            ],
            "question": "About how old is Earth?",
            "type": "multiple"
        },
        {
            "category": "Entertainment: Video Games",
            "correct_answer": "Rockman",
            "difficulty": "easy",
            "incorrect_answers": [
                "Paperman",
                "Scissorsman",
                "Mega Man"
            ],
            "question": "Which of the following names is the &quot;Mega Man&quot; Franchise known as in Japan?",
            "type": "multiple"
        },
        {
            "category": "Entertainment: Cartoon & Animations",
            "correct_answer": "Michelangelo",
            "difficulty": "easy",
            "incorrect_answers": [
                "Leonardo",
                "Donatello",
                "Raphael"
            ],
            "question": "Which Teenage Mutant Ninja Turtle traditionally wears an orange bandana?",
            "type": "multiple"
        },
        {
            "category": "Entertainment: Television",
            "correct_answer": "It&#039;s a Wonderful Life",
            "difficulty": "hard",
            "incorrect_answers": [
                "Message In A Bottle Show",
                "To The Moon Baboon",
                "Ape-Nesia"
            ],
            "question": "In the TV Show &quot;Donkey Kong Country&quot;, which episode did the song &quot;Eddie, Let Me Go Back To My Home&quot; play in?",
            "type": "multiple"
        },
        {
            "category": "Entertainment: Television",
            "correct_answer": "Taking his D&#039;k tahg",
            "difficulty": "medium",
            "incorrect_answers": [
                "Insulting and laughing at him at the dinner table",
                "Reaching over and taking his meal",
                "Punching him and taking his ship station position"
            ],
            "question": "Which of following is rude and dishonorable by Klingon standards?",
            "type": "multiple"
        },
        {
            "category": "Entertainment: Television",
            "correct_answer": "Look into sky and yell loudly in mourning.",
            "difficulty": "medium",
            "incorrect_answers": [
                "Kiss the jagged forehead before burial.",
                "Shoot into space in a torpedo casing.",
                "Split the deceased&#039;s earnings between bloodkin."
            ],
            "question": "In &quot;Star Trek&quot;, what is the Klingon death ritual?",
            "type": "multiple"
        },
        {
            "category": "History",
            "correct_answer": "63 Days",
            "difficulty": "hard",
            "incorrect_answers": [
                "20 Days",
                "55 Days",
                "224 Days"
            ],
            "question": "How long did the Warsaw Uprising during World War II last?",
            "type": "multiple"
        },
        {
            "category": "Entertainment: Music",
            "correct_answer": "Robbie Williams",
            "difficulty": "easy",
            "incorrect_answers": [
                "Justin Timberlake",
                "Harry Styles",
                "Gary Barlow"
            ],
            "question": "Which former boy-band star released hit solo single &quot;Angels&quot; in 1997?",
            "type": "multiple"
        },
        {
            "category": "Entertainment: Video Games",
            "correct_answer": "Shi No Numa",
            "difficulty": "medium",
            "incorrect_answers": [
                "Tranzit",
                "Kino Der Toten",
                "Der Riese"
            ],
            "question": "Which was the first &quot;Call Of Duty: Zombies&quot; map to introduce the &quot;Wunderwaffe DG-2&quot;?",
            "type": "multiple"
        },
        {
            "category": "Entertainment: Video Games",
            "correct_answer": "Max Ammo",
            "difficulty": "medium",
            "incorrect_answers": [
                "A Pack-A-Punched gun",
                "Death Machine",
                "Monkey Bombs"
            ],
            "question": "In &quot;Call Of Duty: Zombies&quot;, what does the game traditionally reward you for completing a boss round?",
            "type": "multiple"
        },
        {
            "category": "Entertainment: Japanese Anime & Manga",
            "correct_answer": "Reiner Braun",
            "difficulty": "easy",
            "incorrect_answers": [
                "Armin Arlelt",
                "Mikasa Ackermann",
                "Eren Jaeger"
            ],
            "question": "Who is the armored titan in &quot;Attack On Titan&quot;?",
            "type": "multiple"
        },
        {
            "category": "Entertainment: Music",
            "correct_answer": "&quot;A rainy Lithuanian / Is dancing as an Indian&quot;",
            "difficulty": "hard",
            "incorrect_answers": [
                "&quot;Fly away on, my zephyr / I feel it more than ever&quot;",
                "&quot;And I liked the dimple in your chin / Your pale blue eyes&quot;",
                "&quot;You used to be so warm and affectionate...but now you&#039;re quick to get into your regret&quot;"
            ],
            "question": "Which lyric is about Red Hot Chili Peppers frontman Anthony Kiedis?",
            "type": "multiple"
        },
        {
            "category": "Geography",
            "correct_answer": "False",
            "difficulty": "easy",
            "incorrect_answers": [
                "True"
            ],
            "question": "New Haven is the capital city of the state of Connecticut in the United States.",
            "type": "boolean"
        },
        {
            "category": "General Knowledge",
            "correct_answer": "Sal Khan",
            "difficulty": "hard",
            "incorrect_answers": [
                "Ben Khan",
                "Kitt Khan",
                "Adel Khan"
            ],
            "question": "Who founded the Khan Academy?",
            "type": "multiple"
        },
        {
            "category": "Entertainment: Video Games",
            "correct_answer": "185",
            "difficulty": "hard",
            "incorrect_answers": [
                "215",
                "195",
                "225"
            ],
            "question": "In &quot;Team Fortress 2&quot;, how much health does a scout have when overhealed?",
            "type": "multiple"
        },
        {
            "category": "History",
            "correct_answer": "USS Hornet",
            "difficulty": "medium",
            "incorrect_answers": [
                "USS Enterprise",
                "USS Lexington",
                "USS Saratoga"
            ],
            "question": "On which aircraft carrier did the Doolitte Raid launch from on April 18, 1942 during World War II?",
            "type": "multiple"
        },
        {
            "category": "Celebrities",
            "correct_answer": "Bing Crosby",
            "difficulty": "medium",
            "incorrect_answers": [
                "Elvis Presley",
                "Charlie Chaplin",
                "Groucho Marx"
            ],
            "question": "Which American celebrity died in 1977 playing golf in La Moraleja, Madrid?",
            "type": "multiple"
        }
    ]
}