{
    "response_code": 0,
    "results": [
        {
            "category": "Entertainment: Film",
            "correct_answer": "23 years, 4 months, and 8 days",
            "difficulty": "medium",
            "incorrect_answers": [
                "15 years, 2 months, and 15 days",
                "10 months and 6 days",
                "26 years, 4 months, and 10 days"
            ],
            "question": "In the film &quot;Interstellar&quot;, how long did they spend on Miller&#039;s planet?",
            "type": "multiple"
        },
        {
            "category": "Entertainment: Video Games",
            "correct_answer": "Delta Squad",
            "difficulty": "hard",
            "incorrect_answers": [
                "The Commandos",
                "Bravo Six",
                "Vader&#039;s Fist"
            ],
            "question": "What is the name of your team in Star Wars: Republic Commando?",
            "type": "multiple"
        },
        {
            "category": "History",
            "correct_answer": "John and Mary",
            "difficulty": "hard",
            "incorrect_answers": [
                "Joseph and Catherine",
                "William and Elizabeth",
                "George and Anne"
            ],
            "question": "In the year 1900, what were the most popular first names given to boy and girl babies born in the United States?",
            "type": "multiple"
        },
        {
            "category": "General Knowledge",
            "correct_answer": "Subscriber",
            "difficulty": "easy",
            "incorrect_answers": [
                "Single",
                "Secure",
                "Solid"
            ],
            "question": "What does the &#039;S&#039; stand for in the abbreviation SIM, as in SIM card? ",
            "type": "multiple"
        },
        {
            "category": "Entertainment: Film",
            "correct_answer": "Gort",
            "difficulty": "medium",
            "incorrect_answers": [
                "Robby",
                "Colossus",
                "Box"
            ],
            "question": "What is the name of the robot in the 1951 science fiction film classic &#039;The Day the Earth Stood Still&#039;?",
            "type": "multiple"
        },
        {
            "category": "Geography",
            "correct_answer": "16",
            "difficulty": "easy",
            "incorrect_answers": [
                "13",
                "32",
                "25"
            ],
            "question": "How many federal states does Germany have?",
            "type": "multiple"
        },
        {
            "category": "Science & Nature",
            "correct_answer": "True",
            "difficulty": "medium",
            "incorrect_answers": [
                "False"
            ],
            "question": "Steel is an alloy of Iron and Carbon.",
            "type": "boolean"
        },
        {
            "category": "Entertainment: Video Games",
            "correct_answer": "Lamar",
            "difficulty": "easy",
            "incorrect_answers": [
                "Trevor",
                "Michael",
                "Franklin"
            ],
            "question": "Which of these is NOT a main playable character in &quot;Grand Theft Auto V&quot;?",
            "type": "multiple"
        },
        {
            "category": "Animals",
            "correct_answer": "False",
            "difficulty": "easy",
            "incorrect_answers": [
                "True"
            ],
            "question": "Kangaroos keep food in their pouches next to their children.",
            "type": "boolean"
        },
        {
            "category": "Vehicles",
            "correct_answer": "Austria",
            "difficulty": "medium",
            "incorrect_answers": [
                "United States",
                "Czechia",
                "South Korea"
            ],
            "question": "Which of the following countries has officially banned the civilian use of dash cams in cars?",
            "type": "multiple"
        },
        {
            "category": "History",
            "correct_answer": "Shamshi-Adad III",
            "difficulty": "medium",
            "incorrect_answers": [
                "Shalmaneser V",
                "Esharhaddon",
                "Ashur-nasir-pal II"
            ],
            "question": "Which of the following Assyrian kings did NOT rule during the Neo-Assyrian Empire?",
            "type": "multiple"
        },
        {
            "category": "Geography",
            "correct_answer": "Mozambique",
            "difficulty": "medium",
            "incorrect_answers": [
                "Botswana",
                "Gabon",
                "Togo"
            ],
            "question": "What African country has Portuguese as its official language?",
            "type": "multiple"
        },
        {
            "category": "Entertainment: Video Games",
            "correct_answer": "True",
            "difficulty": "medium",
            "incorrect_answers": [
                "False"
            ],
            "question": "The Ace Attorney trilogy was suppose to end with &quot;Phoenix Wright: Ace Attorney &minus; Trials and Tribulations&quot; as its final game.",
            "type": "boolean"
        },
        {
            "category": "Entertainment: Video Games",
            "correct_answer": "Ron Jeremy",
            "difficulty": "medium",
            "incorrect_answers": [
                "Sasha Grey",
                "Burt Reynolds",
                "Hulk Hogan"
            ],
            "question": "Which one of the following actors did not voice a character in &quot;Saints Row: The Third&quot;?",
            "type": "multiple"
        },
        {
            "category": "Geography",
            "correct_answer": "The 1936 Olympics",
            "difficulty": "medium",
            "incorrect_answers": [
                "Coronation of Prince Johann I Joseph in 1805",
                "Charles VI&#039;s decree in 1719",
                "Signing of the 1862 Constitution of Liechtenstein"
            ],
            "question": "What event led to Liechenstein adding a crown to its flag?",
            "type": "multiple"
        },
        {
            "category": "Entertainment: Video Games",
            "correct_answer": "True",
            "difficulty": "medium",
            "incorrect_answers": [
                "False"
            ],
            "question": "In &quot;Overwatch,&quot; an allied McCree will say &quot;Step right up&quot; upon using his ultimate ability Deadeye.",
            "type": "boolean"
        },
        {
            "category": "Science & Nature",
            "correct_answer": "Catholic",
            "difficulty": "hard",
            "incorrect_answers": [
                "Christian",
                "Jewish",
                "Islamic"
            ],
            "question": "&quot;The Big Bang Theory&quot; was first theorized by a priest of what religious ideology?",
            "type": "multiple"
        },
        {
            "category": "Entertainment: Music",
            "correct_answer": "Rage Against the Machine",
            "difficulty": "easy",
            "incorrect_answers": [
                "Evil Empire",
                "Bombtrack",
                "The Battle Of Los Angeles"
            ],
            "question": "What was Rage Against the Machine&#039;s debut album?",
            "type": "multiple"
        },
        {
            "category": "Entertainment: Japanese Anime & Manga",
            "correct_answer": "Enrico Pucci",
            "difficulty": "medium",
            "incorrect_answers": [
                "Jotaro Kujo",
                "Jolyne Cujoh",
                "Kujo Jotaro"
            ],
            "question": "In JoJo&#039;s Bizarre Adventure, winch character is able to accelerate time?",
            "type": "multiple"
        },
        {
            "category": "Vehicles",
            "correct_answer": "Ford",
            "difficulty": "medium",
            "incorrect_answers": [
                "Buick",
                "Cadillac",
                "Chevrolet"
            ],
            "question": "Which car brand does NOT belong to General Motors?",
            "type": "multiple"
        },
        {
            "category": "Entertainment: Music",
            "correct_answer": "Shout",
            "difficulty": "easy",
            "incorrect_answers": [
                "Scream",
                "Yell",
                "Shriek"
            ],
            "question": "Which of these is the name of a song by Tears for Fears?",
            "type": "multiple"
        },
        {
            "category": "History",
            "correct_answer": "John Kay",
            "difficulty": "hard",
            "incorrect_answers": [
                "James Hargreaves",
                "Richard Arkwright",
                "John Deere"
            ],
            "question": "Who invented the &quot;Flying Shuttle&quot; in 1738; one of the key developments in the industrialization of weaving?",
            "type": "multiple"
        },
        {
            "category": "Science: Computers",
            "correct_answer": "True",
            "difficulty": "easy",
            "incorrect_answers": [
                "False"
            ],
            "question": "In most programming languages, the operator ++ is equivalent to the statement &quot;+= 1&quot;.",
            "type": "boolean"
        },
        {
            "category": "Entertainment: Video Games",
            "correct_answer": "12",
            "difficulty": "hard",
            "incorrect_answers": [
                "6",
                "36",
                "18"
            ],
            "question": "In Halo 2, how many rounds does the M6C hold in a single magazine?",
            "type": "multiple"
        },
        {
            "category": "Entertainment: Music",
            "correct_answer": "The Cure",
            "difficulty": "easy",
            "incorrect_answers": [
                "The Smiths",
                "Echo &amp; the Bunnymen",
                "New Order"
            ],
            "question": "Which 80s band is fronted by singer/guitarist Robert Smith?",
            "type": "multiple"
        },
        {
            "category": "Entertainment: Japanese Anime & Manga",
            "correct_answer": "True",
            "difficulty": "easy",
            "incorrect_answers": [
                "False"
            ],
            "question": "The name of the attack &quot;Kamehameha&quot; in Dragon Ball Z was named after a famous king of Hawaii.",
            "type": "boolean"
        },
        {
            "category": "Entertainment: Film",
            "correct_answer": "True",
            "difficulty": "medium",
            "incorrect_answers": [
                "False"
            ],
            "question": "Sean Connery wasn&#039;t in &quot;Indiana Jones and the Kingdom of the Crystal Skull&quot; because he found retirement too enjoyable.",
            "type": "boolean"
        },
        {
            "category": "Entertainment: Video Games",
            "correct_answer": "Elortha no Shadra",
            "difficulty": "hard",
            "incorrect_answers": [
                "Bwonsamdi",
                "Hakkar",
                "Shirvallah"
            ],
            "question": "In World of Warcraft lore, which of the following is known as the God of Spiders in the troll&#039;s loa beliefs?",
            "type": "multiple"
        },
        {
            "category": "Entertainment: Video Games",
            "correct_answer": "Metal Gear Solid V",
            "difficulty": "medium",
            "incorrect_answers": [
                "Tom Clancy&#039;s The Division",
                "Killing Floor 2",
                "Hitman"
            ],
            "question": "Which one of these games wasn&#039;t released in 2016?",
            "type": "multiple"
        },
        {
            "category": "Geography",
            "correct_answer": "Grand Banks",
            "difficulty": "hard",
            "incorrect_answers": [
                "Great Barrier Reef",
                "Mariana Trench",
                "Hudson Bay"
            ],
            "question": "What is the name of the formerly rich fishing grounds off the island of Newfoundland, Canada?",
            "type": "multiple"
        },
        {
            "category": "Entertainment: Video Games",
            "correct_answer": "s",
            "difficulty": "hard",
            "incorrect_answers": [
                "n",
                "i",
                "m"
            ],
            "question": "In the title of the game &quot;Luigi&#039;s Mansion&quot;, what is the only letter to not appear with a pair of eyes in it?",
            "type": "multiple"
        },
        {
            "category": "Sports",
            "correct_answer": "US Open",
            "difficulty": "medium",
            "incorrect_answers": [
                "French Open",
                "Wimbledon",
                "Australian Open"
            ],
            "question": "Which of the following Grand Slam tennis tournaments occurs LAST?",
            "type": "multiple"
        },
        {
            "category": "Vehicles",
            "correct_answer": "Pirelli",
            "difficulty": "easy",
            "incorrect_answers": [
                "Goodyear",
                "Bridgestone",
                "Michelin"
            ],
            "question": "Which car tire manufacturer is famous for its &quot;P Zero&quot; line?",
            "type": "multiple"
        },
        {
            "category": "General Knowledge",
            "correct_answer": "True",
            "difficulty": "medium",
            "incorrect_answers": [
                "False"
            ],
            "question": "Fast food restaurant chains Carl&#039;s Jr. and Hardee&#039;s are owned by the same company.",
            "type": "boolean"
        },
        {
            "category": "Entertainment: Video Games",
            "correct_answer": "False",
            "difficulty": "easy",
            "incorrect_answers": [
                "True"
            ],
            "question": "The Konami Code is known as Up, Up, Down, Down, Left, Right, Right, Left, B, A, Start.",
            "type": "boolean"
        },
        {
            "category": "Entertainment: Music",
            "correct_answer": "False",
            "difficulty": "medium",
            "incorrect_answers": [
                "True"
            ],
            "question": "Pink Guy&#039;s debut album was &quot;Pink Season&quot;.",
            "type": "boolean"
        },
        {
            "category": "History",
            "correct_answer": "Andrew Jackson",
            "difficulty": "easy",
            "incorrect_answers": [
                "Harry S. Truman",
                "Martin Van Buren",
                "John Quincy Adams"
            ],
            "question": "The &quot;Trail of Tears&quot; was a result of which United States President&#039;s Indian Removal Policy?",
            "type": "multiple"
        },
        {
            "category": "Entertainment: Video Games",
            "correct_answer": "John O&#039;Groats",
            "difficulty": "medium",
            "incorrect_answers": [
                "Brawl",
                "Kearvaig",
                "Talmine"
            ],
            "question": "Which town was Seamus &quot;Sledge&quot; Cowden from &quot;Tom Clancy&#039;s Rainbow Six Siege&quot; born in?",
            "type": "multiple"
        },
        {
            "category": "Entertainment: Video Games",
            "correct_answer": "Nobunaga",
            "difficulty": "medium",
            "incorrect_answers": [
                "The Player",
                "Oichi",
                "Hideyoshi"
            ],
            "question": "In the game Pok&eacute;mon Conquest, which warlord is able to bond with Zekrom and a shiny Rayquazza?",
            "type": "multiple"
        },
        {
            "category": "Geography",
            "correct_answer": "S&atilde;o Paulo",
            "difficulty": "medium",
            "incorrect_answers": [
                "New York",
                "Mexico City",
                "Los Angeles"
            ],
            "question": "What was the most populous city in the Americas in 2015?",
            "type": "multiple"
        },
        {
            "category": "General Knowledge",
            "correct_answer": "Paper",
            "difficulty": "hard",
            "incorrect_answers": [
                "Phones",
                "Computers",
                "Processors"
            ],
            "question": "Which product did Nokia, the telecommunications company, originally sell?",
            "type": "multiple"
        },
        {
            "category": "Entertainment: Music",
            "correct_answer": "Steve Reich",
            "difficulty": "hard",
            "incorrect_answers": [
                "Wolfgang Amadeus Mozart",
                "Brian Eno",
                "Sigur R&oacute;s"
            ],
            "question": "Who is a pioneer of &quot;Minimal Music&quot; in 1960s?",
            "type": "multiple"
        },
        {
            "category": "Politics",
            "correct_answer": "False",
            "difficulty": "hard",
            "incorrect_answers": [
                "True"
            ],
            "question": "George Clinton, Vice President of the United States (1805-1812), is an ancestor of President Bill Clinton.",
            "type": "boolean"
        },
        {
            "category": "Entertainment: Music",
            "correct_answer": "True",
            "difficulty": "medium",
            "incorrect_answers": [
                "False"
            ],
            "question": "Nick Mason is the only member to appear on every Pink Floyd album.",
            "type": "boolean"
        },
        {
            "category": "Entertainment: Japanese Anime & Manga",
            "correct_answer": "Bertolt Hoover",
            "difficulty": "easy",
            "incorrect_answers": [
                "Reiner",
                "Eren",
                "Sasha"
            ],
            "question": "Who is the colossal titan in &quot;Attack On Titan&quot;?",
            "type": "multiple"
        },
        {
            "category": "Science & Nature",
            "correct_answer": "Esteem",
            "difficulty": "medium",
            "incorrect_answers": [
                "Love",
                "Safety",
                "Physiological"
            ],
            "question": "In Psychology, which need appears highest in the &quot;Maslow&#039;s hierarchy of needs&quot; pyramid?",
            "type": "multiple"
        },
        {
            "category": "Entertainment: Japanese Anime & Manga",
            "correct_answer": "Sacred Gear",
            "difficulty": "medium",
            "incorrect_answers": [
                "Imperial Arm",
                "Hallowed Relic",
                "Blessed Artifact"
            ],
            "question": "In &quot;Highschool DxD&quot;, what is the name of the item some humans are born with?",
            "type": "multiple"
        },
        {
            "category": "Entertainment: Video Games",
            "correct_answer": "Arcane + Shield",
            "difficulty": "hard",
            "incorrect_answers": [
                "Lightning + Shield",
                "Lightning + Life",
                "Arcane + Life"
            ],
            "question": "In &quot;Magicka&quot;, which two elements are combined to cast the spell, &quot;Nullify&quot;?",
            "type": "multiple"
        },
        {
            "category": "General Knowledge",
            "correct_answer": "False",
            "difficulty": "easy",
            "incorrect_answers": [
                "True"
            ],
            "question": "Dihydrogen Monoxide was banned due to health risks after being discovered in 1983 inside swimming pools and drinking water.",
            "type": "boolean"
        },
        {
            "category": "Geography",
            "correct_answer": "Africa",
            "difficulty": "medium",
            "incorrect_answers": [
                "Asia",
                "South America",
                "Europe"
            ],
            "question": "What continent is the country Lesotho in?",
            "type": "multiple"
        }
    ]
}