{
    "response_code": 0,
    "results": [
        {
            "category": "Science & Nature",
            "correct_answer": "False",
            "difficulty": "easy",
            "incorrect_answers": [
                "True"
            ],
            "question": "Igneous rocks are formed by excessive heat and pressure.",
            "type": "boolean"
        },
        {
            "category": "Entertainment: Cartoon & Animations",
            "correct_answer": "True",
            "difficulty": "easy",
            "incorrect_answers": [
                "False"
            ],
            "question": "In the &quot;Shrek&quot; film franchise, Donkey is played by Eddie Murphy.",
            "type": "boolean"
        },
        {
            "category": "Entertainment: Music",
            "correct_answer": "Mr. Rogers",
            "difficulty": "medium",
            "incorrect_answers": [
                "Batman",
                "Chuck Norris",
                "Godzilla"
            ],
            "question": "In the song &ldquo;The Ultimate Showdown of Ultimate Destiny,&rdquo; who is the only one to survive the battle?",
            "type": "multiple"
        },
        {
            "category": "Entertainment: Board Games",
            "correct_answer": "40",
            "difficulty": "easy",
            "incorrect_answers": [
                "28",
                "55",
                "36"
            ],
            "question": "How many spaces are there on a standard Monopoly board?",
            "type": "multiple"
        },
        {
            "category": "Geography",
            "correct_answer": "False",
            "difficulty": "easy",
            "incorrect_answers": [
                "True"
            ],
            "question": "Greenland is almost as big as Africa.",
            "type": "boolean"
        },
        {
            "category": "Entertainment: Film",
            "correct_answer": "False",
            "difficulty": "easy",
            "incorrect_answers": [
                "True"
            ],
            "question": "Leonardo DiCaprio won an Oscar for Best Actor in 2004&#039;s &quot;The Aviator&quot;.",
            "type": "boolean"
        },
        {
            "category": "Entertainment: Film",
            "correct_answer": "Scarface",
            "difficulty": "easy",
            "incorrect_answers": [
                "Reservoir Dogs",
                "Heat",
                "Goodfellas"
            ],
            "question": "Which movie contains the quote, &quot;Say hello to my little friend!&quot;?",
            "type": "multiple"
        },
        {
            "category": "Politics",
            "correct_answer": "Andrew Jackson",
            "difficulty": "medium",
            "incorrect_answers": [
                "Ronald Reagan",
                "John F. Kennedy",
                "Franklin Roosevelt"
            ],
            "question": "Which president erased the national debt of the United States?",
            "type": "multiple"
        },
        {
            "category": "History",
            "correct_answer": "Saigon",
            "difficulty": "medium",
            "incorrect_answers": [
                "Ho Chi Minh City",
                "Hanoi",
                "Hue"
            ],
            "question": "What was the capital of South Vietnam before the Vietnam War?",
            "type": "multiple"
        },
        {
            "category": "Celebrities",
            "correct_answer": "The Nostalgia Critic",
            "difficulty": "medium",
            "incorrect_answers": [
                "The Angry Video Game Nerd",
                "AngryJoeShow",
                "The Cinema Snob"
            ],
            "question": "What is Doug Walker&#039;s YouTube name?",
            "type": "multiple"
        },
        {
            "category": "General Knowledge",
            "correct_answer": "Rusty Nail",
            "difficulty": "medium",
            "incorrect_answers": [
                "Screwdriver",
                "Sex on the Beach",
                "Manhattan"
            ],
            "question": "Scotch whisky and Drambuie make up which cocktail?",
            "type": "multiple"
        },
        {
            "category": "Entertainment: Music",
            "correct_answer": "Eleanor Rigby",
            "difficulty": "medium",
            "incorrect_answers": [
                "Loretta Martin",
                "Molly Jones",
                "Lady Madonna"
            ],
            "question": "According to a Beatles song, who kept her face in a jar by the door?",
            "type": "multiple"
        },
        {
            "category": "Entertainment: Books",
            "correct_answer": "Lincoln Island",
            "difficulty": "medium",
            "incorrect_answers": [
                "Vulcania Island",
                "Prometheus Island",
                "Neptune Island"
            ],
            "question": "What was the name of the Mysterious Island, in Jules Verne&#039;s &quot;The Mysterious Island&quot;?",
            "type": "multiple"
        },
        {
            "category": "Entertainment: Video Games",
            "correct_answer": "1991",
            "difficulty": "medium",
            "incorrect_answers": [
                "1989",
                "1993",
                "1995"
            ],
            "question": "In what year was the original Sonic the Hedgehog game released?",
            "type": "multiple"
        },
        {
            "category": "Entertainment: Music",
            "correct_answer": "True",
            "difficulty": "medium",
            "incorrect_answers": [
                "False"
            ],
            "question": "Norwegian producer Kygo released a remix of the song &quot;Sexual Healing&quot; by Marvin Gaye.",
            "type": "boolean"
        },
        {
            "category": "Geography",
            "correct_answer": "Urutora",
            "difficulty": "medium",
            "incorrect_answers": [
                "Rungata",
                "London",
                "Washington"
            ],
            "question": "All of the following are towns/villages in the Pacific Island nation of Kiribati EXCEPT:",
            "type": "multiple"
        },
        {
            "category": "Geography",
            "correct_answer": "True",
            "difficulty": "easy",
            "incorrect_answers": [
                "False"
            ],
            "question": "Alaska is the largest state in the United States.",
            "type": "boolean"
        },
        {
            "category": "Entertainment: Music",
            "correct_answer": "The Chemical Brothers",
            "difficulty": "medium",
            "incorrect_answers": [
                "Air",
                "Justice",
                "Daft Punk"
            ],
            "question": "Which of these artists do NOT originate from France?",
            "type": "multiple"
        },
        {
            "category": "General Knowledge",
            "correct_answer": "Ducati",
            "difficulty": "medium",
            "incorrect_answers": [
                "Nissan",
                "GMC",
                "Fiat"
            ],
            "question": "Which of these companies does NOT manufacture automobiles?",
            "type": "multiple"
        },
        {
            "category": "Entertainment: Film",
            "correct_answer": "A galloping horse",
            "difficulty": "hard",
            "incorrect_answers": [
                "A woman in a dress",
                "A man walking",
                "A crackling fire"
            ],
            "question": "What did the first moving picture depict?",
            "type": "multiple"
        },
        {
            "category": "Entertainment: Books",
            "correct_answer": "7",
            "difficulty": "easy",
            "incorrect_answers": [
                "8",
                "5",
                "6"
            ],
            "question": "How many Harry Potter books are there?",
            "type": "multiple"
        },
        {
            "category": "Entertainment: Video Games",
            "correct_answer": "Worms 4: Mayhem",
            "difficulty": "medium",
            "incorrect_answers": [
                "Worms W.M.D",
                "Worms Reloaded",
                "Worms: Open Warfare 2"
            ],
            "question": "Which of these &quot;Worms&quot; games featured 3D gameplay?",
            "type": "multiple"
        },
        {
            "category": "Entertainment: Music",
            "correct_answer": "No Love Deep Web",
            "difficulty": "hard",
            "incorrect_answers": [
                "Bottomless Pit",
                "The Money Store",
                "The Powers That B"
            ],
            "question": "Which Death Grips album is the only one to feature a band member?",
            "type": "multiple"
        },
        {
            "category": "General Knowledge",
            "correct_answer": "Burro",
            "difficulty": "easy",
            "incorrect_answers": [
                "Caballo",
                "Toro",
                "Perro"
            ],
            "question": "What is the Spanish word for &quot;donkey&quot;?",
            "type": "multiple"
        },
        {
            "category": "General Knowledge",
            "correct_answer": "Simjang",
            "difficulty": "hard",
            "incorrect_answers": [
                "Aejeong",
                "Jeongsin",
                "Segseu"
            ],
            "question": "What is the romanized Korean word for &quot;heart&quot;?",
            "type": "multiple"
        },
        {
            "category": "General Knowledge",
            "correct_answer": "Qamar",
            "difficulty": "hard",
            "incorrect_answers": [
                "Najma",
                "Kawkab",
                "Shams"
            ],
            "question": "What is the romanized Arabic word for &quot;moon&quot;?",
            "type": "multiple"
        },
        {
            "category": "Entertainment: Music",
            "correct_answer": "Korean",
            "difficulty": "easy",
            "incorrect_answers": [
                "Kenyan",
                "Kazakhstan",
                "Kuwaiti"
            ],
            "question": "The &quot;K&quot; in &quot;K-Pop&quot; stands for which word?",
            "type": "multiple"
        },
        {
            "category": "Entertainment: Video Games",
            "correct_answer": "Sour Appletini",
            "difficulty": "hard",
            "incorrect_answers": [
                "Fringe Weaver",
                "Piano Man",
                "Bad Touch"
            ],
            "question": "Which of these is NOT a possible drink to be made in the game &quot;VA-11 HALL-A: Cyberpunk Bartender Action&quot;?",
            "type": "multiple"
        },
        {
            "category": "Entertainment: Video Games",
            "correct_answer": "Shoot &#039;Em Up",
            "difficulty": "medium",
            "incorrect_answers": [
                "Point &amp; Click",
                "MMORPG",
                "Simulation"
            ],
            "question": "What type of genre is the controversial 2015 game &quot;Hatred&quot;?",
            "type": "multiple"
        },
        {
            "category": "Entertainment: Japanese Anime & Manga",
            "correct_answer": "Yukine",
            "difficulty": "easy",
            "incorrect_answers": [
                "Karuha",
                "Mineha",
                "Mayu"
            ],
            "question": "In the anime Noragami who is one of the main protagonists?",
            "type": "multiple"
        },
        {
            "category": "Science: Computers",
            "correct_answer": "?:",
            "difficulty": "medium",
            "incorrect_answers": [
                "??",
                "if then",
                "?"
            ],
            "question": "In programming, the ternary operator is mostly defined with what symbol(s)?",
            "type": "multiple"
        },
        {
            "category": "Entertainment: Video Games",
            "correct_answer": "Hell Knight",
            "difficulty": "medium",
            "incorrect_answers": [
                "Mancubus",
                "Pinky",
                "Arch-Vile"
            ],
            "question": "In the original DOOM games, which of the following demons is a recolor of the Baron of Hell, but is weaker than the Baron?",
            "type": "multiple"
        },
        {
            "category": "Entertainment: Video Games",
            "correct_answer": "2004",
            "difficulty": "medium",
            "incorrect_answers": [
                "2007",
                "2008",
                "2006"
            ],
            "question": "The first version of Blockland came out in which year?",
            "type": "multiple"
        },
        {
            "category": "Science: Computers",
            "correct_answer": "10 Gb/s",
            "difficulty": "medium",
            "incorrect_answers": [
                "5 Gb/s",
                "8 Gb/s",
                "1 Gb/s"
            ],
            "question": "How fast is USB 3.1 Gen 2 theoretically?",
            "type": "multiple"
        },
        {
            "category": "Entertainment: Television",
            "correct_answer": "Dixon",
            "difficulty": "medium",
            "incorrect_answers": [
                "Grimes",
                "Dickinson",
                "Dicketson"
            ],
            "question": "What is the surname of the character Daryl in AMC&#039;s show The Walking Dead?",
            "type": "multiple"
        },
        {
            "category": "Entertainment: Music",
            "correct_answer": "Grammys",
            "difficulty": "medium",
            "incorrect_answers": [
                "Too Good",
                "Faithful",
                "Pop Style"
            ],
            "question": "Which song in Drake&#039;s &quot;Views&quot; features Future?",
            "type": "multiple"
        },
        {
            "category": "Sports",
            "correct_answer": "4",
            "difficulty": "easy",
            "incorrect_answers": [
                "1",
                "2",
                "3"
            ],
            "question": "In Baseball, how many times does the ball have to be pitched outside of the strike zone before the batter is walked?",
            "type": "multiple"
        },
        {
            "category": "Geography",
            "correct_answer": "Gda\u0144sk",
            "difficulty": "easy",
            "incorrect_answers": [
                "Warsaw",
                "Zakopane",
                "Pozna\u0144"
            ],
            "question": "What is the Polish city known to Germans as Danzig?",
            "type": "multiple"
        },
        {
            "category": "Entertainment: Music",
            "correct_answer": "Cleopatra",
            "difficulty": "easy",
            "incorrect_answers": [
                "Winter",
                "The Lumineers",
                "Tracks From The Attic"
            ],
            "question": "What album did The Lumineers release in 2016?",
            "type": "multiple"
        },
        {
            "category": "History",
            "correct_answer": "753 BCE",
            "difficulty": "hard",
            "incorrect_answers": [
                "902 BCE",
                "524 BCE",
                "697 BCE"
            ],
            "question": "When was the city of Rome, Italy founded?",
            "type": "multiple"
        },
        {
            "category": "Entertainment: Video Games",
            "correct_answer": "61",
            "difficulty": "medium",
            "incorrect_answers": [
                "59",
                "65",
                "62"
            ],
            "question": "In Overwatch, how old is Reinhardt Wilhelm?",
            "type": "multiple"
        },
        {
            "category": "Politics",
            "correct_answer": "True",
            "difficulty": "hard",
            "incorrect_answers": [
                "False"
            ],
            "question": "Nazi Germany surrendered on Harry Truman&#039;s birthday while he was president.",
            "type": "boolean"
        },
        {
            "category": "General Knowledge",
            "correct_answer": "28%",
            "difficulty": "hard",
            "incorrect_answers": [
                "13%",
                "20%",
                "7%"
            ],
            "question": "According to the 2014-2015 Australian Bureau of Statistics, what percentage of Australians were born overseas?",
            "type": "multiple"
        },
        {
            "category": "Entertainment: Video Games",
            "correct_answer": "Casey Mongillo",
            "difficulty": "medium",
            "incorrect_answers": [
                "Tara Strong",
                "Troy Baker",
                "Rob Wiethoff"
            ],
            "question": "Who voices the character &quot;Vernon Cherry&quot; in &quot;Red Dead Redemption&quot;?",
            "type": "multiple"
        },
        {
            "category": "Entertainment: Music",
            "correct_answer": "Jones",
            "difficulty": "medium",
            "incorrect_answers": [
                "Johnson",
                "Edwards",
                "Carter"
            ],
            "question": "What was David Bowie&#039;s real surname?",
            "type": "multiple"
        },
        {
            "category": "Entertainment: Video Games",
            "correct_answer": "Monkeys",
            "difficulty": "medium",
            "incorrect_answers": [
                "Alligators",
                "Pigeons",
                "Lizards"
            ],
            "question": "What animal is featured in &quot;Bloons TD Battles&quot;?",
            "type": "multiple"
        },
        {
            "category": "Entertainment: Video Games",
            "correct_answer": "Sarah",
            "difficulty": "medium",
            "incorrect_answers": [
                "Ellie",
                "Tess",
                "Marlene"
            ],
            "question": "What is the name of Joel&#039;s daughter in the game, &quot;The Last of Us&quot;? ",
            "type": "multiple"
        },
        {
            "category": "Entertainment: Music",
            "correct_answer": "2013",
            "difficulty": "medium",
            "incorrect_answers": [
                "2011",
                "2014",
                "2009"
            ],
            "question": "When was the 3rd album &quot;Notes from the Underground&quot; of the band &quot;Hollywood Undead&quot; released?",
            "type": "multiple"
        },
        {
            "category": "Entertainment: Film",
            "correct_answer": "Dysentery",
            "difficulty": "easy",
            "incorrect_answers": [
                "Anemia",
                "Constipation",
                "Acid Reflux "
            ],
            "question": "For the film &quot;Raiders of The Lost Ark&quot;, what was Harrison Ford sick with during the filming of the Cairo chase?",
            "type": "multiple"
        },
        {
            "category": "Celebrities",
            "correct_answer": "Martin Sheen",
            "difficulty": "easy",
            "incorrect_answers": [
                "Charlie Sheen",
                "Ramon Sheen",
                "Emilio Estevez"
            ],
            "question": "By which name is Ramon Estevez better known as?",
            "type": "multiple"
        }
    ]
}