{
    "response_code": 0,
    "results": [
        {
            "category": "General Knowledge",
            "correct_answer": "Hats",
            "difficulty": "medium",
            "incorrect_answers": [
                "Shoes",
                "Belts",
                "Shirts"
            ],
            "question": "What does a milliner make and sell?",
            "type": "multiple"
        },
        {
            "category": "Science: Mathematics",
            "correct_answer": "1001",
            "difficulty": "easy",
            "incorrect_answers": [
                "1000",
                "1110",
                "1010"
            ],
            "question": "How is the number 9 represented as a binary number?",
            "type": "multiple"
        },
        {
            "category": "Science & Nature",
            "correct_answer": "Femur",
            "difficulty": "easy",
            "incorrect_answers": [
                "Cranium",
                "Humerus",
                "Tibia"
            ],
            "question": "Which of these bones is hardest to break?",
            "type": "multiple"
        },
        {
            "category": "Animals",
            "correct_answer": "Cheetah",
            "difficulty": "easy",
            "incorrect_answers": [
                "Lion",
                "Thomson&rsquo;s Gazelle",
                "Pronghorn Antelope"
            ],
            "question": "What is the fastest  land animal?",
            "type": "multiple"
        },
        {
            "category": "Entertainment: Cartoon & Animations",
            "correct_answer": "Ursula",
            "difficulty": "easy",
            "incorrect_answers": [
                "Madam Mim",
                "Maleficent",
                "Lady Tremaine"
            ],
            "question": "What was the name of the sea witch in the 1989 Disney film &quot;The Little Mermaid&quot;?",
            "type": "multiple"
        },
        {
            "category": "Entertainment: Video Games",
            "correct_answer": "Spasim",
            "difficulty": "medium",
            "incorrect_answers": [
                "Doom",
                "Wolfenstein",
                "Quake"
            ],
            "question": "Which of these games was the earliest known first-person shooter with a known time of publication?",
            "type": "multiple"
        },
        {
            "category": "History",
            "correct_answer": "Catherine of Aragon",
            "difficulty": "medium",
            "incorrect_answers": [
                "Anne Boleyn",
                "Jane Seymour",
                "Catherine Parr"
            ],
            "question": "Which of his six wives was Henry VIII married to the longest?",
            "type": "multiple"
        },
        {
            "category": "Entertainment: Video Games",
            "correct_answer": "Unreal",
            "difficulty": "easy",
            "incorrect_answers": [
                "Unity",
                "Game Maker: Studio",
                "Cry Engine"
            ],
            "question": "Which of these video game engines was made by the company Epic Games?",
            "type": "multiple"
        },
        {
            "category": "Geography",
            "correct_answer": "Lesotho",
            "difficulty": "hard",
            "incorrect_answers": [
                "Swaziland",
                "Botswana",
                "Zimbabwe"
            ],
            "question": "Which country is completely landlocked by South Africa?",
            "type": "multiple"
        },
        {
            "category": "History",
            "correct_answer": "Sumerian",
            "difficulty": "medium",
            "incorrect_answers": [
                "Maltese",
                "Akkadian",
                "Mandaic"
            ],
            "question": "Which of the following is NOT classified as a Semetic language?",
            "type": "multiple"
        },
        {
            "category": "Science & Nature",
            "correct_answer": "True",
            "difficulty": "medium",
            "incorrect_answers": [
                "False"
            ],
            "question": "Shrimp can swim backwards.",
            "type": "boolean"
        },
        {
            "category": "Entertainment: Video Games",
            "correct_answer": "James McCaffrey",
            "difficulty": "medium",
            "incorrect_answers": [
                "Sam Lake",
                "Troy Baker",
                "Hideo Kojima"
            ],
            "question": "Who voices Max Payne in the 2001 game &quot;Max Payne&quot;?",
            "type": "multiple"
        },
        {
            "category": "Sports",
            "correct_answer": "Japan",
            "difficulty": "easy",
            "incorrect_answers": [
                "China",
                "Australia",
                "Germany"
            ],
            "question": "Which country will host the 2020 Summer Olympics?",
            "type": "multiple"
        },
        {
            "category": "Science & Nature",
            "correct_answer": "Vulpes Vulpes",
            "difficulty": "hard",
            "incorrect_answers": [
                "Vulpes Redus",
                "Red Fox",
                "Vulpes Vulpie"
            ],
            "question": "What is the scientific name of the red fox?",
            "type": "multiple"
        },
        {
            "category": "Entertainment: Music",
            "correct_answer": "Limitless Fury",
            "difficulty": "hard",
            "incorrect_answers": [
                "Let The Sparks Fly",
                "Down",
                "Give Up The Ghost"
            ],
            "question": "Which of the following is NOT a real song from the band Thousand Foot Krutch?",
            "type": "multiple"
        },
        {
            "category": "Entertainment: Video Games",
            "correct_answer": "Boomerang ",
            "difficulty": "medium",
            "incorrect_answers": [
                "Spear",
                "Slingshot",
                "Crossbow"
            ],
            "question": "In the beta version of the 1986 game &quot;The Legend of Zelda&quot;, players have the choice between a sword and what other item?",
            "type": "multiple"
        },
        {
            "category": "Entertainment: Video Games",
            "correct_answer": "Casserole",
            "difficulty": "easy",
            "incorrect_answers": [
                "Sub Sandwich",
                "Chicken Soup",
                "Pepperoni Pizza"
            ],
            "question": "Gordon Freeman is said to have burnt and destroyed what food in the break room microwave?",
            "type": "multiple"
        },
        {
            "category": "Entertainment: Video Games",
            "correct_answer": "Sonic the Hedgehog",
            "difficulty": "easy",
            "incorrect_answers": [
                "Dynamite Headdy",
                "Alex Kidd",
                "Opa-Opa"
            ],
            "question": "Which of these characters is the mascot of the video game company SEGA?",
            "type": "multiple"
        },
        {
            "category": "Entertainment: Video Games",
            "correct_answer": "Willie Wombat",
            "difficulty": "easy",
            "incorrect_answers": [
                "Coco Bandicoot",
                "Marvelous Mole",
                "Wally Wombat"
            ],
            "question": "What was the original name of Crash Bandicoot?",
            "type": "multiple"
        },
        {
            "category": "Entertainment: Music",
            "correct_answer": "Karen Smith",
            "difficulty": "easy",
            "incorrect_answers": [
                "Gretchen Weiners",
                "Janice Ian",
                "Cady Heron"
            ],
            "question": "In Mean Girls, who has breasts that tell when it&#039;s raining?",
            "type": "multiple"
        },
        {
            "category": "Entertainment: Video Games",
            "correct_answer": "Shoot &#039;em up",
            "difficulty": "easy",
            "incorrect_answers": [
                "Strategy",
                "FPS",
                "Casual"
            ],
            "question": "The Touhou Project series of games is often associated with which genre?",
            "type": "multiple"
        },
        {
            "category": "Entertainment: Music",
            "correct_answer": "Safety Dance",
            "difficulty": "easy",
            "incorrect_answers": [
                "Down Under",
                "Who Can It Be Now?",
                "It&#039;s a Mistake"
            ],
            "question": "Which one of these songs did the group &quot;Men At Work&quot; NOT make?",
            "type": "multiple"
        },
        {
            "category": "Geography",
            "correct_answer": "Austria",
            "difficulty": "hard",
            "incorrect_answers": [
                "Germany",
                "Switzerland",
                "Czech Republic"
            ],
            "question": "Fucking is a village in which country?",
            "type": "multiple"
        },
        {
            "category": "Entertainment: Japanese Anime & Manga",
            "correct_answer": "Elizabeth Midford",
            "difficulty": "easy",
            "incorrect_answers": [
                "Rachel Phantomhive",
                "Alexis Leon Midford",
                "Angelina Dalles"
            ],
            "question": "In the anime Black Butler, who is betrothed to be married to Ciel Phantomhive?",
            "type": "multiple"
        },
        {
            "category": "Science: Computers",
            "correct_answer": "&lt;marquee&gt;&lt;/marquee&gt;",
            "difficulty": "medium",
            "incorrect_answers": [
                "&lt;scroll&gt;&lt;/scroll&gt;",
                "&lt;move&gt;&lt;/move&gt;",
                "&lt;slide&gt;&lt;/slide&gt;"
            ],
            "question": "In HTML, which non-standard tag used to be be used to make elements scroll across the viewport?",
            "type": "multiple"
        },
        {
            "category": "Entertainment: Music",
            "correct_answer": "Daft Punk",
            "difficulty": "easy",
            "incorrect_answers": [
                "deadmau5",
                "Disclosure",
                "DJ Shadow"
            ],
            "question": "The 2016 song &quot;Starboy&quot; by Canadian singer The Weeknd features which prominent electronic artist?",
            "type": "multiple"
        },
        {
            "category": "General Knowledge",
            "correct_answer": "David Childs",
            "difficulty": "medium",
            "incorrect_answers": [
                "Bjarke Ingels",
                "Michael Arad",
                "Fumihiko Maki"
            ],
            "question": "The new One World Trade Center in Manhattan, New York City was designed by which architect? ",
            "type": "multiple"
        },
        {
            "category": "Entertainment: Television",
            "correct_answer": "Lordgenome",
            "difficulty": "easy",
            "incorrect_answers": [
                "Kingloname",
                "Lord Genome",
                "King Loname"
            ],
            "question": "In the show &quot;Tengen Toppa Gurren Lagann&quot; what is the name of the character who force everyone to live underground?",
            "type": "multiple"
        },
        {
            "category": "Science: Computers",
            "correct_answer": "True",
            "difficulty": "easy",
            "incorrect_answers": [
                "False"
            ],
            "question": "The Windows ME operating system was released in the year 2000.",
            "type": "boolean"
        },
        {
            "category": "Politics",
            "correct_answer": "True",
            "difficulty": "hard",
            "incorrect_answers": [
                "False"
            ],
            "question": "Joko Widodo has appeared in the cover of a TIME magazine.",
            "type": "boolean"
        },
        {
            "category": "Entertainment: Music",
            "correct_answer": "1963",
            "difficulty": "medium",
            "incorrect_answers": [
                "1970",
                "1960",
                "1969"
            ],
            "question": "When did The Beatles release the LP &quot;Please Please Me&quot;?",
            "type": "multiple"
        },
        {
            "category": "Geography",
            "correct_answer": "Albany",
            "difficulty": "easy",
            "incorrect_answers": [
                "Buffalo",
                "New York",
                "Rochester"
            ],
            "question": "What is the capital of the US State of New York?",
            "type": "multiple"
        },
        {
            "category": "Geography",
            "correct_answer": "True",
            "difficulty": "medium",
            "incorrect_answers": [
                "False"
            ],
            "question": "Liechtenstein does not have an airport.",
            "type": "boolean"
        },
        {
            "category": "Science & Nature",
            "correct_answer": "False",
            "difficulty": "easy",
            "incorrect_answers": [
                "True"
            ],
            "question": "An Astronomical Unit is the distance between Earth and the Moon.",
            "type": "boolean"
        },
        {
            "category": "Geography",
            "correct_answer": "4",
            "difficulty": "easy",
            "incorrect_answers": [
                "5",
                "2",
                "0"
            ],
            "question": "How many stars are featured on New Zealand&#039;s flag?",
            "type": "multiple"
        },
        {
            "category": "Entertainment: Video Games",
            "correct_answer": "True",
            "difficulty": "easy",
            "incorrect_answers": [
                "False"
            ],
            "question": "In Pok&eacute;mon, Bulbasaur is the only starter pokemon that is a Grass/Poison type.",
            "type": "boolean"
        },
        {
            "category": "Geography",
            "correct_answer": "Victoria",
            "difficulty": "medium",
            "incorrect_answers": [
                "Luanda",
                "N&#039;Djamena",
                "Tripoli"
            ],
            "question": "What is the capital of Seychelles?",
            "type": "multiple"
        },
        {
            "category": "Entertainment: Video Games",
            "correct_answer": "Pig",
            "difficulty": "hard",
            "incorrect_answers": [
                "Zombie",
                "Chicken",
                "Cow"
            ],
            "question": "The creeper in Minecraft was the result of a bug while implementing which creature?",
            "type": "multiple"
        },
        {
            "category": "Entertainment: Music",
            "correct_answer": "Mike Posner",
            "difficulty": "easy",
            "incorrect_answers": [
                "Avicii",
                "Robbie Williams",
                "Harry Styles"
            ],
            "question": "Who performed &quot;I Took A Pill In Ibiza&quot;?",
            "type": "multiple"
        },
        {
            "category": "History",
            "correct_answer": "False",
            "difficulty": "medium",
            "incorrect_answers": [
                "True"
            ],
            "question": "Adolf Hitler was accepted into the Vienna Academy of Fine Arts.",
            "type": "boolean"
        },
        {
            "category": "Politics",
            "correct_answer": "The Prince",
            "difficulty": "hard",
            "incorrect_answers": [
                "The Rape of Lucrece",
                "Will to Power",
                "Love&#039;s Labours Lost"
            ],
            "question": "What is the name of Niccol&ograve; Machiavelli&#039;s work that argued effective leaders needed to crush their opponents at all costs?",
            "type": "multiple"
        },
        {
            "category": "Entertainment: Music",
            "correct_answer": "Birmingham",
            "difficulty": "hard",
            "incorrect_answers": [
                "Manchester",
                "London",
                "Newcastle-Upon-Tyne"
            ],
            "question": "The heavy metal band Black Sabbath hail from which English city?",
            "type": "multiple"
        },
        {
            "category": "Entertainment: Video Games",
            "correct_answer": "1994",
            "difficulty": "medium",
            "incorrect_answers": [
                "1995",
                "2000",
                "1998"
            ],
            "question": "When was &quot;System Shock&quot; released?",
            "type": "multiple"
        },
        {
            "category": "Politics",
            "correct_answer": "3",
            "difficulty": "medium",
            "incorrect_answers": [
                "1",
                "2",
                "0"
            ],
            "question": "In United States history, how many vice presidents did Franklin D. Roosevelt have during his time in office as president?",
            "type": "multiple"
        },
        {
            "category": "Entertainment: Video Games",
            "correct_answer": "4",
            "difficulty": "medium",
            "incorrect_answers": [
                "7",
                "5",
                "3"
            ],
            "question": "In the &quot;Call Of Duty: Zombies&quot; map &quot;Origins&quot;, how many steps are there to upgrade a Staff?",
            "type": "multiple"
        },
        {
            "category": "Entertainment: Japanese Anime & Manga",
            "correct_answer": "True",
            "difficulty": "medium",
            "incorrect_answers": [
                "False"
            ],
            "question": "In &quot;To Love-Ru: Darkness&quot;, Yami reveals her real name is Eve.",
            "type": "boolean"
        },
        {
            "category": "Geography",
            "correct_answer": "Hamilton",
            "difficulty": "hard",
            "incorrect_answers": [
                "Santo Dominigo",
                "San Juan",
                "Havana"
            ],
            "question": "What is the capital city of Bermuda?",
            "type": "multiple"
        },
        {
            "category": "Entertainment: Television",
            "correct_answer": "Christopher Eccleston",
            "difficulty": "hard",
            "incorrect_answers": [
                "David Tennant",
                "Matt Smith",
                "Tom Baker"
            ],
            "question": "Which of the following actors portrayed the Ninth Doctor in the British television show &quot;Doctor Who&quot;?",
            "type": "multiple"
        },
        {
            "category": "History",
            "correct_answer": "France",
            "difficulty": "medium",
            "incorrect_answers": [
                "Spain",
                "England",
                "Germany"
            ],
            "question": "Which country gifted the Statue of Liberty to the United States of America?",
            "type": "multiple"
        },
        {
            "category": "Geography",
            "correct_answer": "Brazil",
            "difficulty": "medium",
            "incorrect_answers": [
                "United States",
                "Australia",
                "India"
            ],
            "question": "What is the fifth largest country by area?",
            "type": "multiple"
        }
    ]
}