{
    "response_code": 0,
    "results": [
        {
            "category": "History",
            "correct_answer": "Polio",
            "difficulty": "medium",
            "incorrect_answers": [
                "Cancer",
                "Meningitis",
                "HIV"
            ],
            "question": "What disease crippled President Franklin D. Roosevelt and led him to help the nation find a cure? ",
            "type": "multiple"
        },
        {
            "category": "General Knowledge",
            "correct_answer": "HTC",
            "difficulty": "easy",
            "incorrect_answers": [
                "Oculus",
                "Google",
                "Razer"
            ],
            "question": "Which company did Valve cooperate with in the creation of the Vive?",
            "type": "multiple"
        },
        {
            "category": "Sports",
            "correct_answer": "Philadelphia Flyers",
            "difficulty": "medium",
            "incorrect_answers": [
                "New York Rangers",
                "Toronto Maple Leafs",
                "Boston Bruins"
            ],
            "question": "Which of these teams isn&#039;t a member of the NHL&#039;s &quot;Original Six&quot; era?",
            "type": "multiple"
        },
        {
            "category": "Science & Nature",
            "correct_answer": "Blue Whale",
            "difficulty": "easy",
            "incorrect_answers": [
                "Orca",
                "Colossal Squid",
                "Giraffe"
            ],
            "question": "What is the largest animal currently on Earth?",
            "type": "multiple"
        },
        {
            "category": "Geography",
            "correct_answer": "Rhode Island ",
            "difficulty": "medium",
            "incorrect_answers": [
                "Maine",
                "Vermont",
                "Massachusetts"
            ],
            "question": "Which state of the United States is the smallest?",
            "type": "multiple"
        },
        {
            "category": "Entertainment: Books",
            "correct_answer": "7",
            "difficulty": "medium",
            "incorrect_answers": [
                "6",
                "8",
                "5"
            ],
            "question": "How many books are in the Chronicles of Narnia series?",
            "type": "multiple"
        },
        {
            "category": "Entertainment: Music",
            "correct_answer": "Johnny Cash",
            "difficulty": "easy",
            "incorrect_answers": [
                "Bob Dylan",
                "Willie Nelson",
                "Kris Kristofferson"
            ],
            "question": "Who had a 1969 top 5 hit with the song,  &#039;A Boy Named Sue&#039;?",
            "type": "multiple"
        },
        {
            "category": "History",
            "correct_answer": "Merlin 66",
            "difficulty": "medium",
            "incorrect_answers": [
                "Griffon 65",
                "Merlin 50",
                "Merlin X"
            ],
            "question": "The Spitfire L.F. Mk IX had what engine?",
            "type": "multiple"
        },
        {
            "category": "Science & Nature",
            "correct_answer": "Carbon",
            "difficulty": "easy",
            "incorrect_answers": [
                "Nitrogen",
                "Oxygen",
                "Hydrogen"
            ],
            "question": "This element, when overcome with extreme heat and pressure, creates diamonds.",
            "type": "multiple"
        },
        {
            "category": "Science & Nature",
            "correct_answer": "Pancreas",
            "difficulty": "hard",
            "incorrect_answers": [
                "Kidney",
                "Liver",
                "Brain"
            ],
            "question": "The &#039;Islets of Langerhans&#039; is found in which human organ?",
            "type": "multiple"
        },
        {
            "category": "Entertainment: Music",
            "correct_answer": "The Smashing Pumpkins - &quot;1979&quot;",
            "difficulty": "hard",
            "incorrect_answers": [
                "Prince - &quot;1999&quot;",
                "James Blunt - &quot;1973&quot;",
                "David Bowie - &quot;1984&quot;"
            ],
            "question": "Which of these songs was released in 1996?",
            "type": "multiple"
        },
        {
            "category": "Entertainment: Video Games",
            "correct_answer": "Adrian Shephard",
            "difficulty": "easy",
            "incorrect_answers": [
                "Gordon Freeman",
                "Alyx Vance",
                "Barney Calhoun"
            ],
            "question": "Who is the main character of the game Half-Life: Opposing Force?",
            "type": "multiple"
        },
        {
            "category": "Science: Computers",
            "correct_answer": "False",
            "difficulty": "medium",
            "incorrect_answers": [
                "True"
            ],
            "question": "All program codes have to be compiled into an executable file in order to be run. This file can then be executed on any machine.",
            "type": "boolean"
        },
        {
            "category": "Entertainment: Cartoon & Animations",
            "correct_answer": "John Ratzenberger",
            "difficulty": "easy",
            "incorrect_answers": [
                "Tom Hanks",
                "Dave Foley",
                "Geoffrey Rush"
            ],
            "question": "Who is the only voice actor to have a speaking part in all of the Disney Pixar feature films? ",
            "type": "multiple"
        },
        {
            "category": "Entertainment: Board Games",
            "correct_answer": "21",
            "difficulty": "easy",
            "incorrect_answers": [
                "24",
                "15",
                "18"
            ],
            "question": "How many dots are on a single die?",
            "type": "multiple"
        },
        {
            "category": "Entertainment: Video Games",
            "correct_answer": "Final Fantasy Versus XIII",
            "difficulty": "medium",
            "incorrect_answers": [
                "Final Fantasy: Reborn",
                "Final Fantasy XVI",
                "Final Fantasy XIII-3"
            ],
            "question": "What is the original name of Final Fantasy XV?",
            "type": "multiple"
        },
        {
            "category": "Entertainment: Video Games",
            "correct_answer": "Polar bears",
            "difficulty": "medium",
            "incorrect_answers": [
                "Eskimos",
                "Penguins",
                "Walking TNT"
            ],
            "question": "What snowy mob was added in Minecraft 1.10?",
            "type": "multiple"
        },
        {
            "category": "Entertainment: Video Games",
            "correct_answer": "True",
            "difficulty": "easy",
            "incorrect_answers": [
                "False"
            ],
            "question": "Faust is a playable character in &quot;Guilty Gear Xrd Revelator&quot;.",
            "type": "boolean"
        },
        {
            "category": "Entertainment: Video Games",
            "correct_answer": "FOXDIE",
            "difficulty": "medium",
            "incorrect_answers": [
                "FOXENGINE",
                "FOXALIVE",
                "FOXKILL"
            ],
            "question": "What is the name of the virus in &quot;Metal Gear Solid 1&quot;?",
            "type": "multiple"
        },
        {
            "category": "Entertainment: Video Games",
            "correct_answer": "Samus Aran",
            "difficulty": "medium",
            "incorrect_answers": [
                "Lara Croft",
                "Alis Landale",
                "Chell"
            ],
            "question": "Who was the first female protagonist in a video game?",
            "type": "multiple"
        },
        {
            "category": "Entertainment: Cartoon & Animations",
            "correct_answer": "24 FPS",
            "difficulty": "medium",
            "incorrect_answers": [
                "12 FPS",
                "30 FPS",
                "60 FPS"
            ],
            "question": "What is the standard frame rate for animation?",
            "type": "multiple"
        },
        {
            "category": "Art",
            "correct_answer": "1504",
            "difficulty": "hard",
            "incorrect_answers": [
                "1487",
                "1523",
                "1511"
            ],
            "question": "What year was the Mona Lisa finished?",
            "type": "multiple"
        },
        {
            "category": "Entertainment: Video Games",
            "correct_answer": "True",
            "difficulty": "medium",
            "incorrect_answers": [
                "False"
            ],
            "question": "Tony Hawk&#039;s Pro Skater was released in 1999.",
            "type": "boolean"
        },
        {
            "category": "Entertainment: Board Games",
            "correct_answer": "Monopoly",
            "difficulty": "easy",
            "incorrect_answers": [
                "Pay Day",
                "Cluedo",
                "Coppit"
            ],
            "question": "Which of these games includes the phrase &quot;Do not pass Go, do not collect $200&quot;?",
            "type": "multiple"
        },
        {
            "category": "History",
            "correct_answer": "George Washington",
            "difficulty": "easy",
            "incorrect_answers": [
                "James Madison",
                "Thomas Jefferson",
                "James K. Polk"
            ],
            "question": "Who was the first president of the United States?",
            "type": "multiple"
        },
        {
            "category": "Entertainment: Television",
            "correct_answer": "Time And Relative Dimensions In Space",
            "difficulty": "easy",
            "incorrect_answers": [
                "Time And Resting Dimensions In Space",
                "Time And Relative Dimensions In Style",
                "Toilet Aid Rope Dog Is Soup"
            ],
            "question": "In the show, Doctor Who, what does T.A.R.D.I.S stand for?",
            "type": "multiple"
        },
        {
            "category": "Entertainment: Music",
            "correct_answer": "Shine On You Crazy Diamond",
            "difficulty": "medium",
            "incorrect_answers": [
                "Wish You Were Here",
                "Have A Cigar",
                "Welcome to the Machine"
            ],
            "question": "Pink Floyd made this song for their previous lead singer Syd Barrett.",
            "type": "multiple"
        },
        {
            "category": "Geography",
            "correct_answer": "True",
            "difficulty": "easy",
            "incorrect_answers": [
                "False"
            ],
            "question": "There are no deserts in Europe.",
            "type": "boolean"
        },
        {
            "category": "Vehicles",
            "correct_answer": "Combustion",
            "difficulty": "medium",
            "incorrect_answers": [
                "Lubrication",
                "Cooling",
                "Reduce corrosion"
            ],
            "question": "Which one is NOT the function of engine oil in car engines?",
            "type": "multiple"
        },
        {
            "category": "General Knowledge",
            "correct_answer": "100",
            "difficulty": "easy",
            "incorrect_answers": [
                "50",
                "25",
                "69"
            ],
            "question": "Five dollars is worth how many nickles?",
            "type": "multiple"
        },
        {
            "category": "Entertainment: Japanese Anime & Manga",
            "correct_answer": "Sazae-san",
            "difficulty": "hard",
            "incorrect_answers": [
                "Naruto",
                "One Piece",
                "Chibi Maruko-chan"
            ],
            "question": "Which of these anime have over 7,500 episodes?",
            "type": "multiple"
        },
        {
            "category": "Entertainment: Video Games",
            "correct_answer": "Makoto Naegi",
            "difficulty": "easy",
            "incorrect_answers": [
                "Hajime Hinata",
                "Nagito Komaeda",
                "Komaru Naegi"
            ],
            "question": "In Danganronpa: Trigger Happy Havoc, what is the protagonist&#039;s name?",
            "type": "multiple"
        },
        {
            "category": "Science & Nature",
            "correct_answer": "Interphase",
            "difficulty": "medium",
            "incorrect_answers": [
                "Prophase",
                "Stasis",
                "Telophase"
            ],
            "question": "What stage of development do the majority of eukaryotic cells remain in for most of their life?",
            "type": "multiple"
        },
        {
            "category": "General Knowledge",
            "correct_answer": "Turkish",
            "difficulty": "hard",
            "incorrect_answers": [
                "German",
                "Danish",
                "Polish"
            ],
            "question": "Which of the following languages does NOT use gender as a part of its grammar?",
            "type": "multiple"
        },
        {
            "category": "Entertainment: Music",
            "correct_answer": "Dr.Dre",
            "difficulty": "medium",
            "incorrect_answers": [
                "Ol&#039; Dirty Bastard",
                "GZA",
                "Method Man"
            ],
            "question": "Which one of these rappers is NOT a member of the rap group Wu-Tang Clan?",
            "type": "multiple"
        },
        {
            "category": "Entertainment: Music",
            "correct_answer": "The Velvet Underground and Nico",
            "difficulty": "hard",
            "incorrect_answers": [
                "Abbey Road",
                "Led Zeppelin IV",
                "Pet Sounds"
            ],
            "question": "This album, now considered to be one of the greatest of all time, was a commercial failure when it was released.",
            "type": "multiple"
        },
        {
            "category": "History",
            "correct_answer": "The White House",
            "difficulty": "medium",
            "incorrect_answers": [
                "Parliament Building",
                "Grand National Assembly Building",
                "Palace of the Nation"
            ],
            "question": "Which building was set aflame on August 24th, 1812?",
            "type": "multiple"
        },
        {
            "category": "Entertainment: Video Games",
            "correct_answer": "Sanghelios",
            "difficulty": "easy",
            "incorrect_answers": [
                "Te",
                "Doisac",
                "Eayn"
            ],
            "question": "What is the homeworld of the Elites from Halo?",
            "type": "multiple"
        },
        {
            "category": "Geography",
            "correct_answer": "South Africa",
            "difficulty": "medium",
            "incorrect_answers": [
                "Somalia",
                "China",
                "United Kingdom"
            ],
            "question": "Which country has three capital cities?",
            "type": "multiple"
        },
        {
            "category": "Entertainment: Video Games",
            "correct_answer": "Arbok",
            "difficulty": "hard",
            "incorrect_answers": [
                "Linoone",
                "Tauros",
                "Nidoking"
            ],
            "question": "Which of these Pok&eacute;mon cannot learn Surf?",
            "type": "multiple"
        },
        {
            "category": "Geography",
            "correct_answer": "True",
            "difficulty": "medium",
            "incorrect_answers": [
                "False"
            ],
            "question": "Japan has left-hand side traffic.",
            "type": "boolean"
        },
        {
            "category": "Politics",
            "correct_answer": "George W. Bush",
            "difficulty": "hard",
            "incorrect_answers": [
                "John Kerry",
                "Barack Obama",
                "Al Gore"
            ],
            "question": "&quot;Yes, America Can!&quot; was this United States politician&#039;s de facto campaign slogan in 2004.",
            "type": "multiple"
        },
        {
            "category": "Geography",
            "correct_answer": "O Canada",
            "difficulty": "hard",
            "incorrect_answers": [
                "O Red Maple",
                "Leaf-Spangled Banner",
                "March of the Puck Drop"
            ],
            "question": "What is the name of the Canadian national anthem?",
            "type": "multiple"
        },
        {
            "category": "Entertainment: Television",
            "correct_answer": "True",
            "difficulty": "easy",
            "incorrect_answers": [
                "False"
            ],
            "question": "In Battlestar Galactica (2004), Cylons were created by man as cybernetic workers and soldiers.",
            "type": "boolean"
        },
        {
            "category": "General Knowledge",
            "correct_answer": "7 years",
            "difficulty": "hard",
            "incorrect_answers": [
                "2 years",
                "8 years",
                "6 months"
            ],
            "question": "According to Fair Works Australia, how long do you have to work to get Long Service Leave?",
            "type": "multiple"
        },
        {
            "category": "Entertainment: Television",
            "correct_answer": "True",
            "difficulty": "easy",
            "incorrect_answers": [
                "False"
            ],
            "question": "In &quot;Doctor Who&quot;, the Doctor gets his TARDIS by stealing it.",
            "type": "boolean"
        },
        {
            "category": "General Knowledge",
            "correct_answer": "We Love to See You Smile",
            "difficulty": "medium",
            "incorrect_answers": [
                "Why Pay More!?",
                "Have It Your Way",
                "Making People Happy Through Food"
            ],
            "question": "Which slogan did the fast food company, McDonald&#039;s, use before their &quot;I&#039;m Lovin&#039; It&quot; slogan?",
            "type": "multiple"
        },
        {
            "category": "Geography",
            "correct_answer": "Fairfax County, Virginia",
            "difficulty": "medium",
            "incorrect_answers": [
                "Medford, Oregon",
                "Braxton County, Virgina",
                "Lemon Grove, California"
            ],
            "question": "Colchester Overpass, otherwise known as &quot;Bunny Man Bridge&quot;, is located where?",
            "type": "multiple"
        },
        {
            "category": "Science & Nature",
            "correct_answer": "Butt",
            "difficulty": "hard",
            "incorrect_answers": [
                "Arm",
                "Head",
                "Torso"
            ],
            "question": "Where is the Gluteus Maximus muscle located?",
            "type": "multiple"
        },
        {
            "category": "Entertainment: Television",
            "correct_answer": "Jeff Albertson",
            "difficulty": "medium",
            "incorrect_answers": [
                "Comic Book Guy",
                "Edward Stone",
                "Jack Richardson"
            ],
            "question": "In &quot;The Simpsons&quot;, what is the real name of &quot;Comic Book Guy&quot;?",
            "type": "multiple"
        }
    ]
}