{
    "response_code": 0,
    "results": [
        {
            "category": "Mythology",
            "correct_answer": "Cursed to roll a boulder up a hill for eternity.",
            "difficulty": "hard",
            "incorrect_answers": [
                "Tied to a boulder for eternity, being pecked by birds.",
                "Standing in a lake filled with water he could not drink.",
                "To fell a tree that regenerated after every axe swing."
            ],
            "question": "What was the punishment for Sysiphus&#039;s craftiness?",
            "type": "multiple"
        },
        {
            "category": "Science & Nature",
            "correct_answer": "6.022 x 10^23",
            "difficulty": "easy",
            "incorrect_answers": [
                "6.002 x 10^22",
                "6.022 x 10^22",
                "6.002 x 10^23"
            ],
            "question": "How many objects are equivalent to one mole?",
            "type": "multiple"
        },
        {
            "category": "Entertainment: Film",
            "correct_answer": "Tommy Lee Jones",
            "difficulty": "easy",
            "incorrect_answers": [
                "Harrison Ford",
                "Harvey Keitel",
                "Martin Landau"
            ],
            "question": "Who played Deputy Marshal Samuel Gerard in the 1993 film &quot;The Fugitive&quot;?",
            "type": "multiple"
        },
        {
            "category": "Entertainment: Film",
            "correct_answer": "Fay Wray",
            "difficulty": "easy",
            "incorrect_answers": [
                "Jean Harlow",
                "Vivien Leigh",
                "Mae West"
            ],
            "question": "Who played the female lead in the 1933 film &quot;King Kong&quot;?",
            "type": "multiple"
        },
        {
            "category": "Celebrities",
            "correct_answer": "Judy Garland",
            "difficulty": "medium",
            "incorrect_answers": [
                "Doris Day",
                "Julie Andrews",
                "Marilyn Monroe"
            ],
            "question": "Which actress&#039;s real name was Frances Ethel Gumm?",
            "type": "multiple"
        },
        {
            "category": "Entertainment: Cartoon & Animations",
            "correct_answer": "Slam dunk, nothing but net!",
            "difficulty": "easy",
            "incorrect_answers": [
                "Hit the sack, Jack!",
                "Rikki-Tikki-Tavi, biatch!",
                "Wubba-lubba-dub-dub!"
            ],
            "question": "Which of these is NOT a catchphrase used by Rick Sanchez in the TV show &quot;Rick and Morty&quot;?",
            "type": "multiple"
        },
        {
            "category": "Entertainment: Music",
            "correct_answer": "The Wall",
            "difficulty": "medium",
            "incorrect_answers": [
                "Abbey Road",
                "Magical Mystery Tour",
                "Revolver"
            ],
            "question": "Which of these is NOT an album released by The Beatles?",
            "type": "multiple"
        },
        {
            "category": "Sports",
            "correct_answer": "82",
            "difficulty": "medium",
            "incorrect_answers": [
                "62",
                "42",
                "102"
            ],
            "question": "How many scoring zones are there on a conventional dart board?",
            "type": "multiple"
        },
        {
            "category": "General Knowledge",
            "correct_answer": "Government",
            "difficulty": "medium",
            "incorrect_answers": [
                "Going",
                "Ghost",
                "Geronimo"
            ],
            "question": "What does the &quot;G&quot; mean in &quot;G-Man&quot;?",
            "type": "multiple"
        },
        {
            "category": "History",
            "correct_answer": "1808",
            "difficulty": "hard",
            "incorrect_answers": [
                "1806",
                "1810",
                "1809"
            ],
            "question": "When did Spanish Peninsular War start?",
            "type": "multiple"
        },
        {
            "category": "History",
            "correct_answer": "Mao Zedong",
            "difficulty": "medium",
            "incorrect_answers": [
                "Joseph Stalin",
                "Adolf Hitler",
                "Kim Il Sung"
            ],
            "question": "Which dictator killed the most people?",
            "type": "multiple"
        },
        {
            "category": "Entertainment: Cartoon & Animations",
            "correct_answer": "Daffy Duck",
            "difficulty": "easy",
            "incorrect_answers": [
                "Donald Duck",
                "Daisy Duck",
                "Scrooge McDuck"
            ],
            "question": "Which of these is NOT a Disney cartoon character?",
            "type": "multiple"
        },
        {
            "category": "History",
            "correct_answer": "Guy Fawkes",
            "difficulty": "medium",
            "incorrect_answers": [
                "Robert Catesby",
                "Francis Tresham",
                "Everard Digby"
            ],
            "question": "Which infamous European traitor was known as &quot;the last person to enter Parliament with honest intentions&quot;?",
            "type": "multiple"
        },
        {
            "category": "Entertainment: Video Games",
            "correct_answer": "1.5 Million",
            "difficulty": "hard",
            "incorrect_answers": [
                "1 Million",
                "250 Thousand",
                "Less than 250 Thousand"
            ],
            "question": "How many copies of the notorious E.T. game for the Atari 2600 did Atari end up selling?",
            "type": "multiple"
        },
        {
            "category": "Entertainment: Video Games",
            "correct_answer": "The Campaigner",
            "difficulty": "medium",
            "incorrect_answers": [
                "The Primagen",
                "Oblivion",
                "Lord Tyrannus"
            ],
            "question": "What is the name of the final boss in Turok: Dinosaur Hunter?",
            "type": "multiple"
        },
        {
            "category": "Entertainment: Video Games",
            "correct_answer": "Townley",
            "difficulty": "easy",
            "incorrect_answers": [
                "De Santos",
                "Watson",
                "Simpson"
            ],
            "question": "In Grand Theft Auto V, what was Michael De Santa&#039;s former surname?",
            "type": "multiple"
        },
        {
            "category": "Sports",
            "correct_answer": "False",
            "difficulty": "easy",
            "incorrect_answers": [
                "True"
            ],
            "question": "Peyton Manning retired after winning Super Bowl XLIX.",
            "type": "boolean"
        },
        {
            "category": "Entertainment: Video Games",
            "correct_answer": "7",
            "difficulty": "easy",
            "incorrect_answers": [
                "6",
                "8",
                "14"
            ],
            "question": "How many Chaos Emeralds are there in the &quot;Sonic the Hedgehog&quot; universe?",
            "type": "multiple"
        },
        {
            "category": "Entertainment: Japanese Anime & Manga",
            "correct_answer": "2008",
            "difficulty": "medium",
            "incorrect_answers": [
                "2003",
                "2005",
                "2011"
            ],
            "question": "When was the first episode of Soul Eater released?",
            "type": "multiple"
        },
        {
            "category": "Entertainment: Video Games",
            "correct_answer": "14",
            "difficulty": "medium",
            "incorrect_answers": [
                "13",
                "16",
                "11"
            ],
            "question": "In the 2002 video game &quot;Kingdom Hearts&quot;, how many playable worlds were there?",
            "type": "multiple"
        },
        {
            "category": "Entertainment: Film",
            "correct_answer": "Toy Story 2",
            "difficulty": "medium",
            "incorrect_answers": [
                "Sin City: A Dame to Kill For",
                "Speed 2: Cruise Control",
                "Son of the Mask"
            ],
            "question": "Which movie sequel had improved box office results compared to its original film?",
            "type": "multiple"
        },
        {
            "category": "Entertainment: Video Games",
            "correct_answer": "SK Gaming",
            "difficulty": "medium",
            "incorrect_answers": [
                "Team Liquid",
                "Fnatic",
                "Virtus.pro"
            ],
            "question": "Which CS:GO eSports team won the major event ESL One Cologne 2016?",
            "type": "multiple"
        },
        {
            "category": "General Knowledge",
            "correct_answer": "Tandoori",
            "difficulty": "medium",
            "incorrect_answers": [
                "Biryani",
                "Pani puri",
                "Tiki masala"
            ],
            "question": "What is the name given to Indian food cooked over charcoal in a clay oven?",
            "type": "multiple"
        },
        {
            "category": "Science: Computers",
            "correct_answer": "True",
            "difficulty": "easy",
            "incorrect_answers": [
                "False"
            ],
            "question": "Ada Lovelace is often considered the first computer programmer.",
            "type": "boolean"
        },
        {
            "category": "Entertainment: Video Games",
            "correct_answer": "Junkrat and Roadhog",
            "difficulty": "easy",
            "incorrect_answers": [
                "Roadrat and Junkhog",
                "Ana and Pharah",
                "McCree and Deadeye"
            ],
            "question": "In the game &quot;Overwatch,&quot; what are the names of the two Australian criminals from the Junkers faction?",
            "type": "multiple"
        },
        {
            "category": "Entertainment: Cartoon & Animations",
            "correct_answer": "Jay Baruchel",
            "difficulty": "hard",
            "incorrect_answers": [
                "Jack Brauchel",
                "John Powell",
                "Gerard Butler"
            ],
            "question": "Who voice acted the character Hiccup in the movie &quot;How to Train Your Dragon&quot;?",
            "type": "multiple"
        },
        {
            "category": "Animals",
            "correct_answer": "Canis Lupus",
            "difficulty": "hard",
            "incorrect_answers": [
                "Canis Aureus",
                "Canis Latrans",
                "Canis Lupus Lycaon"
            ],
            "question": "What is the Gray Wolf&#039;s scientific name?",
            "type": "multiple"
        },
        {
            "category": "Entertainment: Video Games",
            "correct_answer": "Charcoal",
            "difficulty": "easy",
            "incorrect_answers": [
                "Coal",
                "Wheat",
                "String"
            ],
            "question": "In vanilla Minecraft, which of the following cannot be made into a block?",
            "type": "multiple"
        },
        {
            "category": "Entertainment: Music",
            "correct_answer": "De La Soul",
            "difficulty": "medium",
            "incorrect_answers": [
                "Public Enemy",
                "OutKast",
                "Cypress Hill"
            ],
            "question": "The song &quot;Feel Good Inc.&quot; by British band Gorillaz features which hip hop group?",
            "type": "multiple"
        },
        {
            "category": "Entertainment: Video Games",
            "correct_answer": "Candela",
            "difficulty": "easy",
            "incorrect_answers": [
                "Willow",
                "Blanche",
                "Spark"
            ],
            "question": "Who is the leader of Team Valor in Pok&eacute;mon Go?",
            "type": "multiple"
        },
        {
            "category": "General Knowledge",
            "correct_answer": "True",
            "difficulty": "easy",
            "incorrect_answers": [
                "False"
            ],
            "question": "When you cry in space, your tears stick to your face.",
            "type": "boolean"
        },
        {
            "category": "Entertainment: Video Games",
            "correct_answer": "Partisan Eagle",
            "difficulty": "hard",
            "incorrect_answers": [
                "Blast Fencer",
                "Winged Viper",
                "Bastion Warrior"
            ],
            "question": "In Xenoblade Chronicles X, which class has a sniper rifle as it&#039;s primary weapon?",
            "type": "multiple"
        },
        {
            "category": "History",
            "correct_answer": "Divorced, Beheaded, Died, Divorced, Beheaded, Survived",
            "difficulty": "medium",
            "incorrect_answers": [
                "Beheaded, Died, Divorced, Divorced, Beheaded, Survived",
                "Died, Beheaded, Divorced, Beheaded, Survived, Divorced",
                "Survived, Beheaded, Died, Divorced, Divorced, Beheaded"
            ],
            "question": "What is the mnemonic device for remembering the fates of the wives of Henry VIII?",
            "type": "multiple"
        },
        {
            "category": "Entertainment: Video Games",
            "correct_answer": "Another Medium",
            "difficulty": "medium",
            "incorrect_answers": [
                "Anticipation",
                "Unnecessary Tension",
                "Ruins"
            ],
            "question": "Which of these songs does NOT play during the Ruins segments of the 2015 game &quot;Undertale&quot;?",
            "type": "multiple"
        },
        {
            "category": "Celebrities",
            "correct_answer": "The Party",
            "difficulty": "medium",
            "incorrect_answers": [
                "The Weather Girls",
                "The Pussycat Dolls",
                "The Cheetah Girls"
            ],
            "question": "Before voicing Pearl in Steven Universe, Deedee Magno Hall was part of which American band?",
            "type": "multiple"
        },
        {
            "category": "Entertainment: Video Games",
            "correct_answer": "Eye of Cthulhu",
            "difficulty": "medium",
            "incorrect_answers": [
                "Plantera",
                "Skeletron Prime",
                "The Destroyer"
            ],
            "question": "In the game &quot;Terraria&quot;, which of these bosses are pre-hardmode bosses?",
            "type": "multiple"
        },
        {
            "category": "Celebrities",
            "correct_answer": "Drake",
            "difficulty": "easy",
            "incorrect_answers": [
                "Travis Scott",
                "Lil Wayne",
                "2 Chainz"
            ],
            "question": "Aubrey Graham is better known as",
            "type": "multiple"
        },
        {
            "category": "Mythology",
            "correct_answer": "False",
            "difficulty": "easy",
            "incorrect_answers": [
                "True"
            ],
            "question": "According to Greek Mythology, Atlas was an Olympian God.",
            "type": "boolean"
        },
        {
            "category": "Entertainment: Video Games",
            "correct_answer": "Peach",
            "difficulty": "medium",
            "incorrect_answers": [
                "Bowser",
                "Mewtwo",
                "King Dedede"
            ],
            "question": "Which of these characters was NOT planned to be playable for Super Smash Bros. 64?",
            "type": "multiple"
        },
        {
            "category": "Entertainment: Books",
            "correct_answer": "Maximum Ride",
            "difficulty": "medium",
            "incorrect_answers": [
                "Harry Potter",
                "The Legend of Xanth",
                "The Bartemaeus Trilogy"
            ],
            "question": "Which of these book series is by James Patterson?",
            "type": "multiple"
        },
        {
            "category": "Science & Nature",
            "correct_answer": "Strawberry",
            "difficulty": "hard",
            "incorrect_answers": [
                "Blueberry",
                "Banana",
                "Concord Grape"
            ],
            "question": "Botanically speaking, which of these fruits is NOT a berry?",
            "type": "multiple"
        },
        {
            "category": "Entertainment: Television",
            "correct_answer": "Stitch!",
            "difficulty": "easy",
            "incorrect_answers": [
                "Cory in the House",
                "The Emperor&#039;s New School",
                "Hannah Montana"
            ],
            "question": "Which of these Disney shows is classified as an anime?",
            "type": "multiple"
        },
        {
            "category": "Science: Mathematics",
            "correct_answer": "One Quintillionth",
            "difficulty": "easy",
            "incorrect_answers": [
                "One Billionth",
                "One Quadrillionth",
                "One Septillionth"
            ],
            "question": "The metric prefix &quot;atto-&quot; makes a measurement how much smaller than the base unit?",
            "type": "multiple"
        },
        {
            "category": "Entertainment: Film",
            "correct_answer": "Kaltag, Nikki, and Star",
            "difficulty": "easy",
            "incorrect_answers": [
                "Dusty, Kirby, and Ralph",
                "Nuk, Yak, and Sumac",
                "Jenna, Sylvie, and Dixie"
            ],
            "question": "In the 1995 film &quot;Balto&quot;, who are Steele&#039;s accomplices?",
            "type": "multiple"
        },
        {
            "category": "Entertainment: Music",
            "correct_answer": "2008",
            "difficulty": "medium",
            "incorrect_answers": [
                "2000",
                "2015",
                "2004"
            ],
            "question": "In which year did &quot;Caravan Palace&quot; release their first album?",
            "type": "multiple"
        },
        {
            "category": "History",
            "correct_answer": "1989",
            "difficulty": "medium",
            "incorrect_answers": [
                "1987",
                "1991",
                "1993"
            ],
            "question": "In what year did the Berlin Wall fall?",
            "type": "multiple"
        },
        {
            "category": "General Knowledge",
            "correct_answer": "BackRub",
            "difficulty": "medium",
            "incorrect_answers": [
                "CatMassage",
                "SearchPro",
                "Netscape Navigator"
            ],
            "question": "What was the original name of the search engine &quot;Google&quot;?",
            "type": "multiple"
        },
        {
            "category": "Entertainment: Comics",
            "correct_answer": "Roy Harper",
            "difficulty": "medium",
            "incorrect_answers": [
                "Black Canary",
                "Emiko Queen",
                "Dick Grayson"
            ],
            "question": "Which &quot;Green Arrow&quot; sidekick commonly wears a baseball cap?",
            "type": "multiple"
        },
        {
            "category": "Entertainment: Japanese Anime & Manga",
            "correct_answer": "Ley Batenkaitos",
            "difficulty": "medium",
            "incorrect_answers": [
                "Roy Alphard",
                "Petelgeuse Romanee-Conti",
                "Louis Arneb"
            ],
            "question": "In the &quot;Re:Zero&quot; manga series, which of the following Sin Archbishops eats Rem&#039;s existence?",
            "type": "multiple"
        },
        {
            "category": "Entertainment: Board Games",
            "correct_answer": "Tarrasque",
            "difficulty": "hard",
            "incorrect_answers": [
                "Beholder",
                "Displacer Beast",
                "Lich"
            ],
            "question": "What is the most challenging monster in the Dungeons &amp; Dragons 5th Edition Monster Manual?",
            "type": "multiple"
        }
    ]
}