{
    "response_code": 0,
    "results": [
        {
            "category": "Science: Mathematics",
            "correct_answer": "66",
            "difficulty": "medium",
            "incorrect_answers": [
                "67",
                "34",
                "11"
            ],
            "question": "In a complete graph G, which has 12 vertices, how many edges are there?",
            "type": "multiple"
        },
        {
            "category": "History",
            "correct_answer": "Invasion of Poland (1939)",
            "difficulty": "medium",
            "incorrect_answers": [
                "Invasion of Russia (1942)",
                "Battle of Britain (1940)",
                "Invasion of Normandy (1944)"
            ],
            "question": "What event marked the start of World War II?",
            "type": "multiple"
        },
        {
            "category": "Politics",
            "correct_answer": "Donald Trump",
            "difficulty": "easy",
            "incorrect_answers": [
                "Ted Cruz",
                "Marco Rubio",
                "Bernie Sanders"
            ],
            "question": "Whose 2016 presidential campaign slogan was &quot;Make America Great Again&quot;?",
            "type": "multiple"
        },
        {
            "category": "Entertainment: Music",
            "correct_answer": "Revolver",
            "difficulty": "hard",
            "incorrect_answers": [
                "Help!",
                "Rubber Soul",
                "Abbey Road"
            ],
            "question": "On which Beatles album would you find the song &#039;Eleanor Rigby&#039;?",
            "type": "multiple"
        },
        {
            "category": "Geography",
            "correct_answer": "Alaska",
            "difficulty": "easy",
            "incorrect_answers": [
                "California",
                "Texas",
                "Washington"
            ],
            "question": "What state is the largest state of the United States of America?",
            "type": "multiple"
        },
        {
            "category": "Entertainment: Music",
            "correct_answer": "N.W.A",
            "difficulty": "easy",
            "incorrect_answers": [
                "Wu-Tang Clan",
                "Run-D.M.C.",
                "Beastie Boys"
            ],
            "question": "Which rap group released the album &quot;Straight Outta Compton&quot;?",
            "type": "multiple"
        },
        {
            "category": "Entertainment: Music",
            "correct_answer": "Neil Peart",
            "difficulty": "medium",
            "incorrect_answers": [
                "Geddy Lee",
                "Alex Lifeson",
                "John Rutsey"
            ],
            "question": "Who is the primary lyricist for Canadian progressive rock band Rush?",
            "type": "multiple"
        },
        {
            "category": "Geography",
            "correct_answer": "Wiltshire",
            "difficulty": "medium",
            "incorrect_answers": [
                "Somerset",
                "Cumbria",
                "Herefordshire"
            ],
            "question": "In which English county is Stonehenge?",
            "type": "multiple"
        },
        {
            "category": "History",
            "correct_answer": "True",
            "difficulty": "easy",
            "incorrect_answers": [
                "False"
            ],
            "question": "The Spitfire originated from a racing plane.",
            "type": "boolean"
        },
        {
            "category": "Entertainment: Books",
            "correct_answer": "George Orwell",
            "difficulty": "medium",
            "incorrect_answers": [
                "Aldous Huxley",
                "Ernest Hemingway",
                "Ray Bradbury"
            ],
            "question": "By what name was the author Eric Blair better known?",
            "type": "multiple"
        },
        {
            "category": "Entertainment: Film",
            "correct_answer": "Terry",
            "difficulty": "medium",
            "incorrect_answers": [
                "Tommy",
                "Teddy",
                "Toto"
            ],
            "question": "What is the name of the dog that played Toto in the 1939 film &quot;The Wizard of Oz&quot;?",
            "type": "multiple"
        },
        {
            "category": "Mythology",
            "correct_answer": "Poseidon",
            "difficulty": "medium",
            "incorrect_answers": [
                "Ares",
                "Zeus",
                "Apollo"
            ],
            "question": "Neptune&#039;s greek name was...",
            "type": "multiple"
        },
        {
            "category": "Entertainment: Film",
            "correct_answer": "BB-8",
            "difficulty": "easy",
            "incorrect_answers": [
                "BB-3",
                "AA-A",
                "R2-D2"
            ],
            "question": "What is the orange and white bot&#039;s name in &quot;Star Wars: The Force Awakens&quot;?",
            "type": "multiple"
        },
        {
            "category": "History",
            "correct_answer": "1867",
            "difficulty": "hard",
            "incorrect_answers": [
                "1798",
                "1859",
                "1668"
            ],
            "question": "What year was Canada founded in?",
            "type": "multiple"
        },
        {
            "category": "History",
            "correct_answer": "Harran",
            "difficulty": "medium",
            "incorrect_answers": [
                "A&scaron;&scaron;ur",
                "Kalhu",
                "Nineveh"
            ],
            "question": "Which of the following was NOT a capital of Assyria:",
            "type": "multiple"
        },
        {
            "category": "Geography",
            "correct_answer": "Altaic",
            "difficulty": "medium",
            "incorrect_answers": [
                "Sino-Tibetan",
                "Dravidian",
                "Indo-European"
            ],
            "question": "Which of the following language families is the most controversial amongst modern linguists?",
            "type": "multiple"
        },
        {
            "category": "Entertainment: Music",
            "correct_answer": "White",
            "difficulty": "medium",
            "incorrect_answers": [
                "Black",
                "Blue",
                "Yellow"
            ],
            "question": "EDM producer Marshmello performs live wearing clothes and a marshmallow mask of what colour?",
            "type": "multiple"
        },
        {
            "category": "Science: Computers",
            "correct_answer": "False",
            "difficulty": "medium",
            "incorrect_answers": [
                "True"
            ],
            "question": "&quot;Windows NT&quot; is a monolithic kernel.",
            "type": "boolean"
        },
        {
            "category": "Entertainment: Film",
            "correct_answer": "Scarlett Johansson",
            "difficulty": "easy",
            "incorrect_answers": [
                "Jared Leto",
                "Will Smith",
                "Margot Robbie"
            ],
            "question": "Which of these actors/actresses is NOT a part of the cast for the 2016 movie &quot;Suicide Squad&quot;?",
            "type": "multiple"
        },
        {
            "category": "Entertainment: Musicals & Theatres",
            "correct_answer": "Alex Lacamoire",
            "difficulty": "medium",
            "incorrect_answers": [
                "Lin-Manuel Miranda",
                "Renee Elise-Goldberry",
                "Leslie Odom Jr."
            ],
            "question": "Who is the musical director for the award winning musical &quot;Hamilton&quot;?",
            "type": "multiple"
        },
        {
            "category": "General Knowledge",
            "correct_answer": "Bullfighting",
            "difficulty": "medium",
            "incorrect_answers": [
                "Fiestas",
                "Flamenco",
                "Mariachi"
            ],
            "question": "What did the Spanish autonomous community of Catalonia ban in 2010, that took effect in 2012?",
            "type": "multiple"
        },
        {
            "category": "Entertainment: Video Games",
            "correct_answer": "Alonsus Faol",
            "difficulty": "hard",
            "incorrect_answers": [
                "Uther the Lightbringer",
                "Alexandros Mograine",
                "Sargeras, The Daemon Lord"
            ],
            "question": "In World of Warcraft lore, who organized the creation of the Paladins?",
            "type": "multiple"
        },
        {
            "category": "Geography",
            "correct_answer": "5",
            "difficulty": "medium",
            "incorrect_answers": [
                "2",
                "3",
                "4"
            ],
            "question": "How many countries does Spain have a land border with?",
            "type": "multiple"
        },
        {
            "category": "History",
            "correct_answer": "Richard Neville",
            "difficulty": "hard",
            "incorrect_answers": [
                "Richard III",
                "Henry V",
                "Thomas Warwick"
            ],
            "question": "During the Wars of the Roses (1455 - 1487) which Englishman was dubbed &quot;the Kingmaker&quot;?",
            "type": "multiple"
        },
        {
            "category": "Entertainment: Board Games",
            "correct_answer": "True",
            "difficulty": "easy",
            "incorrect_answers": [
                "False"
            ],
            "question": "The card game &quot;Munchkin&quot; won the 2001 Origins Award for Best Traditional Card Game.",
            "type": "boolean"
        },
        {
            "category": "Entertainment: Film",
            "correct_answer": "True",
            "difficulty": "easy",
            "incorrect_answers": [
                "False"
            ],
            "question": "Ewan McGregor did not know the name of the second prequel film of Star Wars during and after filming.",
            "type": "boolean"
        },
        {
            "category": "Entertainment: Japanese Anime & Manga",
            "correct_answer": "Naruto",
            "difficulty": "easy",
            "incorrect_answers": [
                "Ten Ten",
                "Sasuke",
                "Kakashi"
            ],
            "question": "Who is the main character with yellow hair in the anime Naruto?",
            "type": "multiple"
        },
        {
            "category": "Entertainment: Cartoon & Animations",
            "correct_answer": "Leni",
            "difficulty": "medium",
            "incorrect_answers": [
                "Luan",
                "Luna",
                "Lincoln"
            ],
            "question": "Who is the &quot;dumb blonde&quot; character in Nickelodeon&#039;s &quot;The Loud House&quot;?",
            "type": "multiple"
        },
        {
            "category": "General Knowledge",
            "correct_answer": "Greenwich Mean Time",
            "difficulty": "easy",
            "incorrect_answers": [
                "Global Meridian Time",
                "General Median Time",
                "Glasgow Man Time"
            ],
            "question": "What do the letters in the GMT time zone stand for?",
            "type": "multiple"
        },
        {
            "category": "Entertainment: Film",
            "correct_answer": "Willem Dafoe",
            "difficulty": "medium",
            "incorrect_answers": [
                "Charlie Sheen",
                "Matt Damon",
                "Johnny Depp"
            ],
            "question": "Who played Sgt. Gordon Elias in &#039;Platoon&#039; (1986)?",
            "type": "multiple"
        },
        {
            "category": "Entertainment: Television",
            "correct_answer": "Blue Sky",
            "difficulty": "easy",
            "incorrect_answers": [
                "Baby Blue",
                "Rock Candy",
                "Pure Glass"
            ],
            "question": "In the television show Breaking Bad, what is the street name of Walter and Jesse&#039;s notorious product?",
            "type": "multiple"
        },
        {
            "category": "Entertainment: Television",
            "correct_answer": "An Unearthly Child",
            "difficulty": "easy",
            "incorrect_answers": [
                "The Daleks",
                "The Aztecs",
                "The Edge of Destruction"
            ],
            "question": "What was the name of the the first episode of Doctor Who to air in 1963?",
            "type": "multiple"
        },
        {
            "category": "Entertainment: Film",
            "correct_answer": "United Kingdom",
            "difficulty": "easy",
            "incorrect_answers": [
                "France",
                "Italy",
                "Germany"
            ],
            "question": "The 2002 film &quot;28 Days Later&quot; is mainly set in which European country?",
            "type": "multiple"
        },
        {
            "category": "Mythology",
            "correct_answer": "Jens",
            "difficulty": "hard",
            "incorrect_answers": [
                "Loki",
                "Tyr",
                "Snotra"
            ],
            "question": "Which of the following is NOT a god in Norse Mythology.",
            "type": "multiple"
        },
        {
            "category": "Sports",
            "correct_answer": "Germany",
            "difficulty": "easy",
            "incorrect_answers": [
                "Argentina",
                "Brazil",
                "Netherlands"
            ],
            "question": "Which team won 2014 FIFA World Cup in Brazil?",
            "type": "multiple"
        },
        {
            "category": "Entertainment: Music",
            "correct_answer": "True",
            "difficulty": "medium",
            "incorrect_answers": [
                "False"
            ],
            "question": "EDM label Monstercat signs tracks instead of artists.",
            "type": "boolean"
        },
        {
            "category": "Politics",
            "correct_answer": "True",
            "difficulty": "medium",
            "incorrect_answers": [
                "False"
            ],
            "question": "During the 2016 United States presidential election, the State of California possessed the most electoral votes, having 55.",
            "type": "boolean"
        },
        {
            "category": "Science & Nature",
            "correct_answer": "False",
            "difficulty": "easy",
            "incorrect_answers": [
                "True"
            ],
            "question": "An exothermic reaction is a chemical reaction that releases energy by radiating electricity.",
            "type": "boolean"
        },
        {
            "category": "Entertainment: Video Games",
            "correct_answer": "1995",
            "difficulty": "medium",
            "incorrect_answers": [
                "1989",
                "1997",
                "1992"
            ],
            "question": "When was Nintendo&#039;s Virtual Boy released?",
            "type": "multiple"
        },
        {
            "category": "History",
            "correct_answer": "World War II",
            "difficulty": "medium",
            "incorrect_answers": [
                "Taiping Rebellion",
                "Three Kingdoms War",
                "Mongol conquests"
            ],
            "question": "Which historical conflict killed the most people?",
            "type": "multiple"
        },
        {
            "category": "History",
            "correct_answer": "True",
            "difficulty": "medium",
            "incorrect_answers": [
                "False"
            ],
            "question": "Oxford University is older than the Aztec Empire. ",
            "type": "boolean"
        },
        {
            "category": "Geography",
            "correct_answer": "Kaunas",
            "difficulty": "hard",
            "incorrect_answers": [
                "Panev\u0117\u017eys",
                "Vilnius",
                "Klaip\u0117da"
            ],
            "question": "What is the second-largest city in Lithuania?",
            "type": "multiple"
        },
        {
            "category": "Entertainment: Video Games",
            "correct_answer": "Jordan &quot;Thermite&quot; Trace",
            "difficulty": "medium",
            "incorrect_answers": [
                "Eliza &quot;Ash&quot; Cohen",
                "Seamus &quot;Sledge&quot; Cowden",
                "Dominic &quot;Bandit&quot; Brunsmeier"
            ],
            "question": "Which of these operators from &quot;Tom Clancy&#039;s Rainbow Six Siege&quot; has the ability to damage reinforced walls?",
            "type": "multiple"
        },
        {
            "category": "Science: Computers",
            "correct_answer": "Quantum Link",
            "difficulty": "hard",
            "incorrect_answers": [
                "CompuServe",
                "Prodigy",
                "GEnie"
            ],
            "question": "America Online (AOL) started out as which of these online service providers?",
            "type": "multiple"
        },
        {
            "category": "Entertainment: Video Games",
            "correct_answer": "300",
            "difficulty": "medium",
            "incorrect_answers": [
                "100",
                "200",
                "400"
            ],
            "question": "In &quot;Overwatch&quot;, how much health does Roadhog&#039;s &quot;Take a Breather&quot; ability recover?",
            "type": "multiple"
        },
        {
            "category": "Science: Mathematics",
            "correct_answer": "Galois Theory",
            "difficulty": "hard",
            "incorrect_answers": [
                "Galois&#039; Continued Fractions",
                "Galois&#039; Method for PDE&#039;s ",
                "Abelian Integration"
            ],
            "question": "The French mathematician &Eacute;variste Galois is primarily known for his work in which?",
            "type": "multiple"
        },
        {
            "category": "General Knowledge",
            "correct_answer": "Andrew Scott Reisse",
            "difficulty": "hard",
            "incorrect_answers": [
                "Nate Mitchell",
                "Jack McCauley",
                "Palmer Luckey"
            ],
            "question": "Virtual reality company Oculus VR lost which of it&#039;s co-founders in a freak car accident in 2013?",
            "type": "multiple"
        },
        {
            "category": "Entertainment: Video Games",
            "correct_answer": "R115 Resonator",
            "difficulty": "easy",
            "incorrect_answers": [
                "GKZ-45 Mk3",
                "Ray Gun",
                "Scavenger"
            ],
            "question": "Which of these is not a wonder weapon in &quot;Call Of Duty: Zombies&quot;?",
            "type": "multiple"
        },
        {
            "category": "Entertainment: Film",
            "correct_answer": "&quot;A Fistful of Dollars&quot;, &quot;For a Few Dollars More&quot;, &quot;The Good, the Bad, and the Ugly&quot;",
            "difficulty": "hard",
            "incorrect_answers": [
                "&quot;The Good, the Bad, and the Ugly&quot;, &quot;For A Few Dollars More&quot;, &quot;A Fistful of Dollars&quot;",
                "&quot;For a Few Dollars More&quot;, &quot;The Good, the Bad, and the Ugly&quot;, &quot;A Fistful of Dollars&quot;",
                "&quot;For a Few Dollars More&quot;, &quot;A Fistful of Dollars&quot;, &quot;The Good, the Bad, and the Ugly&quot;"
            ],
            "question": "What three movies, in order from release date, make up the &quot;Dollars Trilogy&quot;?",
            "type": "multiple"
        },
        {
            "category": "General Knowledge",
            "correct_answer": "Libra",
            "difficulty": "easy",
            "incorrect_answers": [
                "Gemini",
                "Taurus",
                "Capricorn"
            ],
            "question": "Which sign of the zodiac comes between Virgo and Scorpio?",
            "type": "multiple"
        }
    ]
}