{
    "response_code": 0,
    "results": [
        {
            "category": "Entertainment: Television",
            "correct_answer": "Michael Emerson",
            "difficulty": "medium",
            "incorrect_answers": [
                "Jim Caviezel",
                "Taraji P. Henson",
                "Kevin Chapman"
            ],
            "question": "In the TV series &quot;Person of Interest&quot;, who plays the character &quot;Harold Finch&quot;?",
            "type": "multiple"
        },
        {
            "category": "Entertainment: Video Games",
            "correct_answer": "Halo 3: Recon",
            "difficulty": "medium",
            "incorrect_answers": [
                "Halo 3: Helljumpers",
                "Halo 3: Phantom",
                "Halo 3: Guerilla"
            ],
            "question": "When Halo 3: ODST was unveiled in 2008, it had a different title. What was the game formally called?",
            "type": "multiple"
        },
        {
            "category": "Entertainment: Board Games",
            "correct_answer": "Brown",
            "difficulty": "easy",
            "incorrect_answers": [
                "Green",
                "Yellow",
                "Blue"
            ],
            "question": "In a standard game of Monopoly, what colour are the two cheapest properties?",
            "type": "multiple"
        },
        {
            "category": "Entertainment: Film",
            "correct_answer": "Oliver Stone",
            "difficulty": "easy",
            "incorrect_answers": [
                "Francis Ford Coppola",
                "Stanley Kubrick",
                "Michael Cimino"
            ],
            "question": "Who wrote and directed the 1986 film &#039;Platoon&#039;?",
            "type": "multiple"
        },
        {
            "category": "Entertainment: Video Games",
            "correct_answer": "Dirk the Daring",
            "difficulty": "hard",
            "incorrect_answers": [
                "Arthur",
                "Sir Toby Belch",
                "Guy of Gisbourne"
            ],
            "question": "What was the name of the hero in the 80s animated video game &#039;Dragon&#039;s Lair&#039;?",
            "type": "multiple"
        },
        {
            "category": "Entertainment: Cartoon & Animations",
            "correct_answer": "Mr. Potato Head",
            "difficulty": "medium",
            "incorrect_answers": [
                "Slinky Dog",
                "Hamm",
                "Rex"
            ],
            "question": "Which &quot;Toy Story&quot; character was voiced by Don Rickles?",
            "type": "multiple"
        },
        {
            "category": "Science & Nature",
            "correct_answer": "True",
            "difficulty": "medium",
            "incorrect_answers": [
                "False"
            ],
            "question": "Hippopotomonstrosesquippedaliophobia is the irrational fear of long words.",
            "type": "boolean"
        },
        {
            "category": "Entertainment: Video Games",
            "correct_answer": "T. Yoshisaur Munchakoopas",
            "difficulty": "hard",
            "incorrect_answers": [
                "Yoshi",
                "T. Yoshisotop Munchakoopas",
                "Yossy"
            ],
            "question": "In the Super Mario Bros. Series, what is Yoshi&#039;s scientific name?",
            "type": "multiple"
        },
        {
            "category": "Entertainment: Video Games",
            "correct_answer": "Mortal Kombat",
            "difficulty": "easy",
            "incorrect_answers": [
                "Duke Nukem",
                "Resident Evil",
                "Doom"
            ],
            "question": "The most graphically violent game to precede the creation of the ESRB (Entertainment Software Rating Board) was...",
            "type": "multiple"
        },
        {
            "category": "General Knowledge",
            "correct_answer": "False",
            "difficulty": "easy",
            "incorrect_answers": [
                "True"
            ],
            "question": "Video streaming website YouTube was purchased in it&#039;s entirety by Facebook for US$1.65 billion in stock.",
            "type": "boolean"
        },
        {
            "category": "Entertainment: Books",
            "correct_answer": "Ian Fleming",
            "difficulty": "easy",
            "incorrect_answers": [
                "Joseph Conrad",
                "John Buchan",
                "Graham Greene"
            ],
            "question": "Which famous spy novelist wrote the childrens&#039; story &quot;Chitty-Chitty-Bang-Bang&quot;?",
            "type": "multiple"
        },
        {
            "category": "Vehicles",
            "correct_answer": "Honda",
            "difficulty": "medium",
            "incorrect_answers": [
                "Yamaha",
                "Suzuki",
                "Kawasaki"
            ],
            "question": "Which Japanese company is the world&#039;s largest manufacturer of motorcycles?",
            "type": "multiple"
        },
        {
            "category": "Entertainment: Film",
            "correct_answer": "Cool Hand Luke",
            "difficulty": "medium",
            "incorrect_answers": [
                "Bonnie and Clyde",
                "The Graduate",
                "In the Heat of the Night"
            ],
            "question": "This movie contains the quote, &quot;What we&#039;ve got here is a failure to communicate.&quot;",
            "type": "multiple"
        },
        {
            "category": "Sports",
            "correct_answer": "0",
            "difficulty": "easy",
            "incorrect_answers": [
                "5",
                "3",
                "2"
            ],
            "question": "In baseball, how many fouls are an out?",
            "type": "multiple"
        },
        {
            "category": "Geography",
            "correct_answer": "True",
            "difficulty": "medium",
            "incorrect_answers": [
                "False"
            ],
            "question": "The longest place named in the United States is Lake Chargoggagoggmanchauggagoggchaubunagungamaugg, located near Webster, MA.",
            "type": "boolean"
        },
        {
            "category": "Geography",
            "correct_answer": "Georgian",
            "difficulty": "easy",
            "incorrect_answers": [
                "Turkish",
                "Swahili",
                "Vietnamese"
            ],
            "question": "Which of the following languages does NOT use the Latin alphabet?",
            "type": "multiple"
        },
        {
            "category": "General Knowledge",
            "correct_answer": "Rock Band",
            "difficulty": "easy",
            "incorrect_answers": [
                "Meat Beat Mania",
                "Guitar Hero Live",
                "Dance Dance Revolution"
            ],
            "question": "Which one of the following rhythm games was made by Harmonix?",
            "type": "multiple"
        },
        {
            "category": "Politics",
            "correct_answer": "The United States of America",
            "difficulty": "easy",
            "incorrect_answers": [
                "Germany",
                "Japan",
                "United Kingdom"
            ],
            "question": "The largest consumer market in 2015 was...",
            "type": "multiple"
        },
        {
            "category": "Entertainment: Music",
            "correct_answer": "Miami",
            "difficulty": "medium",
            "incorrect_answers": [
                "New York",
                "Detroit",
                "Atlanta"
            ],
            "question": "In which city did American rap producer DJ Khaled originate from?",
            "type": "multiple"
        },
        {
            "category": "Entertainment: Japanese Anime & Manga",
            "correct_answer": "Kon",
            "difficulty": "easy",
            "incorrect_answers": [
                "Jo",
                "Urdiu",
                "Chad"
            ],
            "question": "What is the name of the stuffed lion in Bleach?",
            "type": "multiple"
        },
        {
            "category": "Animals",
            "correct_answer": "Keratin",
            "difficulty": "medium",
            "incorrect_answers": [
                "Bone",
                "Ivory",
                "Skin"
            ],
            "question": "What are rhino&#039;s horn made of?",
            "type": "multiple"
        },
        {
            "category": "Animals",
            "correct_answer": "6",
            "difficulty": "easy",
            "incorrect_answers": [
                "2",
                "4",
                "0"
            ],
            "question": "How many legs do butterflies have?",
            "type": "multiple"
        },
        {
            "category": "Entertainment: Music",
            "correct_answer": "Chris Martin",
            "difficulty": "easy",
            "incorrect_answers": [
                "Jonny Buckland",
                "Guy Berryman",
                "Will Champion"
            ],
            "question": "Who is the lead singer of the British pop rock band Coldplay?",
            "type": "multiple"
        },
        {
            "category": "Politics",
            "correct_answer": "False",
            "difficulty": "easy",
            "incorrect_answers": [
                "True"
            ],
            "question": "Despite being seperated into multiple countries, The Scandinavian countries are unified by all having the same monarch.",
            "type": "boolean"
        },
        {
            "category": "History",
            "correct_answer": "July 1st, 1916",
            "difficulty": "easy",
            "incorrect_answers": [
                "August 1st, 1916",
                "July 2nd, 1916",
                "June 30th, 1916"
            ],
            "question": "When did the Battle of the Somme begin?",
            "type": "multiple"
        },
        {
            "category": "General Knowledge",
            "correct_answer": "False",
            "difficulty": "medium",
            "incorrect_answers": [
                "True"
            ],
            "question": "The French word to travel is &quot;Travail&quot;",
            "type": "boolean"
        },
        {
            "category": "Entertainment: Television",
            "correct_answer": "Guy Fieri",
            "difficulty": "easy",
            "incorrect_answers": [
                "Guy Martin",
                "Guy Ritchie",
                "Ainsley Harriott"
            ],
            "question": "Guy&#039;s Grocery Games is hosted by which presenter?",
            "type": "multiple"
        },
        {
            "category": "Entertainment: Video Games",
            "correct_answer": "20 Minutes, 41 Seconds",
            "difficulty": "hard",
            "incorrect_answers": [
                "45 Minutes, 32 Seconds",
                "5 Minutes, 50 Seconds",
                "12 Minutes, 59 Seconds"
            ],
            "question": "How long was the World Record Speed Run of Valve Software&#039;s &quot;Half-Life&quot; that was done in 2014.",
            "type": "multiple"
        },
        {
            "category": "Science & Nature",
            "correct_answer": "The coma",
            "difficulty": "hard",
            "incorrect_answers": [
                "The wake",
                "The backwash",
                "The ablative"
            ],
            "question": "A comet&#039;s gaseous envelope (which creates the tail) is called what?",
            "type": "multiple"
        },
        {
            "category": "Entertainment: Television",
            "correct_answer": "Pencilvester",
            "difficulty": "easy",
            "incorrect_answers": [
                "Beth Smith",
                "Summer Smith",
                "Mr. Poopy Butthole"
            ],
            "question": "On the show &quot;Rick and Morty&quot;, in episode &quot;Total Rickall&quot;, who was a parasite?",
            "type": "multiple"
        },
        {
            "category": "Science & Nature",
            "correct_answer": "Polyvinylchloride (PVC) ",
            "difficulty": "hard",
            "incorrect_answers": [
                "Polyethylene (PE)",
                "Polypropylene (PP)",
                "Polystyrene (PS)"
            ],
            "question": "Which of the following plastic is commonly used for window frames, gutters and drain pipes?",
            "type": "multiple"
        },
        {
            "category": "Entertainment: Video Games",
            "correct_answer": "Colt Single Action Army",
            "difficulty": "hard",
            "incorrect_answers": [
                "Colt Python",
                "Colt M1892",
                "Colt 1851 Navy Revolver"
            ],
            "question": "In the video game &quot;Metal Gear Solid&quot;, what did Revolver Ocelot consider the greatest handgun ever made?",
            "type": "multiple"
        },
        {
            "category": "Entertainment: Video Games",
            "correct_answer": "Flash",
            "difficulty": "easy",
            "incorrect_answers": [
                "Strength",
                "Cut",
                "Fly"
            ],
            "question": "In Pokemon Red &amp; Blue, what is the name of HM05?",
            "type": "multiple"
        },
        {
            "category": "Science & Nature",
            "correct_answer": "Electron",
            "difficulty": "medium",
            "incorrect_answers": [
                "Neutron",
                "Proton",
                "Photon"
            ],
            "question": "A positron is an antiparticle of a what?",
            "type": "multiple"
        },
        {
            "category": "Entertainment: Video Games",
            "correct_answer": "2012",
            "difficulty": "easy",
            "incorrect_answers": [
                "2014",
                "2013",
                "2011"
            ],
            "question": "In what year was the game &quot;FTL: Faster Than Light&quot; released?",
            "type": "multiple"
        },
        {
            "category": "General Knowledge",
            "correct_answer": "1976",
            "difficulty": "medium",
            "incorrect_answers": [
                "1978",
                "1980",
                "1974"
            ],
            "question": "What year was Apple Inc. founded?",
            "type": "multiple"
        },
        {
            "category": "Entertainment: Video Games",
            "correct_answer": "685",
            "difficulty": "hard",
            "incorrect_answers": [
                "1360",
                "716",
                "1155"
            ],
            "question": "How many trophies are there in &quot;Super Smash Bros. for Nintendo 3DS&quot;?",
            "type": "multiple"
        },
        {
            "category": "Entertainment: Video Games",
            "correct_answer": "Orendi",
            "difficulty": "easy",
            "incorrect_answers": [
                "Orendoo",
                "Oranda",
                "Randy"
            ],
            "question": "What is the name of the 4-armed Chaos Witch from the 2016 video game &quot;Battleborn&quot;?",
            "type": "multiple"
        },
        {
            "category": "History",
            "correct_answer": "False",
            "difficulty": "easy",
            "incorrect_answers": [
                "True"
            ],
            "question": "Adolf Hitler was tried at the Nuremberg trials.",
            "type": "boolean"
        },
        {
            "category": "Entertainment: Film",
            "correct_answer": "Wensleydale",
            "difficulty": "medium",
            "incorrect_answers": [
                "Cheddar",
                "Moon Cheese",
                "Edam"
            ],
            "question": "What type of cheese, loved by Wallace and Gromit, had it&#039;s sale prices rise after their successful short films?",
            "type": "multiple"
        },
        {
            "category": "Entertainment: Video Games",
            "correct_answer": "Portal 2",
            "difficulty": "easy",
            "incorrect_answers": [
                "Left 4 Dead 2",
                "Half-Life 3",
                "Dota 2"
            ],
            "question": "&quot;The Potato Sack&quot; was a collection of indie games released on Steam in 2011 as a promotion for which game?",
            "type": "multiple"
        },
        {
            "category": "Entertainment: Video Games",
            "correct_answer": "Breaking Bad",
            "difficulty": "easy",
            "incorrect_answers": [
                "Portal",
                "Doctor Who",
                "Back to the Future"
            ],
            "question": "Which franchise was NOT featured in the 2015 video game &quot;Lego Dimensions&quot;?",
            "type": "multiple"
        },
        {
            "category": "Vehicles",
            "correct_answer": "Leaf",
            "difficulty": "easy",
            "incorrect_answers": [
                "Tree",
                "Deer",
                "Roots"
            ],
            "question": "What is the name of Nissan&#039;s most popular electric car?",
            "type": "multiple"
        },
        {
            "category": "Entertainment: Film",
            "correct_answer": "To replace Picard as a Romulan Agent",
            "difficulty": "hard",
            "incorrect_answers": [
                "To destroy the Enterprise",
                "To become Picard&#039;s friend ",
                "To steal the Enterprise"
            ],
            "question": "In &quot;Star Trek Nemesis&quot;, why was Praetor Shinzon created?",
            "type": "multiple"
        },
        {
            "category": "Entertainment: Japanese Anime & Manga",
            "correct_answer": "Assassins",
            "difficulty": "hard",
            "incorrect_answers": [
                "Bandits",
                "Hunters",
                "Ninjas"
            ],
            "question": "In &quot;Hunter x Hunter&quot;, what are members in Killua&#039;s family known for being?",
            "type": "multiple"
        },
        {
            "category": "Celebrities",
            "correct_answer": "1995",
            "difficulty": "medium",
            "incorrect_answers": [
                "1986",
                "1989",
                "1997"
            ],
            "question": "In what year did &quot;Bob Ross&quot; die?",
            "type": "multiple"
        },
        {
            "category": "Entertainment: Video Games",
            "correct_answer": "Dark Souls III",
            "difficulty": "hard",
            "incorrect_answers": [
                "Dark Souls I",
                "Bloodborne",
                "Demon Souls"
            ],
            "question": "Which game in the &quot;Dark Souls&quot; series does the player play as the &quot;Ashen One&quot;?",
            "type": "multiple"
        },
        {
            "category": "Entertainment: Television",
            "correct_answer": "Terry Jones",
            "difficulty": "easy",
            "incorrect_answers": [
                "Eric Idle",
                "Graham Chapman",
                "John Cleese"
            ],
            "question": "Who played the Waitress in the Spam sketch of &quot;Monty Python&#039;s Flying Circus&quot;?",
            "type": "multiple"
        },
        {
            "category": "Entertainment: Film",
            "correct_answer": "2005",
            "difficulty": "hard",
            "incorrect_answers": [
                "2007",
                "2015",
                "2020"
            ],
            "question": "In what year does Jurassic World open in the &quot;Jurassic Park&quot; universe?",
            "type": "multiple"
        },
        {
            "category": "Entertainment: Video Games",
            "correct_answer": "False",
            "difficulty": "medium",
            "incorrect_answers": [
                "True"
            ],
            "question": "In the Season One Championship of &quot;Leauge of Legends&quot;, the highest achievable rank was Diamond.",
            "type": "boolean"
        }
    ]
}