{
    "response_code": 0,
    "results": [
        {
            "category": "Entertainment: Cartoon & Animations",
            "correct_answer": "Scar",
            "difficulty": "easy",
            "incorrect_answers": [
                "Fred",
                "Jafar",
                "Vada"
            ],
            "question": "Who was the villain of &#039;&#039;The Lion King&#039;&#039;?",
            "type": "multiple"
        },
        {
            "category": "General Knowledge",
            "correct_answer": "Economics",
            "difficulty": "medium",
            "incorrect_answers": [
                "Philosophy",
                "Politics",
                "Physics"
            ],
            "question": "This field is sometimes known as &ldquo;The Dismal Science.&rdquo;",
            "type": "multiple"
        },
        {
            "category": "Entertainment: Music",
            "correct_answer": "The Beatles",
            "difficulty": "medium",
            "incorrect_answers": [
                "Michael Jackson",
                "Elton John",
                "Elvis Presley"
            ],
            "question": "Who is the best selling artist of all time?",
            "type": "multiple"
        },
        {
            "category": "Sports",
            "correct_answer": "Big Daddy",
            "difficulty": "medium",
            "incorrect_answers": [
                "Giant Haystacks",
                "Kendo Nagasaki",
                "Masambula"
            ],
            "question": "Who was the British professional wrestler Shirley Crabtree better known as?",
            "type": "multiple"
        },
        {
            "category": "Entertainment: Books",
            "correct_answer": "The Nautilus",
            "difficulty": "easy",
            "incorrect_answers": [
                "The Neptune",
                "The Poseidon  ",
                "The Atlantis"
            ],
            "question": "What was the name of Captain Nemo&#039;s submarine in &quot;20,000 Leagues Under the Sea&quot;?",
            "type": "multiple"
        },
        {
            "category": "Science: Computers",
            "correct_answer": "Shellshock",
            "difficulty": "hard",
            "incorrect_answers": [
                "Heartbleed",
                "Bashbug",
                "Stagefright"
            ],
            "question": "What was the name of the security vulnerability found in Bash in 2014?",
            "type": "multiple"
        },
        {
            "category": "Entertainment: Music",
            "correct_answer": "True",
            "difficulty": "medium",
            "incorrect_answers": [
                "False"
            ],
            "question": "Rapper Snoop Dogg&#039;s real name is &#039;Cordozar Calvin Broadus, Jr.&#039;.",
            "type": "boolean"
        },
        {
            "category": "Entertainment: Video Games",
            "correct_answer": "Skeleton",
            "difficulty": "easy",
            "incorrect_answers": [
                "Werewolf",
                "Vampire",
                "Minotaur"
            ],
            "question": "Which of these is a type of monster found in Minecraft?",
            "type": "multiple"
        },
        {
            "category": "Entertainment: Video Games",
            "correct_answer": "Toriel",
            "difficulty": "hard",
            "incorrect_answers": [
                "Papyrus",
                "Undyne",
                "Alphys"
            ],
            "question": "Which of these characters in &quot;Undertale&quot; can the player NOT go on a date with?",
            "type": "multiple"
        },
        {
            "category": "Geography",
            "correct_answer": "Basque",
            "difficulty": "easy",
            "incorrect_answers": [
                "Galician",
                "Maltese",
                "Hungarian"
            ],
            "question": "Which of the following European languages is classified as a &quot;language isolate?&quot;",
            "type": "multiple"
        },
        {
            "category": "History",
            "correct_answer": "Marie Antoinette",
            "difficulty": "easy",
            "incorrect_answers": [
                "Czar Nicholas II",
                "Elizabeth I",
                "Henry VIII"
            ],
            "question": "Which famous world leader is famed for the saying, &quot;Let them eat cake&quot;, yet is rumored that he/she never said it at all?",
            "type": "multiple"
        },
        {
            "category": "General Knowledge",
            "correct_answer": "A body pillow",
            "difficulty": "medium",
            "incorrect_answers": [
                "A Chinese meal, essentially composed of fish",
                "A yoga posture",
                "A word used to describe two people who truly love each other"
            ],
            "question": "What is a &quot;dakimakura&quot;?",
            "type": "multiple"
        },
        {
            "category": "Entertainment: Video Games",
            "correct_answer": "Team Rocket",
            "difficulty": "easy",
            "incorrect_answers": [
                "Team Instinct",
                "Team Valor",
                "Team Mystic"
            ],
            "question": "Which of these is NOT a team available in the game Pok&eacute;mon Go?",
            "type": "multiple"
        },
        {
            "category": "Sports",
            "correct_answer": "Qatar",
            "difficulty": "medium",
            "incorrect_answers": [
                "Uganda",
                "Vietnam",
                "Bolivia"
            ],
            "question": "Which country is hosting the 2022 FIFA World Cup?",
            "type": "multiple"
        },
        {
            "category": "Geography",
            "correct_answer": "United Kingdom",
            "difficulty": "medium",
            "incorrect_answers": [
                "Spain",
                "Portugal",
                "France"
            ],
            "question": "Gibraltar, located just south of the Iberian peninsula, is a territory of which West Europe country?",
            "type": "multiple"
        },
        {
            "category": "Science & Nature",
            "correct_answer": "Vitamin B",
            "difficulty": "hard",
            "incorrect_answers": [
                "Vitamin A",
                "Vitamin C",
                "Vitamin D"
            ],
            "question": "Folic acid is the synthetic form of which vitamin?",
            "type": "multiple"
        },
        {
            "category": "Geography",
            "correct_answer": "Memphis",
            "difficulty": "easy",
            "incorrect_answers": [
                "Thebes",
                "Alexandria",
                "Luxor"
            ],
            "question": "Which of these is the name of the largest city in the US state Tennessee?",
            "type": "multiple"
        },
        {
            "category": "Geography",
            "correct_answer": "1848",
            "difficulty": "hard",
            "incorrect_answers": [
                "1634",
                "1783",
                "1901"
            ],
            "question": "What year is on the flag of the US state Wisconsin?",
            "type": "multiple"
        },
        {
            "category": "Entertainment: Video Games",
            "correct_answer": "Novakid",
            "difficulty": "easy",
            "incorrect_answers": [
                "Avian",
                "Human",
                "Hylotl"
            ],
            "question": "Which of these Starbound races has a Wild West culture?",
            "type": "multiple"
        },
        {
            "category": "Politics",
            "correct_answer": "True",
            "difficulty": "easy",
            "incorrect_answers": [
                "False"
            ],
            "question": "Denmark has a monarch.",
            "type": "boolean"
        },
        {
            "category": "Entertainment: Video Games",
            "correct_answer": "Hydra",
            "difficulty": "medium",
            "incorrect_answers": [
                "Cthulu",
                "Spike",
                "Tremor"
            ],
            "question": "Which of these is the name of a cut enemy from &quot;Half-Life 2&quot;?",
            "type": "multiple"
        },
        {
            "category": "Entertainment: Video Games",
            "correct_answer": "ZUN",
            "difficulty": "medium",
            "incorrect_answers": [
                "SUN",
                "RUN",
                "PUN"
            ],
            "question": "The creator of the Touhou Project series is:",
            "type": "multiple"
        },
        {
            "category": "History",
            "correct_answer": "Aristotle",
            "difficulty": "medium",
            "incorrect_answers": [
                "Socrates",
                "Plato",
                "King Philip"
            ],
            "question": "Who tutored Alexander the Great?",
            "type": "multiple"
        },
        {
            "category": "Entertainment: Music",
            "correct_answer": "The Naked and Famous",
            "difficulty": "medium",
            "incorrect_answers": [
                "Cut Copy",
                "Empire of the Sun",
                "Tame Impala"
            ],
            "question": "Which of these bands are NOT from Australia?",
            "type": "multiple"
        },
        {
            "category": "Entertainment: Books",
            "correct_answer": "John Green",
            "difficulty": "easy",
            "incorrect_answers": [
                "Stephenie Meyer",
                "Suzanne Collins",
                "Stephen Chbosky"
            ],
            "question": "Who wrote the young adult novel &quot;The Fault in Our Stars&quot;?",
            "type": "multiple"
        },
        {
            "category": "History",
            "correct_answer": "Kurdish",
            "difficulty": "medium",
            "incorrect_answers": [
                "Arab",
                "Egyptian",
                "Syrian"
            ],
            "question": "What nationality was sultan Saladin?",
            "type": "multiple"
        },
        {
            "category": "Entertainment: Film",
            "correct_answer": "False",
            "difficulty": "easy",
            "incorrect_answers": [
                "True"
            ],
            "question": "In the original Star Wars trilogy, Alec Guinness provided the voice for Darth Vader.",
            "type": "boolean"
        },
        {
            "category": "Entertainment: Musicals & Theatres",
            "correct_answer": "37",
            "difficulty": "easy",
            "incorrect_answers": [
                "18",
                "54",
                "25"
            ],
            "question": "How many plays is Shakespeare generally considered to have written?",
            "type": "multiple"
        },
        {
            "category": "Entertainment: Video Games",
            "correct_answer": "Lance",
            "difficulty": "easy",
            "incorrect_answers": [
                "Agatha",
                "Bruno",
                "Lorelei"
            ],
            "question": "Which Elite Four member from the first generation of Pok&eacute;mon became the champion in the next generation?",
            "type": "multiple"
        },
        {
            "category": "Geography",
            "correct_answer": "Schweizerische Bundesbahnen",
            "difficulty": "hard",
            "incorrect_answers": [
                "Schweizerische Nationalbahnen",
                "Bundesbahnen der Schweiz",
                "Schweizerische Staatsbahnen"
            ],
            "question": "What is the official German name of the Swiss Federal Railways?",
            "type": "multiple"
        },
        {
            "category": "Mythology",
            "correct_answer": "Bull",
            "difficulty": "medium",
            "incorrect_answers": [
                "Cow",
                "Horse",
                "Eagle"
            ],
            "question": "A minotaur is half human half what?",
            "type": "multiple"
        },
        {
            "category": "Entertainment: Film",
            "correct_answer": "&quot;No. I am your father.&quot;",
            "difficulty": "medium",
            "incorrect_answers": [
                "&quot;Luke, I am your father.&quot;",
                "&quot;You&#039;re wrong. I am your father.&quot;",
                "&quot;The truth is that I am your father.&quot;"
            ],
            "question": "Darth Vader&#039;s famous reveal to Luke is iconic. But which of these is the right one?",
            "type": "multiple"
        },
        {
            "category": "Entertainment: Video Games",
            "correct_answer": "Joseph Clarence",
            "difficulty": "medium",
            "incorrect_answers": [
                "The Swing King",
                "Maynard John",
                "Manuel Delgado"
            ],
            "question": "In Hitman: Blood Money, what is the name of the target in the mission &quot;Death of a Showman&quot;?",
            "type": "multiple"
        },
        {
            "category": "Entertainment: Video Games",
            "correct_answer": "Yu Narukami",
            "difficulty": "medium",
            "incorrect_answers": [
                "Chino Mashido",
                "Tunki Sunada",
                "Masaki Narinaka"
            ],
            "question": "In the game &quot;Persona 4&quot;, what is the canonical name of the protagonist?",
            "type": "multiple"
        },
        {
            "category": "Entertainment: Film",
            "correct_answer": "Gunnar Hansen",
            "difficulty": "hard",
            "incorrect_answers": [
                "Edwin Neal",
                "John Dugan",
                "Joe Bill Hogan"
            ],
            "question": "What was the name of the actor who played Leatherface in the 1974 horror film, The Texas Chainsaw Massacre?",
            "type": "multiple"
        },
        {
            "category": "History",
            "correct_answer": "350,000",
            "difficulty": "hard",
            "incorrect_answers": [
                "225,000",
                "100,000",
                "500,000"
            ],
            "question": "How many women joined the United States Armed Services during World War II?",
            "type": "multiple"
        },
        {
            "category": "Entertainment: Video Games",
            "correct_answer": "2401 Penitent Tangent",
            "difficulty": "medium",
            "incorrect_answers": [
                "343 Guilty Spark",
                "031 Exuberant Witness",
                "252 Biodis Expolsion"
            ],
            "question": "In &quot;Halo 2&quot;, what is the name of the monitor of Installation 05?",
            "type": "multiple"
        },
        {
            "category": "Entertainment: Music",
            "correct_answer": "4",
            "difficulty": "medium",
            "incorrect_answers": [
                "5",
                "2",
                "18"
            ],
            "question": "How many members are in the Japanese rock band SCANDAL?",
            "type": "multiple"
        },
        {
            "category": "Entertainment: Video Games",
            "correct_answer": "Dimitri Lousteau",
            "difficulty": "medium",
            "incorrect_answers": [
                "Mz. Ruby",
                "Muggshot",
                "Clockwerk"
            ],
            "question": "Which one of these was not a member of the Fiendish Five in the game Sly Cooper and the Thievius Raccoonus?",
            "type": "multiple"
        },
        {
            "category": "Entertainment: Books",
            "correct_answer": "The Greasers",
            "difficulty": "medium",
            "incorrect_answers": [
                "The Outsiders",
                "The Mafia",
                "The Socs"
            ],
            "question": "What is the name of the gang that Ponyboy is a part of in the book, The Outsiders?",
            "type": "multiple"
        },
        {
            "category": "Entertainment: Television",
            "correct_answer": "True",
            "difficulty": "medium",
            "incorrect_answers": [
                "False"
            ],
            "question": "In &quot;Star Trek&quot;, Klingons respect William Shakespeare, they even suspect him having a Klingon lineage.",
            "type": "boolean"
        },
        {
            "category": "Entertainment: Cartoon & Animations",
            "correct_answer": "C-137",
            "difficulty": "hard",
            "incorrect_answers": [
                "J1977",
                "C-136",
                "C500-a"
            ],
            "question": "In &quot;Rick and Morty&quot;, from which dimension do Rick and Morty originate from?",
            "type": "multiple"
        },
        {
            "category": "Entertainment: Video Games",
            "correct_answer": "Der Riese",
            "difficulty": "medium",
            "incorrect_answers": [
                "Tranzit",
                "Call Of The Dead",
                "Shi No Numa"
            ],
            "question": "In &quot;Call Of Duty: Zombies&quot;, which map features the &quot;Fly Trap&quot; easter egg?",
            "type": "multiple"
        },
        {
            "category": "Entertainment: Japanese Anime & Manga",
            "correct_answer": "2006",
            "difficulty": "hard",
            "incorrect_answers": [
                "2007",
                "2004",
                "2005"
            ],
            "question": "The &quot;To Love-Ru&quot; Manga was started in what year?",
            "type": "multiple"
        },
        {
            "category": "Entertainment: Cartoon & Animations",
            "correct_answer": "SpongeBob SquarePants ",
            "difficulty": "easy",
            "incorrect_answers": [
                "Patrick Star",
                "Squidward Tentacles",
                "Mr. Krabs"
            ],
            "question": "Which of these characters live in a pineapple under the sea in the cartoon &quot;SpongeBob SquarePants&quot;.",
            "type": "multiple"
        },
        {
            "category": "Entertainment: Film",
            "correct_answer": "Sigourney Weaver",
            "difficulty": "hard",
            "incorrect_answers": [
                "Jessica Chastain",
                "Melissa Beckett",
                "Alyssa Monroe "
            ],
            "question": "Which actress portrayed Dr. Grace Augustine in the James Cameron movie &quot;Avatar&quot;?",
            "type": "multiple"
        },
        {
            "category": "History",
            "correct_answer": "116",
            "difficulty": "medium",
            "incorrect_answers": [
                "100",
                "90",
                "101"
            ],
            "question": "How many years did the Hundred Years&#039; War last?",
            "type": "multiple"
        },
        {
            "category": "Entertainment: Japanese Anime & Manga",
            "correct_answer": "I Don&#039;t Want to Miss a Thing",
            "difficulty": "hard",
            "incorrect_answers": [
                "Eye Of The Tiger",
                "Born to be Wild",
                "Ruby Ring"
            ],
            "question": "In &quot;Jewelpet Sunshine&quot;, what is the song that plays when Kanon and her friends bust out of prison?",
            "type": "multiple"
        },
        {
            "category": "Entertainment: Video Games",
            "correct_answer": "Dawngate",
            "difficulty": "medium",
            "incorrect_answers": [
                "Strife",
                "League of Legends",
                "Heroes of Newerth"
            ],
            "question": "What former MOBA, created by Waystone Games and published by EA, was shut down in 2014?",
            "type": "multiple"
        },
        {
            "category": "Science & Nature",
            "correct_answer": "9.461 Trillion Kilometres",
            "difficulty": "hard",
            "incorrect_answers": [
                "1 AU",
                "105.40 Earth-years",
                "501.2 Million Miles"
            ],
            "question": "How long is a light-year?",
            "type": "multiple"
        }
    ]
}