{
    "response_code": 0,
    "results": [
        {
            "category": "Geography",
            "correct_answer": "Washington D.C",
            "difficulty": "easy",
            "incorrect_answers": [
                "Seattle",
                "Albany",
                "Los Angeles"
            ],
            "question": "Which city is the capital of the United States of America?",
            "type": "multiple"
        },
        {
            "category": "General Knowledge",
            "correct_answer": "Saffron",
            "difficulty": "medium",
            "incorrect_answers": [
                "Cinnamon",
                "Cardamom",
                "Vanilla"
            ],
            "question": "What is the world&#039;s most expensive spice by weight?",
            "type": "multiple"
        },
        {
            "category": "Sports",
            "correct_answer": "Puma",
            "difficulty": "medium",
            "incorrect_answers": [
                "Nike",
                "Adidas",
                "Reebok"
            ],
            "question": "Which German sportswear company&#039;s logo is the &#039;Formstripe&#039;?",
            "type": "multiple"
        },
        {
            "category": "Entertainment: Film",
            "correct_answer": "Hogarth Hughes",
            "difficulty": "medium",
            "incorrect_answers": [
                "Kent Mansley",
                "Dean McCoppin",
                "Annie Hughes"
            ],
            "question": "In the movie &ldquo;The Iron Giant,&rdquo; this character is the protagonist.",
            "type": "multiple"
        },
        {
            "category": "Entertainment: Music",
            "correct_answer": "Trent Reznor",
            "difficulty": "medium",
            "incorrect_answers": [
                "Marilyn Manson",
                "Robin Finck",
                "Josh Homme"
            ],
            "question": "Who is the founder and leader of industrial rock band, &#039;Nine Inch Nails&#039;?",
            "type": "multiple"
        },
        {
            "category": "History",
            "correct_answer": "True",
            "difficulty": "hard",
            "incorrect_answers": [
                "False"
            ],
            "question": "Japan was part of the Allied Powers during World War I.",
            "type": "boolean"
        },
        {
            "category": "Entertainment: Books",
            "correct_answer": "The Lord of the Rings",
            "difficulty": "easy",
            "incorrect_answers": [
                "The Little Prince",
                "Harry Potter and the Philosopher&#039;s Stone",
                "The Da Vinci Code"
            ],
            "question": "Which of the following is the world&#039;s best-selling book?",
            "type": "multiple"
        },
        {
            "category": "General Knowledge",
            "correct_answer": "False",
            "difficulty": "medium",
            "incorrect_answers": [
                "True"
            ],
            "question": "Coca-Cola&#039;s original colour was green.",
            "type": "boolean"
        },
        {
            "category": "Entertainment: Music",
            "correct_answer": "Thriller",
            "difficulty": "easy",
            "incorrect_answers": [
                "Back in Black",
                "Abbey Road",
                "The Dark Side of the Moon"
            ],
            "question": "What is the best selling album of all time?",
            "type": "multiple"
        },
        {
            "category": "Entertainment: Music",
            "correct_answer": "Three",
            "difficulty": "easy",
            "incorrect_answers": [
                "Two",
                "Four",
                "Five"
            ],
            "question": "How many members are there in the band Nirvana?",
            "type": "multiple"
        },
        {
            "category": "Science: Computers",
            "correct_answer": "8",
            "difficulty": "easy",
            "incorrect_answers": [
                "1",
                "2",
                "64"
            ],
            "question": "What amount of bits commonly equals one byte?",
            "type": "multiple"
        },
        {
            "category": "Entertainment: Board Games",
            "correct_answer": "Senet",
            "difficulty": "hard",
            "incorrect_answers": [
                "Chess",
                "Checkers",
                "Go"
            ],
            "question": "What is the world&#039;s oldest board game?",
            "type": "multiple"
        },
        {
            "category": "History",
            "correct_answer": "3 to 6 percent",
            "difficulty": "medium",
            "incorrect_answers": [
                "6 to 10 percent",
                "1 to 3 percent",
                "less than 1 percent"
            ],
            "question": "One of the deadliest pandemics, the &quot;Spanish Flu&quot;, killed off what percentage of the human world population at the time?",
            "type": "multiple"
        },
        {
            "category": "Entertainment: Video Games",
            "correct_answer": "SCAR-20",
            "difficulty": "medium",
            "incorrect_answers": [
                "SG 550",
                "CZ-75",
                "XM1014"
            ],
            "question": "Which of these weapons is NOT available to the Terrorist team in the game, &quot;Counter-Strike: Global Offensive&quot;?",
            "type": "multiple"
        },
        {
            "category": "Geography",
            "correct_answer": "True",
            "difficulty": "medium",
            "incorrect_answers": [
                "False"
            ],
            "question": "The Southeast Asian island of Borneo is politically divided among 3 countries.",
            "type": "boolean"
        },
        {
            "category": "Science: Computers",
            "correct_answer": "Micronesia",
            "difficulty": "hard",
            "incorrect_answers": [
                "Fiji",
                "Tuvalu",
                "Marshall Islands"
            ],
            "question": "The internet domain .fm is the country-code top-level domain for which Pacific Ocean island nation?",
            "type": "multiple"
        },
        {
            "category": "Politics",
            "correct_answer": "A",
            "difficulty": "hard",
            "incorrect_answers": [
                "X",
                "D",
                "B"
            ],
            "question": "Which letter do you need to have on a European driver license in order to ride any motorbikes?",
            "type": "multiple"
        },
        {
            "category": "Entertainment: Musicals & Theatres",
            "correct_answer": "Et tu, Brute? ",
            "difficulty": "easy",
            "incorrect_answers": [
                "Iacta alea est!",
                "Vidi, vini, vici.",
                "Aegri somnia vana."
            ],
            "question": "In Shakespeare&#039;s play Julius Caesar, Caesar&#039;s last words were...",
            "type": "multiple"
        },
        {
            "category": "Vehicles",
            "correct_answer": "Koenigsegg",
            "difficulty": "medium",
            "incorrect_answers": [
                "Bugatti",
                "Lamborghini",
                "McLaren"
            ],
            "question": "Which supercar company is from Sweden?",
            "type": "multiple"
        },
        {
            "category": "Vehicles",
            "correct_answer": "VANOS",
            "difficulty": "hard",
            "incorrect_answers": [
                "VVT-iw",
                "VVEL",
                "MultiAir"
            ],
            "question": "Which Variable Valve Timing technology is used by BMW?",
            "type": "multiple"
        },
        {
            "category": "Entertainment: Music",
            "correct_answer": "Woman",
            "difficulty": "medium",
            "incorrect_answers": [
                "Randy",
                "Safe and Sound",
                "Pleasure"
            ],
            "question": "What is the name of the 2016 studio album by the French electronic music duo Justice?",
            "type": "multiple"
        },
        {
            "category": "Science & Nature",
            "correct_answer": "Ankle jerk reflex",
            "difficulty": "medium",
            "incorrect_answers": [
                "Gag reflex",
                "Pupillary light reflex",
                "Scratch reflex"
            ],
            "question": "Which of these is a type of stretch/deep tendon reflex?",
            "type": "multiple"
        },
        {
            "category": "Art",
            "correct_answer": "The Black Sea",
            "difficulty": "medium",
            "incorrect_answers": [
                "The Sea of Ice",
                "Wanderer above the Sea of Fog",
                "The Monk by the Sea"
            ],
            "question": "Which one of these paintings is not by Caspar David Friedrich?",
            "type": "multiple"
        },
        {
            "category": "Entertainment: Video Games",
            "correct_answer": "Towelie",
            "difficulty": "easy",
            "incorrect_answers": [
                "Jesus",
                "Mr. Hankey",
                "Mr. Slave"
            ],
            "question": "Which of the following is NOT a summon in the game &quot;South Park: The Stick of Truth&quot;?",
            "type": "multiple"
        },
        {
            "category": "Entertainment: Video Games",
            "correct_answer": "Final Fantasy III",
            "difficulty": "medium",
            "incorrect_answers": [
                "Final Fantasy VI",
                "Final Fantasy V",
                "Final Fantasy II"
            ],
            "question": "Final Fantasy VI was originally released outside Japan under what name?",
            "type": "multiple"
        },
        {
            "category": "Entertainment: Japanese Anime & Manga",
            "correct_answer": "Diane",
            "difficulty": "easy",
            "incorrect_answers": [
                "Sakura",
                "Ayano",
                "Sheska"
            ],
            "question": "In the anime Seven Deadly Sins what is the name of one of the sins?",
            "type": "multiple"
        },
        {
            "category": "Entertainment: Music",
            "correct_answer": "Aloe Blacc",
            "difficulty": "medium",
            "incorrect_answers": [
                "Lena Meyer-Landrut",
                "Stevie Wonder",
                "Taylor Swift"
            ],
            "question": "&quot;Lift Your Spirit&quot; is an album by which artist?",
            "type": "multiple"
        },
        {
            "category": "Politics",
            "correct_answer": "35",
            "difficulty": "easy",
            "incorrect_answers": [
                "30",
                "40",
                "45"
            ],
            "question": "According to the United States Constitution, how old must a person be to be elected President of the United States?",
            "type": "multiple"
        },
        {
            "category": "Science: Computers",
            "correct_answer": "True",
            "difficulty": "medium",
            "incorrect_answers": [
                "False"
            ],
            "question": "It&#039;s not possible to format a write-protected DVD-R Hard Disk.",
            "type": "boolean"
        },
        {
            "category": "Entertainment: Video Games",
            "correct_answer": "The Falador Massacre",
            "difficulty": "medium",
            "incorrect_answers": [
                "Noclip glitch",
                "Party-hat Duplication Glitch",
                "TzHaar Massacre"
            ],
            "question": "On the 6th of June 2006, what was the name of the infamous glitch that occurred in the MMO RuneScape?",
            "type": "multiple"
        },
        {
            "category": "Entertainment: Video Games",
            "correct_answer": "5",
            "difficulty": "hard",
            "incorrect_answers": [
                "4",
                "6",
                "3"
            ],
            "question": "How many voice channels does the Nintendo Entertainment System support natively?",
            "type": "multiple"
        },
        {
            "category": "Entertainment: Television",
            "correct_answer": "True",
            "difficulty": "medium",
            "incorrect_answers": [
                "False"
            ],
            "question": "Like his character in &quot;Parks and Recreation&quot;, Aziz Ansari was born in South Carolina.",
            "type": "boolean"
        },
        {
            "category": "Politics",
            "correct_answer": "False",
            "difficulty": "easy",
            "incorrect_answers": [
                "True"
            ],
            "question": "Donald Trump won the popular vote in the 2016 United States presidential election.",
            "type": "boolean"
        },
        {
            "category": "Science: Mathematics",
            "correct_answer": "True",
            "difficulty": "medium",
            "incorrect_answers": [
                "False"
            ],
            "question": "A &#039;Millinillion&#039; is a real number.",
            "type": "boolean"
        },
        {
            "category": "Science: Mathematics",
            "correct_answer": "7",
            "difficulty": "easy",
            "incorrect_answers": [
                "8",
                "6",
                "5"
            ],
            "question": "How many sides does a heptagon have?",
            "type": "multiple"
        },
        {
            "category": "Entertainment: Film",
            "correct_answer": "Beer",
            "difficulty": "hard",
            "incorrect_answers": [
                "Fast food",
                "Food stamps",
                "They weren&#039;t paid"
            ],
            "question": "In order to cut costs, what were most of the extras of Mad Max (1979) paid with?",
            "type": "multiple"
        },
        {
            "category": "History",
            "correct_answer": "The Central Powers",
            "difficulty": "medium",
            "incorrect_answers": [
                "The Axis Powers",
                "The Federation of Empires",
                "Authoritarian Alliance"
            ],
            "question": "In World War I, what was the name of the alliance of Germany, Austria-Hungary, the Ottoman Empire, and Bulgaria?",
            "type": "multiple"
        },
        {
            "category": "Science & Nature",
            "correct_answer": "True",
            "difficulty": "hard",
            "incorrect_answers": [
                "False"
            ],
            "question": "The value of one Calorie is different than the value of one calorie.",
            "type": "boolean"
        },
        {
            "category": "Vehicles",
            "correct_answer": "1972",
            "difficulty": "hard",
            "incorrect_answers": [
                "1982",
                "1975",
                "1973"
            ],
            "question": "What year did the Chevrolet LUV mini truck make its debut?",
            "type": "multiple"
        },
        {
            "category": "History",
            "correct_answer": "Soviet Union",
            "difficulty": "medium",
            "incorrect_answers": [
                "Italy",
                "Germany",
                "Japan"
            ],
            "question": "Which country was an allied power in World War II?",
            "type": "multiple"
        },
        {
            "category": "Entertainment: Video Games",
            "correct_answer": "Origins",
            "difficulty": "medium",
            "incorrect_answers": [
                "Revelations",
                "Moon",
                "Tranzit"
            ],
            "question": "In &quot;Call Of Duty: Zombies&quot;, completing which map&#039;s main easter egg will reward you with the achievement, &quot;Little Lost Girl&quot;?",
            "type": "multiple"
        },
        {
            "category": "Entertainment: Video Games",
            "correct_answer": "Eric Barone",
            "difficulty": "medium",
            "incorrect_answers": [
                "Daisuke Amaya",
                "Jasper Byrne",
                "Lucas Pope"
            ],
            "question": "Who developed the 2016 farming RPG &quot;Stardew Valley&quot;?",
            "type": "multiple"
        },
        {
            "category": "General Knowledge",
            "correct_answer": "Sheep&#039;s Heart, Liver and Lungs",
            "difficulty": "medium",
            "incorrect_answers": [
                "Sheep&#039;s Heart, Kidneys and Lungs",
                "Sheep&#039;s Liver, Kidneys and Eyes",
                "Whole Sheep"
            ],
            "question": "What is real haggis made of?",
            "type": "multiple"
        },
        {
            "category": "General Knowledge",
            "correct_answer": "True",
            "difficulty": "hard",
            "incorrect_answers": [
                "False"
            ],
            "question": "Spoon theory is a theory, utilizing &quot;Spoons&quot; as a metaphor for energy they can use in a day.",
            "type": "boolean"
        },
        {
            "category": "Entertainment: Cartoon & Animations",
            "correct_answer": "Chiss",
            "difficulty": "hard",
            "incorrect_answers": [
                "Gungans",
                "Pantorans",
                "Twi&#039;lek"
            ],
            "question": "In the &quot;Star Wars&quot; universe, what species is Grand Admiral Thrawn?",
            "type": "multiple"
        },
        {
            "category": "Geography",
            "correct_answer": "Abruzzi Spur",
            "difficulty": "hard",
            "incorrect_answers": [
                "Magic Line",
                "Cesen Route",
                "Polish Line"
            ],
            "question": "What is the most common climbing route for the second highest mountain in the world, K2?",
            "type": "multiple"
        },
        {
            "category": "Entertainment: Video Games",
            "correct_answer": "Scott",
            "difficulty": "medium",
            "incorrect_answers": [
                "Shaun",
                "Simon",
                "Sam"
            ],
            "question": "In &quot;Resident Evil 2&quot;, what is Leon Kennedy&#039;s middle name?",
            "type": "multiple"
        },
        {
            "category": "Politics",
            "correct_answer": "The Kingfish",
            "difficulty": "medium",
            "incorrect_answers": [
                "The Champ",
                "The Hoot Owl",
                "The Oracle"
            ],
            "question": "What was the personal nickname of the 40th Governor of the US State Louisiana, Huey Long?",
            "type": "multiple"
        },
        {
            "category": "Sports",
            "correct_answer": "1969",
            "difficulty": "hard",
            "incorrect_answers": [
                "1968",
                "1971",
                "1970"
            ],
            "question": "Which year was the third Super Bowl held?",
            "type": "multiple"
        },
        {
            "category": "Entertainment: Video Games",
            "correct_answer": "Bayonetta",
            "difficulty": "medium",
            "incorrect_answers": [
                "Cloud",
                "Ryu",
                "Megaman"
            ],
            "question": "Which of these characters won the Super Smash Bros. Fighter Ballot in 2015?",
            "type": "multiple"
        }
    ]
}