{
    "response_code": 0,
    "results": [
        {
            "category": "Entertainment: Video Games",
            "correct_answer": "October 29, 2003",
            "difficulty": "hard",
            "incorrect_answers": [
                "December 1, 2003",
                "November 14, 2002",
                "July 18, 2004"
            ],
            "question": "When was the first Call of Duty title released?",
            "type": "multiple"
        },
        {
            "category": "Entertainment: Video Games",
            "correct_answer": "Project Needlemouse",
            "difficulty": "hard",
            "incorrect_answers": [
                "Project Bluespike",
                "Project Roboegg",
                "Project Darksphere"
            ],
            "question": "What was the code name given to Sonic the Hedgehog 4 during its development?",
            "type": "multiple"
        },
        {
            "category": "Entertainment: Books",
            "correct_answer": "1984",
            "difficulty": "easy",
            "incorrect_answers": [
                "The Old Man and the Sea",
                "Catcher and the Rye",
                "To Kill a Mockingbird"
            ],
            "question": "George Orwell wrote this book, which is often considered a statement on government oversight.",
            "type": "multiple"
        },
        {
            "category": "History",
            "correct_answer": "1969",
            "difficulty": "medium",
            "incorrect_answers": [
                "1965",
                "1966",
                "1973"
            ],
            "question": "In what year did Neil Armstrong and Buzz Aldrin land on the moon?",
            "type": "multiple"
        },
        {
            "category": "Science & Nature",
            "correct_answer": "Space",
            "difficulty": "easy",
            "incorrect_answers": [
                "Science",
                "Society",
                "Star"
            ],
            "question": "What does the letter &#039;S&#039; stand for in &#039;NASA&#039;?",
            "type": "multiple"
        },
        {
            "category": "Entertainment: Music",
            "correct_answer": "Prince",
            "difficulty": "easy",
            "incorrect_answers": [
                "Michael Jackson",
                "Cameo",
                "Rick James"
            ],
            "question": "Who wrote the Sinead O`Connor hit &#039;Nothing Compares 2 U&#039;?",
            "type": "multiple"
        },
        {
            "category": "Entertainment: Film",
            "correct_answer": "False",
            "difficulty": "easy",
            "incorrect_answers": [
                "True"
            ],
            "question": "Han Solo&#039;s co-pilot and best friend, &quot;Chewbacca&quot;, is an Ewok.",
            "type": "boolean"
        },
        {
            "category": "History",
            "correct_answer": "Alexander Flemming",
            "difficulty": "easy",
            "incorrect_answers": [
                "Marie Curie",
                "Alfred Nobel",
                "Louis Pasteur"
            ],
            "question": "Who discovered Penicillin?",
            "type": "multiple"
        },
        {
            "category": "Science & Nature",
            "correct_answer": "Uranus",
            "difficulty": "medium",
            "incorrect_answers": [
                "Jupiter",
                "Venus",
                "Neptune"
            ],
            "question": "The moons, Miranda, Ariel, Umbriel, Titania and Oberon orbit which planet?",
            "type": "multiple"
        },
        {
            "category": "Entertainment: Music",
            "correct_answer": "Def Leppard",
            "difficulty": "medium",
            "incorrect_answers": [
                "The Beatles",
                "Lynyrd Skynyrd",
                "Foreigner"
            ],
            "question": "Which popular rock band has a one-armed drummer?",
            "type": "multiple"
        },
        {
            "category": "Entertainment: Music",
            "correct_answer": "George Gershwin",
            "difficulty": "medium",
            "incorrect_answers": [
                "Irving Berlin",
                "Duke Ellington",
                "Johnny Mandel"
            ],
            "question": "Who wrote the musical composition, &quot;Rhapsody In Blue&quot;?",
            "type": "multiple"
        },
        {
            "category": "General Knowledge",
            "correct_answer": "False",
            "difficulty": "medium",
            "incorrect_answers": [
                "True"
            ],
            "question": "The vapor produced by e-cigarettes is actually water.",
            "type": "boolean"
        },
        {
            "category": "Entertainment: Music",
            "correct_answer": "Jamie xx",
            "difficulty": "hard",
            "incorrect_answers": [
                "Romy Madley Croft",
                "Oliver Sim",
                "Baria Qureshi"
            ],
            "question": "Which member of the English band &quot;The xx&quot; released their solo album &quot;In Colour&quot; in 2015?",
            "type": "multiple"
        },
        {
            "category": "Entertainment: Film",
            "correct_answer": "1986",
            "difficulty": "medium",
            "incorrect_answers": [
                "2007",
                "1984",
                "2009"
            ],
            "question": "In what year was the first Transformers movie released?",
            "type": "multiple"
        },
        {
            "category": "Sports",
            "correct_answer": "Germany",
            "difficulty": "medium",
            "incorrect_answers": [
                "United Kingdom",
                "Brazil",
                "South Africa"
            ],
            "question": "Which nation hosted the FIFA World Cup in 2006?",
            "type": "multiple"
        },
        {
            "category": "Geography",
            "correct_answer": "No one, but there are claims.",
            "difficulty": "easy",
            "incorrect_answers": [
                "United States of America",
                "United Nations",
                "Australia"
            ],
            "question": "Which nation claims ownership of Antarctica?",
            "type": "multiple"
        },
        {
            "category": "General Knowledge",
            "correct_answer": "Nicotine",
            "difficulty": "hard",
            "incorrect_answers": [
                "Mescaline",
                "Cyanide",
                "Psilocybin"
            ],
            "question": "Which of the following chemicals are found in eggplant seeds?",
            "type": "multiple"
        },
        {
            "category": "Science: Computers",
            "correct_answer": "December 20, 1990",
            "difficulty": "medium",
            "incorrect_answers": [
                "December 17, 1996",
                "November 12, 1990",
                "November 24, 1995"
            ],
            "question": "On which day did the World Wide Web go online?",
            "type": "multiple"
        },
        {
            "category": "Entertainment: Cartoon & Animations",
            "correct_answer": "1995",
            "difficulty": "medium",
            "incorrect_answers": [
                "1999",
                "2001",
                "1997"
            ],
            "question": "What year was the Disney film &quot;A Goofy Movie&quot; released?",
            "type": "multiple"
        },
        {
            "category": "Entertainment: Video Games",
            "correct_answer": "Invoker",
            "difficulty": "easy",
            "incorrect_answers": [
                "Mercy",
                "Winston",
                "Zenyatta"
            ],
            "question": "Which of these is NOT a playable character in the 2016 video game Overwatch?",
            "type": "multiple"
        },
        {
            "category": "General Knowledge",
            "correct_answer": "A falsehood",
            "difficulty": "medium",
            "incorrect_answers": [
                "Useless trivia",
                "A tiny fact",
                "A scientific figure"
            ],
            "question": "A factiod is what?",
            "type": "multiple"
        },
        {
            "category": "Sports",
            "correct_answer": "True",
            "difficulty": "medium",
            "incorrect_answers": [
                "False"
            ],
            "question": "Skateboarding will be included in the 2020 Summer Olympics in Tokyo.",
            "type": "boolean"
        },
        {
            "category": "Animals",
            "correct_answer": "Acinonyx jubatus",
            "difficulty": "hard",
            "incorrect_answers": [
                "Panthera onca",
                "Lynx rufus",
                "Felis catus"
            ],
            "question": "What is the scientific name of the cheetah?",
            "type": "multiple"
        },
        {
            "category": "Science: Computers",
            "correct_answer": "1048576",
            "difficulty": "easy",
            "incorrect_answers": [
                "1024",
                "1000",
                "1000000"
            ],
            "question": "How many kilobytes in one gigabyte?",
            "type": "multiple"
        },
        {
            "category": "Entertainment: Video Games",
            "correct_answer": "Frisk &amp; Chara",
            "difficulty": "medium",
            "incorrect_answers": [
                "Sans &amp; Papyrus",
                "Toriel &amp; Asgore",
                "Alphys &amp; Undyne"
            ],
            "question": "What two characters from the game Undertale are never in a relationship or not related?",
            "type": "multiple"
        },
        {
            "category": "Entertainment: Video Games",
            "correct_answer": "Mario Party 4",
            "difficulty": "medium",
            "incorrect_answers": [
                "New Super Mario Bros.",
                "Mario Kart Wii",
                "Super Mario 3D World"
            ],
            "question": "In which Mario game did the Mega Mushroom make its debut?",
            "type": "multiple"
        },
        {
            "category": "Entertainment: Books",
            "correct_answer": "John Steinbeck ",
            "difficulty": "medium",
            "incorrect_answers": [
                "George Orwell",
                "Mark Twain ",
                "Harper Lee"
            ],
            "question": "The novel &quot;Of Mice And Men&quot; was written by what author? ",
            "type": "multiple"
        },
        {
            "category": "Entertainment: Television",
            "correct_answer": "True",
            "difficulty": "medium",
            "incorrect_answers": [
                "False"
            ],
            "question": "In the TV series Red Dwarf, Kryten&#039;s full name is Kryten 2X4B-523P.",
            "type": "boolean"
        },
        {
            "category": "Geography",
            "correct_answer": "Indonesia",
            "difficulty": "hard",
            "incorrect_answers": [
                "Saudi Arabia",
                "Iran",
                "Sudan"
            ],
            "question": "What is the most populous Muslim-majority nation in 2010?",
            "type": "multiple"
        },
        {
            "category": "Geography",
            "correct_answer": "True",
            "difficulty": "medium",
            "incorrect_answers": [
                "False"
            ],
            "question": "You could walk from Norway to North Korea while only passing through Russia.",
            "type": "boolean"
        },
        {
            "category": "Geography",
            "correct_answer": "Albania",
            "difficulty": "hard",
            "incorrect_answers": [
                "Croatia",
                "Serbia",
                "Macedonia"
            ],
            "question": "Which country was NOT formerly part of Yugoslavia?",
            "type": "multiple"
        },
        {
            "category": "Science & Nature",
            "correct_answer": "27&deg; Million F (15&deg; Million C)",
            "difficulty": "hard",
            "incorrect_answers": [
                "938,000&deg; F (521093.3&deg; C)",
                "8&deg; Billion F (&deg;4.4 Billion C)",
                "Absolute Zero (Both F and C)"
            ],
            "question": "The core of the Sun can reach which temperature?",
            "type": "multiple"
        },
        {
            "category": "Entertainment: Japanese Anime & Manga",
            "correct_answer": "True",
            "difficulty": "hard",
            "incorrect_answers": [
                "False"
            ],
            "question": "Throughout the entirety of &quot;Dragon Ball Z&quot;, Goku only kills two characters: a miniboss named Yakon and Kid Buu.",
            "type": "boolean"
        },
        {
            "category": "Entertainment: Books",
            "correct_answer": "Fluffy",
            "difficulty": "easy",
            "incorrect_answers": [
                "Spike",
                "Poofy",
                "Spot"
            ],
            "question": "What is the name of the three headed dog in Harry Potter and the Sorcerer&#039;s Stone?",
            "type": "multiple"
        },
        {
            "category": "Art",
            "correct_answer": "Copic",
            "difficulty": "medium",
            "incorrect_answers": [
                "Dopix",
                "Cofix",
                "Marx"
            ],
            "question": "Which of these are the name of a famous marker brand?",
            "type": "multiple"
        },
        {
            "category": "Entertainment: Video Games",
            "correct_answer": "True",
            "difficulty": "easy",
            "incorrect_answers": [
                "False"
            ],
            "question": "In Sonic the Hedgehog universe, Tails&#039; real name is Miles Prower.",
            "type": "boolean"
        },
        {
            "category": "Entertainment: Video Games",
            "correct_answer": "2006",
            "difficulty": "easy",
            "incorrect_answers": [
                "2007",
                "2004",
                "2003"
            ],
            "question": "In what year was Garry&#039;s Mod released as a standalone title on Valve&#039;s Steam distribution service?",
            "type": "multiple"
        },
        {
            "category": "Entertainment: Music",
            "correct_answer": "&quot;So melt your headaches call it home&quot;",
            "difficulty": "hard",
            "incorrect_answers": [
                "&quot;So sing your song until you&#039;re home&quot;",
                "&quot;So let them know they&#039;re on their own&quot;",
                "&quot;So start a fire in their cold stone&quot;"
            ],
            "question": "In the Panic! At the Disco&#039;s song &quot;Nothern Downpour&quot;, which lyric follows &#039;I know the world&#039;s a broken bone&#039;.",
            "type": "multiple"
        },
        {
            "category": "History",
            "correct_answer": "Poison",
            "difficulty": "easy",
            "incorrect_answers": [
                "Decapitation",
                "Firing squad",
                "Crucifixion "
            ],
            "question": "How was Socrates executed?",
            "type": "multiple"
        },
        {
            "category": "Vehicles",
            "correct_answer": "Goodyear",
            "difficulty": "easy",
            "incorrect_answers": [
                "Pirelli",
                "Bridgestone",
                "Michelin"
            ],
            "question": "Which car tire manufacturer is famous for its &quot;Eagle&quot; brand of tires, and is the official tire supplier of NASCAR?",
            "type": "multiple"
        },
        {
            "category": "History",
            "correct_answer": "Homer",
            "difficulty": "medium",
            "incorrect_answers": [
                "Aristotle",
                "Odysseus",
                "Socrates"
            ],
            "question": "Who is attributed credit for recording the epic poem The Odyssey?",
            "type": "multiple"
        },
        {
            "category": "Entertainment: Video Games",
            "correct_answer": "Red Crow",
            "difficulty": "medium",
            "incorrect_answers": [
                "Velvet Shell",
                "Skull Rain",
                "Dust Line"
            ],
            "question": "Which operation in &quot;Tom Clancy&#039;s Rainbow Six Siege&quot; introduced the &quot;Skyscraper&quot; map?",
            "type": "multiple"
        },
        {
            "category": "Science: Computers",
            "correct_answer": "iOS",
            "difficulty": "easy",
            "incorrect_answers": [
                "Android",
                "BlackBerry",
                "Symbian"
            ],
            "question": "This mobile OS held the largest market share in 2012.",
            "type": "multiple"
        },
        {
            "category": "General Knowledge",
            "correct_answer": "2,722 ft",
            "difficulty": "easy",
            "incorrect_answers": [
                "2,717 ft",
                "2,546 ft",
                "3,024 ft"
            ],
            "question": "How tall is the Burj Khalifa?",
            "type": "multiple"
        },
        {
            "category": "Entertainment: Video Games",
            "correct_answer": "Kirby&#039;s Adventure",
            "difficulty": "easy",
            "incorrect_answers": [
                "Kirby Super Star",
                "Kirby&#039;s Dream Land 2",
                "Kirby&#039;s Dream Land"
            ],
            "question": "Which Kirby game first introduced Copy Abilities?",
            "type": "multiple"
        },
        {
            "category": "Entertainment: Video Games",
            "correct_answer": "Hajime Hinata",
            "difficulty": "easy",
            "incorrect_answers": [
                "Nagito Komaeda",
                "Makoto Naegi",
                "Junko Enoshima"
            ],
            "question": "Who is the main protagonist in Danganronpa 2: Goodbye Despair?",
            "type": "multiple"
        },
        {
            "category": "Entertainment: Television",
            "correct_answer": "Serpent worms",
            "difficulty": "hard",
            "incorrect_answers": [
                "Earthworms",
                "Spaghetti noodles",
                "Klingworms"
            ],
            "question": "In &quot;Star Trek&quot;, what is the Klingon delicacy of &quot;gagh&quot; made from?",
            "type": "multiple"
        },
        {
            "category": "Geography",
            "correct_answer": "North America",
            "difficulty": "medium",
            "incorrect_answers": [
                "South America",
                "Asia",
                "Africa"
            ],
            "question": "Where is the &quot;Sonoran Desert&quot; located?",
            "type": "multiple"
        },
        {
            "category": "Entertainment: Music",
            "correct_answer": "Aubrey Graham",
            "difficulty": "medium",
            "incorrect_answers": [
                "Shaun Carter",
                "Dwayne Carter",
                "Andre Young"
            ],
            "question": "What is rapper Drake&#039;s real name?",
            "type": "multiple"
        },
        {
            "category": "Entertainment: Video Games",
            "correct_answer": "Mob Of The Dead",
            "difficulty": "hard",
            "incorrect_answers": [
                "Buried",
                "Origins",
                "Moon"
            ],
            "question": "What was the first &quot;Call Of Duty: Zombies&quot; map to be directed by Jason Blundell?",
            "type": "multiple"
        }
    ]
}