{
    "response_code": 0,
    "results": [
        {
            "category": "Entertainment: Video Games",
            "correct_answer": "Bay",
            "difficulty": "hard",
            "incorrect_answers": [
                "Desert",
                "Snow",
                "Rally"
            ],
            "question": "Which of these TrackMania environments was NOT in the original game?",
            "type": "multiple"
        },
        {
            "category": "Geography",
            "correct_answer": "Lima",
            "difficulty": "medium",
            "incorrect_answers": [
                "Santiago",
                "Montevideo",
                "Buenos Aires"
            ],
            "question": "What is the capital of Peru?",
            "type": "multiple"
        },
        {
            "category": "Entertainment: Video Games",
            "correct_answer": "Sasha",
            "difficulty": "easy",
            "incorrect_answers": [
                "Betty",
                "Anna",
                "Diana"
            ],
            "question": "What is the name of Team Fortress 2&#039;s Heavy Weapons Guy&#039;s minigun?",
            "type": "multiple"
        },
        {
            "category": "Entertainment: Japanese Anime & Manga",
            "correct_answer": "True",
            "difficulty": "easy",
            "incorrect_answers": [
                "False"
            ],
            "question": "Clefairy was intended to be Ash&#039;s starting Pok&eacute;mon in the pilot episode of the cartoon.",
            "type": "boolean"
        },
        {
            "category": "History",
            "correct_answer": "Star Wars",
            "difficulty": "medium",
            "incorrect_answers": [
                "Jaws",
                "Blade Runner",
                "Alien"
            ],
            "question": "America&#039;s Strategic Defense System during the Cold War was nicknamed after this famous movie.",
            "type": "multiple"
        },
        {
            "category": "Entertainment: Music",
            "correct_answer": "Eddie Vedder",
            "difficulty": "easy",
            "incorrect_answers": [
                "Ozzy Osbourne",
                "Stone Gossard",
                "Kurt Cobain"
            ],
            "question": "Who is the lead singer of Pearl Jam?",
            "type": "multiple"
        },
        {
            "category": "Entertainment: Film",
            "correct_answer": "True",
            "difficulty": "easy",
            "incorrect_answers": [
                "False"
            ],
            "question": "The movie &quot;The Nightmare before Christmas&quot; was all done with physical objects.",
            "type": "boolean"
        },
        {
            "category": "Mythology",
            "correct_answer": "A Horse",
            "difficulty": "medium",
            "incorrect_answers": [
                "A Dragon",
                "A Tiger",
                "A Lion"
            ],
            "question": "The Hippogriff, not to be confused with the Griffon, is a magical creature with the front half of an eagle, and the back half of what?",
            "type": "multiple"
        },
        {
            "category": "Celebrities",
            "correct_answer": "Christopher Poole",
            "difficulty": "medium",
            "incorrect_answers": [
                "Mark Zuckerberg",
                "Allison Harvard",
                "Catie Wayne"
            ],
            "question": "What is the real name of &quot;moot&quot;, founder of the imageboard 4chan?",
            "type": "multiple"
        },
        {
            "category": "Art",
            "correct_answer": "Fr&eacute;d&eacute;ric Auguste Bartholdi",
            "difficulty": "hard",
            "incorrect_answers": [
                "Jean-L&eacute;on G&eacute;r&ocirc;me",
                "Auguste Rodin",
                "Henri Matisse"
            ],
            "question": "What French sculptor designed the Statue of Liberty? ",
            "type": "multiple"
        },
        {
            "category": "Entertainment: Video Games",
            "correct_answer": "Ivan the Space Biker",
            "difficulty": "hard",
            "incorrect_answers": [
                "Gordon the Space Biker",
                "Ivan the Alien Biker",
                "Gordon the Alien Biker"
            ],
            "question": "What was the nickname of the original model for Half-Life&#039;s protagonist Gordon Freeman?",
            "type": "multiple"
        },
        {
            "category": "Entertainment: Video Games",
            "correct_answer": "Normandy",
            "difficulty": "easy",
            "incorrect_answers": [
                "Osiris",
                "Infinity",
                "Endeavour"
            ],
            "question": "What is the main ship used by Commander Shepard in the Mass Effect Franchise called?",
            "type": "multiple"
        },
        {
            "category": "History",
            "correct_answer": "5%",
            "difficulty": "medium",
            "incorrect_answers": [
                "1%",
                "3%",
                "&lt;1%"
            ],
            "question": "According to scholarly estimates, what percentage of the world population at the time died due to Tamerlane&#039;s conquests?",
            "type": "multiple"
        },
        {
            "category": "History",
            "correct_answer": "False",
            "difficulty": "medium",
            "incorrect_answers": [
                "True"
            ],
            "question": "Assyrian king Sennacherib&#039;s destruction of Babylon in 689 BCE was viewed as a triumph by other Assyrian citizens.",
            "type": "boolean"
        },
        {
            "category": "Entertainment: Video Games",
            "correct_answer": "Steed",
            "difficulty": "hard",
            "incorrect_answers": [
                "Mule",
                "Benson",
                "Pony"
            ],
            "question": "Which of the following commercial vehicles from Grand Theft Auto IV did NOT reappear in Grand Theft Auto V?",
            "type": "multiple"
        },
        {
            "category": "Entertainment: Music",
            "correct_answer": "Portuguese",
            "difficulty": "medium",
            "incorrect_answers": [
                "Japanese",
                "French",
                "Spanish"
            ],
            "question": "Which of these languages was NOT included in the 2016 song &quot;Don&#039;t Mind&quot; by Kent Jones?",
            "type": "multiple"
        },
        {
            "category": "General Knowledge",
            "correct_answer": "Beijing",
            "difficulty": "medium",
            "incorrect_answers": [
                "Kuala Lumpur",
                "Singapore",
                "Tokyo"
            ],
            "question": "What was the destination of the missing flight MH370?",
            "type": "multiple"
        },
        {
            "category": "Science & Nature",
            "correct_answer": "Deoxyribonucleic Acid",
            "difficulty": "easy",
            "incorrect_answers": [
                "Deoxyribogenetic Acid",
                "Deoxyribogenetic Atoms",
                "Detoxic Acid"
            ],
            "question": "What does DNA stand for?",
            "type": "multiple"
        },
        {
            "category": "Entertainment: Japanese Anime & Manga",
            "correct_answer": "10",
            "difficulty": "easy",
            "incorrect_answers": [
                "11",
                "12",
                "9"
            ],
            "question": "What is the age of Ash Ketchum in Pokemon when he starts his journey?",
            "type": "multiple"
        },
        {
            "category": "Science: Computers",
            "correct_answer": "Content Delivery Network",
            "difficulty": "medium",
            "incorrect_answers": [
                "Content Distribution Network",
                "Computational Data Network",
                "Compressed Data Network"
            ],
            "question": "What does the acronym CDN stand for in terms of networking?",
            "type": "multiple"
        },
        {
            "category": "History",
            "correct_answer": "Turkey",
            "difficulty": "easy",
            "incorrect_answers": [
                "Syria",
                "Greece",
                "Egypt"
            ],
            "question": "Which modern day country is the region that was known as Phrygia in ancient times?",
            "type": "multiple"
        },
        {
            "category": "General Knowledge",
            "correct_answer": "True",
            "difficulty": "easy",
            "incorrect_answers": [
                "False"
            ],
            "question": "The color orange is named after the fruit.",
            "type": "boolean"
        },
        {
            "category": "History",
            "correct_answer": "January 25, 1945",
            "difficulty": "medium",
            "incorrect_answers": [
                "August 6, 1945",
                "December 7, 1941",
                "December 16, 1944"
            ],
            "question": "When did the Battle of the Bulge end?",
            "type": "multiple"
        },
        {
            "category": "Science & Nature",
            "correct_answer": "True",
            "difficulty": "hard",
            "incorrect_answers": [
                "False"
            ],
            "question": "Scientists can grow teeth from urine.",
            "type": "boolean"
        },
        {
            "category": "Entertainment: Musicals & Theatres",
            "correct_answer": "Carmen",
            "difficulty": "medium",
            "incorrect_answers": [
                "Don Rodrigue",
                "Gris&eacute;lidis",
                "Les p&ecirc;cheurs de perles"
            ],
            "question": "What was George Bizet&#039;s last opera?",
            "type": "multiple"
        },
        {
            "category": "Entertainment: Comics",
            "correct_answer": "October 25th, 2014",
            "difficulty": "hard",
            "incorrect_answers": [
                "April 13th, 2009",
                "April 8th, 2012",
                "August 28th, 2003"
            ],
            "question": "In what Homestuck Update was [S] Game Over released?",
            "type": "multiple"
        },
        {
            "category": "Entertainment: Video Games",
            "correct_answer": "Cars",
            "difficulty": "easy",
            "incorrect_answers": [
                "Helicopters",
                "Planes",
                "Submarines"
            ],
            "question": "Rocket League is a game which features..",
            "type": "multiple"
        },
        {
            "category": "Entertainment: Film",
            "correct_answer": "Wilson",
            "difficulty": "easy",
            "incorrect_answers": [
                "Carson",
                "Jackson",
                "Willy"
            ],
            "question": "In the movie &quot;Cast Away&quot; the main protagonist&#039;s best friend while on the island is named",
            "type": "multiple"
        },
        {
            "category": "Entertainment: Video Games",
            "correct_answer": "Commander Keen",
            "difficulty": "easy",
            "incorrect_answers": [
                "Pajama Sam",
                "Putt-Putt",
                "Freddi Fish"
            ],
            "question": "Which of these is NOT a Humongous Entertainment game franchise?",
            "type": "multiple"
        },
        {
            "category": "Entertainment: Video Games",
            "correct_answer": "Milk, Sugar, Egg, and Wheat",
            "difficulty": "easy",
            "incorrect_answers": [
                "Milk, Bread, Egg, and Wheat",
                "Milk, Sugar Cane, Egg, and Wheat",
                "Milk, Sugar, and Wheat"
            ],
            "question": "What ingredients are required to make a cake in Minecraft?",
            "type": "multiple"
        },
        {
            "category": "Entertainment: Video Games",
            "correct_answer": "Jennifer Simpson",
            "difficulty": "medium",
            "incorrect_answers": [
                "Jennifer Barrows",
                "Jennifer Cartwright",
                "Jennifer Maxwell"
            ],
            "question": "What is the full name of the protagonist from the SNES game Clock Tower?",
            "type": "multiple"
        },
        {
            "category": "Entertainment: Music",
            "correct_answer": "True",
            "difficulty": "easy",
            "incorrect_answers": [
                "False"
            ],
            "question": "The alternative rock band, They Might Be Giants, released their album &#039;Flood&#039; in 1990. ",
            "type": "boolean"
        },
        {
            "category": "Entertainment: Video Games",
            "correct_answer": "Diamond/Pearl",
            "difficulty": "easy",
            "incorrect_answers": [
                "Ruby/Sapphire",
                "Black/White",
                "X/Y"
            ],
            "question": "Which Pokemon generation did the fan-named &quot;Masuda Method&quot; first appear in? ",
            "type": "multiple"
        },
        {
            "category": "Celebrities",
            "correct_answer": "April 23rd, 1564",
            "difficulty": "medium",
            "incorrect_answers": [
                "July 4th, 1409",
                "September 29th, 1699",
                "December 1st, 1750"
            ],
            "question": "What is generally considered to be William Shakespeare&#039;s birth date?",
            "type": "multiple"
        },
        {
            "category": "Entertainment: Video Games",
            "correct_answer": "2014",
            "difficulty": "easy",
            "incorrect_answers": [
                "2011",
                "2013",
                "2012"
            ],
            "question": "In what year was Hearthstone released?",
            "type": "multiple"
        },
        {
            "category": "Entertainment: Video Games",
            "correct_answer": "2013",
            "difficulty": "easy",
            "incorrect_answers": [
                "2012",
                "2014",
                "2011"
            ],
            "question": "In what year was &quot;Antichamber&quot; released?",
            "type": "multiple"
        },
        {
            "category": "History",
            "correct_answer": "1905",
            "difficulty": "medium",
            "incorrect_answers": [
                "1925",
                "1814",
                "1834"
            ],
            "question": "When did Norway become free from Sweden?",
            "type": "multiple"
        },
        {
            "category": "Mythology",
            "correct_answer": "Min",
            "difficulty": "hard",
            "incorrect_answers": [
                "Menu",
                "Mut",
                "Meret"
            ],
            "question": "Who is the Egyptian god of reproduction and lettuce?",
            "type": "multiple"
        },
        {
            "category": "Entertainment: Music",
            "correct_answer": "1999",
            "difficulty": "medium",
            "incorrect_answers": [
                "1997",
                "2000",
                "1992"
            ],
            "question": "What year was Red Hot Chill Pepper&#039;s album &quot;Californication&quot; released?",
            "type": "multiple"
        },
        {
            "category": "Animals",
            "correct_answer": "True",
            "difficulty": "easy",
            "incorrect_answers": [
                "False"
            ],
            "question": "A caterpillar has more muscles than humans do.",
            "type": "boolean"
        },
        {
            "category": "Entertainment: Video Games",
            "correct_answer": "Gielinor",
            "difficulty": "easy",
            "incorrect_answers": [
                "Glindor",
                "Azeroth",
                "Zaros"
            ],
            "question": "What is the name of the world that the MMO &quot;RuneScape&quot; takes place in?",
            "type": "multiple"
        },
        {
            "category": "Geography",
            "correct_answer": "Norway",
            "difficulty": "medium",
            "incorrect_answers": [
                "Slovakia",
                "Finland",
                "Hong Kong"
            ],
            "question": "Which of these countries is the smallest by population?",
            "type": "multiple"
        },
        {
            "category": "Vehicles",
            "correct_answer": "Audi A8",
            "difficulty": "hard",
            "incorrect_answers": [
                "Audi TT",
                "Audi S3",
                "Audi A3"
            ],
            "question": "Which Audi does not use Haldex based all wheel drive system?",
            "type": "multiple"
        },
        {
            "category": "Politics",
            "correct_answer": "William Jefferson Clinton",
            "difficulty": "medium",
            "incorrect_answers": [
                "William Roosevelt Clinton",
                "William Truman Clinton",
                "William Lincoln Clinton"
            ],
            "question": "What is former United States President Bill Clinton&#039;s full name?",
            "type": "multiple"
        },
        {
            "category": "Entertainment: Television",
            "correct_answer": "George Clooney",
            "difficulty": "hard",
            "incorrect_answers": [
                "Matthew Perry",
                "Dennis Miller",
                "Pierce Brosnan"
            ],
            "question": "Which of these voices wasn&#039;t a choice for the House AI in &quot;The Simpsons Treehouse of Horror&quot; short, House of Whacks?",
            "type": "multiple"
        },
        {
            "category": "Geography",
            "correct_answer": "India",
            "difficulty": "hard",
            "incorrect_answers": [
                "Vietnam",
                "Thailand",
                "Indonesia"
            ],
            "question": "The Andaman and Nicobar Islands in South East Asia are controlled by which country?",
            "type": "multiple"
        },
        {
            "category": "Science & Nature",
            "correct_answer": "Keratin",
            "difficulty": "medium",
            "incorrect_answers": [
                "Bone",
                "Chitin",
                "Calcium"
            ],
            "question": "What are human nails made of?",
            "type": "multiple"
        },
        {
            "category": "Entertainment: Video Games",
            "correct_answer": "Dr. Mario",
            "difficulty": "easy",
            "incorrect_answers": [
                "Mewtwo",
                "Lucas",
                "Roy"
            ],
            "question": "In the Super Smash Bros. series, which character was the first one to return to the series after being absent from a previous game?",
            "type": "multiple"
        },
        {
            "category": "Entertainment: Japanese Anime & Manga",
            "correct_answer": "8",
            "difficulty": "easy",
            "incorrect_answers": [
                "6",
                "4",
                "5"
            ],
            "question": "How many &quot;JoJos&quot; that are protagonists are there in the series &quot;Jojo&#039;s Bizarre Adventure&quot;?",
            "type": "multiple"
        },
        {
            "category": "Entertainment: Video Games",
            "correct_answer": "Uncle Eli",
            "difficulty": "medium",
            "incorrect_answers": [
                "Cadence",
                "Nocturna",
                "Octavian (Bard)"
            ],
            "question": "Which Crypt of the NecroDancer (2015) character has a soundtrack by Jake &quot;Virt&quot; Kaufman?",
            "type": "multiple"
        }
    ]
}