{
    "response_code": 0,
    "results": [
        {
            "category": "Sports",
            "correct_answer": "Horse-Riding",
            "difficulty": "easy",
            "incorrect_answers": [
                "Cycling",
                "Swimming",
                "Running"
            ],
            "question": "Which of the following sports is not part of the triathlon?",
            "type": "multiple"
        },
        {
            "category": "Entertainment: Video Games",
            "correct_answer": "Robert Topala",
            "difficulty": "medium",
            "incorrect_answers": [
                "Scott Cawthon",
                "Adam Engels",
                "Andrew Spinks"
            ],
            "question": "Who&#039;s the creator of Geometry Dash?",
            "type": "multiple"
        },
        {
            "category": "Entertainment: Video Games",
            "correct_answer": "True",
            "difficulty": "easy",
            "incorrect_answers": [
                "False"
            ],
            "question": "Peter Molyneux was the founder of Bullfrog Productions.",
            "type": "boolean"
        },
        {
            "category": "Entertainment: Video Games",
            "correct_answer": "Microsoft",
            "difficulty": "easy",
            "incorrect_answers": [
                "Apple",
                "Google",
                "Yahoo"
            ],
            "question": "Which company did Gabe Newell work at before founding Valve Corporation?",
            "type": "multiple"
        },
        {
            "category": "Mythology",
            "correct_answer": "Mars",
            "difficulty": "easy",
            "incorrect_answers": [
                "Jupiter",
                "Juno",
                "Ares"
            ],
            "question": "The ancient roman god of war was commonly known as...",
            "type": "multiple"
        },
        {
            "category": "Sports",
            "correct_answer": "Nine",
            "difficulty": "easy",
            "incorrect_answers": [
                "Ten",
                "Seven",
                "Eight"
            ],
            "question": "How many times did Martina Navratilova win the Wimbledon Singles Championship?",
            "type": "multiple"
        },
        {
            "category": "Entertainment: Film",
            "correct_answer": "Michael Keaton",
            "difficulty": "easy",
            "incorrect_answers": [
                "George Clooney",
                "Val Kilmer",
                "Adam West"
            ],
            "question": "Who starred as Bruce Wayne and Batman in Tim Burton&#039;s 1989 movie &quot;Batman&quot;?",
            "type": "multiple"
        },
        {
            "category": "Sports",
            "correct_answer": "Jordan",
            "difficulty": "medium",
            "incorrect_answers": [
                "Benetton",
                "Ferrari",
                "Mercedes"
            ],
            "question": "With which team did Michael Schumacher make his Formula One debut at the 1991 Belgian Grand Prix?",
            "type": "multiple"
        },
        {
            "category": "Entertainment: Cartoon & Animations",
            "correct_answer": "George Clooney",
            "difficulty": "hard",
            "incorrect_answers": [
                "Jay Leno",
                "Matt Stone",
                "Robert Smith"
            ],
            "question": "Who played Stan&#039;s dog in the South Park episode &quot;Big Gay Al&#039;s Big Gay Boat Ride&quot;?",
            "type": "multiple"
        },
        {
            "category": "General Knowledge",
            "correct_answer": "Jones",
            "difficulty": "easy",
            "incorrect_answers": [
                "Williams",
                "Davies",
                "Evans"
            ],
            "question": "What is the most common surname Wales?",
            "type": "multiple"
        },
        {
            "category": "Entertainment: Books",
            "correct_answer": "Ira Levin",
            "difficulty": "medium",
            "incorrect_answers": [
                "Stephen King",
                "Robert Bloch",
                "Mary Shelley"
            ],
            "question": "Who wrote the 1967 horror novel &quot;Rosemary&#039;s Baby&quot;?",
            "type": "multiple"
        },
        {
            "category": "Entertainment: Video Games",
            "correct_answer": "Enter the Gungeon",
            "difficulty": "easy",
            "incorrect_answers": [
                "Town of Salem",
                "Undertale",
                "Tower Unite"
            ],
            "question": "Which game did NOT get financed via Crowdfunding?",
            "type": "multiple"
        },
        {
            "category": "History",
            "correct_answer": "False",
            "difficulty": "hard",
            "incorrect_answers": [
                "True"
            ],
            "question": "The Kingdom of Prussia briefly held land in Estonia.",
            "type": "boolean"
        },
        {
            "category": "Entertainment: Video Games",
            "correct_answer": "7",
            "difficulty": "medium",
            "incorrect_answers": [
                "5",
                "10",
                "12"
            ],
            "question": "How many Star Spirits do you rescue in the Nintendo 64 video game &quot;Paper Mario&quot;?",
            "type": "multiple"
        },
        {
            "category": "Entertainment: Film",
            "correct_answer": "Dirty Dancing",
            "difficulty": "easy",
            "incorrect_answers": [
                "Three Men and a Baby",
                "Ferris Bueller&#039;s Day Off",
                "Pretty in Pink"
            ],
            "question": "This movie contains the quote, &quot;Nobody puts Baby in a corner.&quot;",
            "type": "multiple"
        },
        {
            "category": "Entertainment: Film",
            "correct_answer": "Sierra Leone",
            "difficulty": "medium",
            "incorrect_answers": [
                "Liberia",
                "Burkina Faso",
                "Central African Republic"
            ],
            "question": "In which African country was the 2006 film &#039;Blood Diamond&#039; mostly set in?",
            "type": "multiple"
        },
        {
            "category": "Entertainment: Video Games",
            "correct_answer": "A potato",
            "difficulty": "medium",
            "incorrect_answers": [
                "A tomato",
                "A lemon",
                "An apple"
            ],
            "question": "In Portal 2, the iconic character GLaDOS is turned into:",
            "type": "multiple"
        },
        {
            "category": "Entertainment: Video Games",
            "correct_answer": "9",
            "difficulty": "medium",
            "incorrect_answers": [
                "10",
                "8",
                "7"
            ],
            "question": "How many classes are there in Team Fortress 2?",
            "type": "multiple"
        },
        {
            "category": "Vehicles",
            "correct_answer": "Sprinter",
            "difficulty": "easy",
            "incorrect_answers": [
                "Class 43",
                "Javelin",
                "Pendolino"
            ],
            "question": "What UK Train does NOT go over 125MPH?",
            "type": "multiple"
        },
        {
            "category": "Entertainment: Japanese Anime & Manga",
            "correct_answer": "Manaphy",
            "difficulty": "easy",
            "incorrect_answers": [
                "Ash",
                "May",
                "Phantom"
            ],
            "question": "In the 9th Pokemon movie, who is the Prince of the Sea?",
            "type": "multiple"
        },
        {
            "category": "Entertainment: Books",
            "correct_answer": "Richard Bachman",
            "difficulty": "easy",
            "incorrect_answers": [
                "J. D. Robb",
                "Mark Twain",
                "Lewis Carroll"
            ],
            "question": "Under what pseudonym did Stephen King publish five novels between 1977 and 1984?",
            "type": "multiple"
        },
        {
            "category": "Sports",
            "correct_answer": "Michael Schumacher",
            "difficulty": "easy",
            "incorrect_answers": [
                "Ayrton Senna",
                "Fernando Alonso",
                "Jim Clark"
            ],
            "question": "Which driver has been the Formula 1 world champion for a record 7 times?",
            "type": "multiple"
        },
        {
            "category": "Entertainment: Music",
            "correct_answer": "M.I.A.",
            "difficulty": "easy",
            "incorrect_answers": [
                "K.I.A.",
                "C.I.A.",
                "A.I.A."
            ],
            "question": "What is the stage name of English female rapper Mathangi Arulpragasam, who is known for the song &quot;Paper Planes&quot;?",
            "type": "multiple"
        },
        {
            "category": "Entertainment: Video Games",
            "correct_answer": "Mario Tennis",
            "difficulty": "easy",
            "incorrect_answers": [
                "Mario Party 3",
                "Mario Kart: Double Dash!!",
                "Mario Golf: Toadstool Tour"
            ],
            "question": "Which Mario spin-off game did Waluigi make his debut?",
            "type": "multiple"
        },
        {
            "category": "History",
            "correct_answer": "True",
            "difficulty": "easy",
            "incorrect_answers": [
                "False"
            ],
            "question": "Former United States Presidents John Adams and Thomas Jefferson died within hours of each other.",
            "type": "boolean"
        },
        {
            "category": "Animals",
            "correct_answer": "Foxes",
            "difficulty": "medium",
            "incorrect_answers": [
                "Pigeons",
                "Bears",
                "Alligators"
            ],
            "question": "Which animal was part of an Russian domestication experiment in 1959?",
            "type": "multiple"
        },
        {
            "category": "Entertainment: Film",
            "correct_answer": "Akan",
            "difficulty": "medium",
            "incorrect_answers": [
                "Estelle",
                "Jimmy",
                "Henry"
            ],
            "question": "What is the name of the villian in the 2015 Russian-American Sci-Fi Movie &quot;Hardcore Henry&quot;?",
            "type": "multiple"
        },
        {
            "category": "History",
            "correct_answer": "England, 1817",
            "difficulty": "medium",
            "incorrect_answers": [
                "United States, 1817",
                "England, 1917",
                "United States, 1917"
            ],
            "question": "Where and when was the first cardboard box made for industrial use?",
            "type": "multiple"
        },
        {
            "category": "Entertainment: Books",
            "correct_answer": "James Potter",
            "difficulty": "easy",
            "incorrect_answers": [
                "Joey Potter",
                "Frank Potter",
                "Hairy Potter Sr."
            ],
            "question": "What&#039;s Harry Potter&#039;s dad&#039;s name?",
            "type": "multiple"
        },
        {
            "category": "Entertainment: Japanese Anime & Manga",
            "correct_answer": "True",
            "difficulty": "easy",
            "incorrect_answers": [
                "False"
            ],
            "question": "In Pok&eacute;mon, Ash&#039;s Pikachu refuses to go into a pokeball.",
            "type": "boolean"
        },
        {
            "category": "Entertainment: Japanese Anime & Manga",
            "correct_answer": "Being run over by a truck",
            "difficulty": "easy",
            "incorrect_answers": [
                "Ate one too many chocobars",
                "Through a magical ritual",
                "When he put on the harmaki"
            ],
            "question": "What caused the titular mascot of Yo-Kai Watch, Jibanyan, to become a yokai?",
            "type": "multiple"
        },
        {
            "category": "Entertainment: Video Games",
            "correct_answer": ".hack//Infection",
            "difficulty": "medium",
            "incorrect_answers": [
                ".hack//Zero",
                ".hack//Sign",
                ".hack//Liminality"
            ],
            "question": "What was the first .hack game?",
            "type": "multiple"
        },
        {
            "category": "Entertainment: Japanese Anime & Manga",
            "correct_answer": "Visual novel",
            "difficulty": "easy",
            "incorrect_answers": [
                "Anime",
                "Manga",
                "Light novel"
            ],
            "question": "On what medium was &quot;Clannad&quot; first created?",
            "type": "multiple"
        },
        {
            "category": "Entertainment: Video Games",
            "correct_answer": "Both were announced in 2013.",
            "difficulty": "hard",
            "incorrect_answers": [
                "Both were crowdfunded.",
                "Both were developed by indie studios.",
                "Both were released for the PlayStation 3."
            ],
            "question": "What do the video games No Man&rsquo;s Sky and Mighty No. 9 have in common?",
            "type": "multiple"
        },
        {
            "category": "General Knowledge",
            "correct_answer": "Print",
            "difficulty": "easy",
            "incorrect_answers": [
                "Digest",
                "Look",
                "Read"
            ],
            "question": "The New York Times slogan is, &ldquo;All the News That&rsquo;s Fit to&hellip;&rdquo;",
            "type": "multiple"
        },
        {
            "category": "Entertainment: Music",
            "correct_answer": "Lights",
            "difficulty": "medium",
            "incorrect_answers": [
                "Halcyon",
                "Bright Lights",
                "Halcyon Days"
            ],
            "question": "Ellie Goulding&#039;s earliest album was named?",
            "type": "multiple"
        },
        {
            "category": "Vehicles",
            "correct_answer": "Camry",
            "difficulty": "medium",
            "incorrect_answers": [
                "Fusion",
                "Model A",
                "F-150"
            ],
            "question": "Which one of the following is not made by Ford?",
            "type": "multiple"
        },
        {
            "category": "Entertainment: Musicals & Theatres",
            "correct_answer": "Hamlet",
            "difficulty": "easy",
            "incorrect_answers": [
                "The Tempest",
                "Othello",
                "The Taming of the Shrew"
            ],
            "question": "&quot;Doctor Who&quot; star David Tennant performed in a rendition of which Shakespearean play?",
            "type": "multiple"
        },
        {
            "category": "Entertainment: Video Games",
            "correct_answer": "Delirium",
            "difficulty": "medium",
            "incorrect_answers": [
                "Mega Satan",
                "Hush",
                "The Lamb"
            ],
            "question": "In &quot;The Binding of Isaac&quot;, what is the name of the final boss that you fight in The Void?",
            "type": "multiple"
        },
        {
            "category": "Geography",
            "correct_answer": "Vatican City",
            "difficulty": "easy",
            "incorrect_answers": [
                "Maldives",
                "Monaco",
                "Malta"
            ],
            "question": "What is the smallest country in the world?",
            "type": "multiple"
        },
        {
            "category": "Science: Gadgets",
            "correct_answer": "1995",
            "difficulty": "easy",
            "incorrect_answers": [
                "2000",
                "1990",
                "1980"
            ],
            "question": "When was the DVD invented?",
            "type": "multiple"
        },
        {
            "category": "Entertainment: Video Games",
            "correct_answer": "Mai Shiranui",
            "difficulty": "easy",
            "incorrect_answers": [
                "Laura Matsuda",
                "Sakura Kasugano",
                "Ibuki"
            ],
            "question": "Which of the following is not a character in the Street Fighter series?",
            "type": "multiple"
        },
        {
            "category": "Entertainment: Board Games",
            "correct_answer": "True",
            "difficulty": "hard",
            "incorrect_answers": [
                "False"
            ],
            "question": "The board game Go has more possible legal positions than the number of atoms in the visible universe.",
            "type": "boolean"
        },
        {
            "category": "Entertainment: Video Games",
            "correct_answer": "Raise Hell",
            "difficulty": "hard",
            "incorrect_answers": [
                "Freedom",
                "Skewer the Winged Beast",
                "Ascend from Darkness"
            ],
            "question": "In the &quot;Little Lost Girl&quot; Easter Egg in Call of Duty: Black Ops II, what&#039;s the last step required for the achievement?",
            "type": "multiple"
        },
        {
            "category": "Entertainment: Cartoon & Animations",
            "correct_answer": "A hologram ",
            "difficulty": "hard",
            "incorrect_answers": [
                "An illusion ",
                "A simulation",
                "Corrupting"
            ],
            "question": "In &quot;Gravity Falls&quot;, the character Bill Cipher remarks that &quot;the universe is what?&quot;",
            "type": "multiple"
        },
        {
            "category": "Entertainment: Television",
            "correct_answer": "Gallifrey",
            "difficulty": "easy",
            "incorrect_answers": [
                "Sontar",
                "Skaro",
                "Mondas"
            ],
            "question": "What is the name of the planet that the Doctor from television series &quot;Doctor Who&quot; comes from?",
            "type": "multiple"
        },
        {
            "category": "History",
            "correct_answer": "Operation Typhoon",
            "difficulty": "hard",
            "incorrect_answers": [
                "Operation Sunflower",
                "Operation Barbarossa",
                "Case Blue"
            ],
            "question": "What was the name of the German offensive operation in October 1941 to take Moscow before winter?",
            "type": "multiple"
        },
        {
            "category": "Entertainment: Comics",
            "correct_answer": "Wally West",
            "difficulty": "medium",
            "incorrect_answers": [
                "Johnny Quick",
                "Jay Garrick",
                "Eobard Thawne"
            ],
            "question": "In the DC Comics 2016 reboot, Rebirth, which speedster escaped from the Speed Force after he had been erased from existance?",
            "type": "multiple"
        },
        {
            "category": "History",
            "correct_answer": "56",
            "difficulty": "easy",
            "incorrect_answers": [
                "43",
                "65",
                "47"
            ],
            "question": "How old was Adolf Hitler when he died?",
            "type": "multiple"
        },
        {
            "category": "Entertainment: Japanese Anime & Manga",
            "correct_answer": "Gainax",
            "difficulty": "easy",
            "incorrect_answers": [
                "Kyoto Animation",
                "Pierrot",
                "A-1 Pictures"
            ],
            "question": "What animation studio produced &quot;Gurren Lagann&quot;?",
            "type": "multiple"
        }
    ]
}