{
    "response_code": 0,
    "results": [
        {
            "category": "Entertainment: Film",
            "correct_answer": "The Thing",
            "difficulty": "easy",
            "incorrect_answers": [
                "Carrie",
                "Misery",
                "The Green Mile"
            ],
            "question": "Which of the following movies was not based on a novel by Stephen King? ",
            "type": "multiple"
        },
        {
            "category": "Entertainment: Film",
            "correct_answer": "Wilson",
            "difficulty": "easy",
            "incorrect_answers": [
                "Friday",
                "Jones",
                "Billy"
            ],
            "question": "What name did Tom Hanks give to his volleyball companion in the film `Cast Away`?",
            "type": "multiple"
        },
        {
            "category": "Entertainment: Television",
            "correct_answer": "Radar",
            "difficulty": "easy",
            "incorrect_answers": [
                "Hawkeye",
                "Hot Lips",
                "Trapper"
            ],
            "question": "In the TV show &#039;M*A*S*H&#039;, what was the nickname of Corporal Walter O&#039;Reilly?",
            "type": "multiple"
        },
        {
            "category": "Sports",
            "correct_answer": "False",
            "difficulty": "easy",
            "incorrect_answers": [
                "True"
            ],
            "question": "Manchester United won the 2013-14 English Premier League.",
            "type": "boolean"
        },
        {
            "category": "Sports",
            "correct_answer": "Leicester City",
            "difficulty": "easy",
            "incorrect_answers": [
                "Liverpool",
                "Cheslea",
                "Manchester United"
            ],
            "question": "Which team won the 2015-16 English Premier League?",
            "type": "multiple"
        },
        {
            "category": "Entertainment: Music",
            "correct_answer": "Blood Sugar Sex Magik",
            "difficulty": "easy",
            "incorrect_answers": [
                "One Hot Minute",
                "By the Way",
                "Stadium Arcadium"
            ],
            "question": "The Red Hot Chili Pepper song &quot;Give It Away&quot; is from what album?",
            "type": "multiple"
        },
        {
            "category": "Entertainment: Video Games",
            "correct_answer": "Germany",
            "difficulty": "medium",
            "incorrect_answers": [
                "Japan",
                "China",
                "France"
            ],
            "question": "In which country&#039;s version of Half-Life are the HECU Marines replaced with robots?",
            "type": "multiple"
        },
        {
            "category": "Entertainment: Japanese Anime & Manga",
            "correct_answer": "Initial D",
            "difficulty": "easy",
            "incorrect_answers": [
                "Wangan Midnight",
                "Kino no Tabi",
                "Cowboy Bebop"
            ],
            "question": "Which anime heavily features music from the genre &quot;Eurobeat&quot;?",
            "type": "multiple"
        },
        {
            "category": "Entertainment: Books",
            "correct_answer": "Bard",
            "difficulty": "medium",
            "incorrect_answers": [
                "Bilbo Baggins",
                "Gandalf the Grey",
                "Frodo"
            ],
            "question": "In the &quot;The Hobbit&quot;, who kills Smaug?",
            "type": "multiple"
        },
        {
            "category": "History",
            "correct_answer": "Battle of Adrianople",
            "difficulty": "medium",
            "incorrect_answers": [
                "Battle of Thessalonica",
                "Battle of Pollentia",
                "Battle of Constantinople"
            ],
            "question": "Which of the following battles is often considered as marking the beginning of the fall of the Western Roman Empire?",
            "type": "multiple"
        },
        {
            "category": "Geography",
            "correct_answer": "Lishana Deni",
            "difficulty": "hard",
            "incorrect_answers": [
                "Hulaul&aacute;",
                "Lishan Didan",
                "Chaldean Neo-Aramaic"
            ],
            "question": "What is the name of one of the Neo-Aramaic languages spoken by the Jewish population from Northwestern Iraq?",
            "type": "multiple"
        },
        {
            "category": "Science: Computers",
            "correct_answer": "True",
            "difficulty": "medium",
            "incorrect_answers": [
                "False"
            ],
            "question": "To bypass US Munitions Export Laws, the creator of the PGP published all the source code in book form. ",
            "type": "boolean"
        },
        {
            "category": "Animals",
            "correct_answer": "Feliformia",
            "difficulty": "hard",
            "incorrect_answers": [
                "Haplorhini",
                "Caniformia",
                "Ciconiiformes"
            ],
            "question": "What scientific suborder does the family Hyaenidae belong to?",
            "type": "multiple"
        },
        {
            "category": "Entertainment: Cartoon & Animations",
            "correct_answer": "San Francisco",
            "difficulty": "medium",
            "incorrect_answers": [
                "Minnesota",
                "Washington",
                "California"
            ],
            "question": "Which city did Anger berate for ruining pizza in &quot;Inside Out&quot;?",
            "type": "multiple"
        },
        {
            "category": "Entertainment: Music",
            "correct_answer": "Cocaine",
            "difficulty": "easy",
            "incorrect_answers": [
                "Conan O&#039;Brien",
                "Cobalt(II) carbonate",
                "Coconut cream pie"
            ],
            "question": "What was the subject of the 2014 song &quot;CoCo&quot; by American rapper O. T. Genasis?",
            "type": "multiple"
        },
        {
            "category": "Entertainment: Japanese Anime & Manga",
            "correct_answer": "Philippines",
            "difficulty": "hard",
            "incorrect_answers": [
                "India",
                "Pakistan",
                "Egypt"
            ],
            "question": "Which of the following countries does &quot;JoJo&#039;s Bizarre Adventure: Stardust Crusaders&quot; not take place in?",
            "type": "multiple"
        },
        {
            "category": "Entertainment: Japanese Anime & Manga",
            "correct_answer": "True",
            "difficulty": "easy",
            "incorrect_answers": [
                "False"
            ],
            "question": "Gosho Aoyama Made This Series: (Detective Conan / Case Closed!)",
            "type": "boolean"
        },
        {
            "category": "Entertainment: Video Games",
            "correct_answer": "A crowbar",
            "difficulty": "easy",
            "incorrect_answers": [
                "A pistol",
                "The H.E.V suit",
                "Your fists"
            ],
            "question": "What is the first weapon you acquire in Half-Life?",
            "type": "multiple"
        },
        {
            "category": "Science: Computers",
            "correct_answer": "center",
            "difficulty": "medium",
            "incorrect_answers": [
                "static",
                "absolute",
                "relative"
            ],
            "question": "In CSS, which of these values CANNOT be used with the &quot;position&quot; property?",
            "type": "multiple"
        },
        {
            "category": "Animals",
            "correct_answer": "False",
            "difficulty": "easy",
            "incorrect_answers": [
                "True"
            ],
            "question": "A flock of crows is known as a homicide.",
            "type": "boolean"
        },
        {
            "category": "Science & Nature",
            "correct_answer": "Carbon",
            "difficulty": "easy",
            "incorrect_answers": [
                "Tungsten",
                "Platinum",
                "Osmium"
            ],
            "question": "Which element has the highest melting point?",
            "type": "multiple"
        },
        {
            "category": "History",
            "correct_answer": "Portugal",
            "difficulty": "medium",
            "incorrect_answers": [
                "Spain",
                "Sweden",
                "Netherlands"
            ],
            "question": "Which Nation DID NOT have a Colony in Modern-day America?",
            "type": "multiple"
        },
        {
            "category": "Entertainment: Music",
            "correct_answer": "True",
            "difficulty": "hard",
            "incorrect_answers": [
                "False"
            ],
            "question": "The song &quot;Mystery Train&quot; was released by artist &quot;Little Junior&#039;s Blue Flames&quot; in 1953.",
            "type": "boolean"
        },
        {
            "category": "Science & Nature",
            "correct_answer": "244",
            "difficulty": "easy",
            "incorrect_answers": [
                "94",
                "481",
                "128"
            ],
            "question": "What is the standard atomic weight of a Plutonium nucleus?",
            "type": "multiple"
        },
        {
            "category": "Entertainment: Video Games",
            "correct_answer": "500",
            "difficulty": "easy",
            "incorrect_answers": [
                "400",
                "1000",
                "100"
            ],
            "question": "What is the maximum HP in Terraria?",
            "type": "multiple"
        },
        {
            "category": "Geography",
            "correct_answer": "Indonesia",
            "difficulty": "medium",
            "incorrect_answers": [
                "Pakistan",
                "Saudi Arabia",
                "Iran"
            ],
            "question": "What is the largest Muslim country in the world?",
            "type": "multiple"
        },
        {
            "category": "Entertainment: Video Games",
            "correct_answer": "Isaac Kleiner",
            "difficulty": "medium",
            "incorrect_answers": [
                "G-Man",
                "Alyx Vance",
                "Gordon Freeman"
            ],
            "question": "The default playermodel of Garry&#039;s Mod is this Half Life 2 character.",
            "type": "multiple"
        },
        {
            "category": "Entertainment: Video Games",
            "correct_answer": "False",
            "difficulty": "medium",
            "incorrect_answers": [
                "True"
            ],
            "question": "Pistons were added to Minecraft in Beta 1.5.",
            "type": "boolean"
        },
        {
            "category": "Entertainment: Cartoon & Animations",
            "correct_answer": "Lilo",
            "difficulty": "easy",
            "incorrect_answers": [
                "Lolo",
                "Lucy",
                "Lulu"
            ],
            "question": "What is lost in Hawaiian and is also the name of a little girl in a 2002 film which features a alien named &quot;Stitch&quot;?",
            "type": "multiple"
        },
        {
            "category": "Entertainment: Comics",
            "correct_answer": "Henry Pym",
            "difficulty": "medium",
            "incorrect_answers": [
                "Amadeus Cho",
                "Tony Stark",
                "Reed Richards"
            ],
            "question": "Who created Ultron of Earth-616?",
            "type": "multiple"
        },
        {
            "category": "General Knowledge",
            "correct_answer": "1955",
            "difficulty": "medium",
            "incorrect_answers": [
                "1964",
                "1951",
                "1947"
            ],
            "question": "In what year was McDonald&#039;s founded?",
            "type": "multiple"
        },
        {
            "category": "Entertainment: Television",
            "correct_answer": "Legends of Tomorrow",
            "difficulty": "medium",
            "incorrect_answers": [
                "Heroes of Tomorrow",
                "The Justice Society of America",
                "The Justice Society"
            ],
            "question": "What is the name of the &quot;Flash&quot; and &quot;Arrow&quot; spinoff featuring a team of characters that have appeared on both shows?",
            "type": "multiple"
        },
        {
            "category": "Entertainment: Music",
            "correct_answer": "Wesley Schultz",
            "difficulty": "medium",
            "incorrect_answers": [
                "Jeremiah Fraites",
                "Jay Van Dyke",
                "Neyla Pekarek"
            ],
            "question": "Who is the lead singer of The Lumineers?",
            "type": "multiple"
        },
        {
            "category": "Entertainment: Video Games",
            "correct_answer": "Jack Black",
            "difficulty": "easy",
            "incorrect_answers": [
                "Kanye West",
                "Lemmy",
                "Ozzy Osbourne"
            ],
            "question": "Who stars in Brutal Legend?",
            "type": "multiple"
        },
        {
            "category": "Science & Nature",
            "correct_answer": "False",
            "difficulty": "hard",
            "incorrect_answers": [
                "True"
            ],
            "question": "The chemical element Lithium is named after the country of Lithuania.",
            "type": "boolean"
        },
        {
            "category": "Entertainment: Music",
            "correct_answer": "20.5",
            "difficulty": "medium",
            "incorrect_answers": [
                "19.5",
                "22.5",
                "25.5"
            ],
            "question": "How many copies have Metallica album &quot;Metallica&quot; (A.K.A The Black Album) sold worldwide (in Millions of Copies)?",
            "type": "multiple"
        },
        {
            "category": "Entertainment: Television",
            "correct_answer": "Eddie the Mean Old Yeti",
            "difficulty": "easy",
            "incorrect_answers": [
                "Kiddy Kong",
                "Diddy Kong",
                "King K. Rool"
            ],
            "question": "When Donkey Kong died in the &quot;Donkey Kong Country&quot; episode &quot;It&#039;s a Wonderful Life&quot;, who was his guardian angel?",
            "type": "multiple"
        },
        {
            "category": "Entertainment: Japanese Anime & Manga",
            "correct_answer": "Elder Tale",
            "difficulty": "easy",
            "incorrect_answers": [
                "Sword Art Online",
                "Tower Unite",
                "Yggdrasil"
            ],
            "question": "The characters of &quot;Log Horizon&quot; are trapped in what game?",
            "type": "multiple"
        },
        {
            "category": "Science: Computers",
            "correct_answer": "Kibibyte",
            "difficulty": "hard",
            "incorrect_answers": [
                "Kylobyte",
                "Kilobyte",
                "Kelobyte"
            ],
            "question": "What does the International System of Quantities refer 1024 bytes as?",
            "type": "multiple"
        },
        {
            "category": "Entertainment: Cartoon & Animations",
            "correct_answer": "Wilt",
            "difficulty": "easy",
            "incorrect_answers": [
                "Coco",
                "Mac",
                "Cheese"
            ],
            "question": "In the show &quot;Foster&#039;s Home For Imaginary Friends&quot;, which character had an obsession with basketball?",
            "type": "multiple"
        },
        {
            "category": "Entertainment: Video Games",
            "correct_answer": "$0 USD",
            "difficulty": "medium",
            "incorrect_answers": [
                "$5 USD",
                "$10 USD",
                "$15 USD"
            ],
            "question": "How much did the indie game &quot;Cave Story&quot; cost when it was first released in 2004?",
            "type": "multiple"
        },
        {
            "category": "History",
            "correct_answer": "True",
            "difficulty": "hard",
            "incorrect_answers": [
                "False"
            ],
            "question": "During the Winter War, the amount of Soviet Union soliders that died or went missing was five times more than Finland&#039;s.",
            "type": "boolean"
        },
        {
            "category": "Entertainment: Video Games",
            "correct_answer": "Trico",
            "difficulty": "medium",
            "incorrect_answers": [
                "Nico",
                "Wolf",
                "Andazi"
            ],
            "question": "What is the name of the creature that the main character befriends in &quot;The Last Guardian&quot;?",
            "type": "multiple"
        },
        {
            "category": "Geography",
            "correct_answer": "Tallinn",
            "difficulty": "medium",
            "incorrect_answers": [
                "Helsinki",
                "Tartu",
                "Riga"
            ],
            "question": "What is the capital of Estonia?",
            "type": "multiple"
        },
        {
            "category": "Entertainment: Film",
            "correct_answer": "The Revenant",
            "difficulty": "medium",
            "incorrect_answers": [
                "The Wolf Of Wall Street",
                "Shutter Island",
                "Inception"
            ],
            "question": "Leonardo Di Caprio won his first Best Actor Oscar for his performance in which film?",
            "type": "multiple"
        },
        {
            "category": "Entertainment: Video Games",
            "correct_answer": "Nathan Steele",
            "difficulty": "hard",
            "incorrect_answers": [
                "Nate Siemens",
                "Nick Stamos",
                "Nolan Stuhlinger"
            ],
            "question": "In the &quot;PAYDAY&quot; series, what is the real name of the character known as &quot;Dallas&quot;?",
            "type": "multiple"
        },
        {
            "category": "Science & Nature",
            "correct_answer": "Cat",
            "difficulty": "easy",
            "incorrect_answers": [
                "Dog",
                "Bat",
                "Butterfly"
            ],
            "question": "What animal takes part in Schr&ouml;dinger&#039;s most famous thought experiment?",
            "type": "multiple"
        },
        {
            "category": "Entertainment: Board Games",
            "correct_answer": "1996",
            "difficulty": "easy",
            "incorrect_answers": [
                "2003",
                "1999",
                "1993"
            ],
            "question": "In which year was the pen and paper RPG &quot;Deadlands&quot; released?",
            "type": "multiple"
        },
        {
            "category": "Vehicles",
            "correct_answer": "False",
            "difficulty": "medium",
            "incorrect_answers": [
                "True"
            ],
            "question": "The majority of Subaru vehicles are made in China.",
            "type": "boolean"
        },
        {
            "category": "Entertainment: Video Games",
            "correct_answer": "Avalice",
            "difficulty": "medium",
            "incorrect_answers": [
                "Freedom",
                "Galaxytrail",
                "Shang Mu"
            ],
            "question": "On which planet does the game Freedom Planet (2014) take place?",
            "type": "multiple"
        }
    ]
}