{
    "response_code": 0,
    "results": [
        {
            "category": "Entertainment: Comics",
            "correct_answer": "Bruce Wayne",
            "difficulty": "easy",
            "incorrect_answers": [
                "Clark Kent",
                "Barry Allen",
                "Tony Stark"
            ],
            "question": "Who is Batman?",
            "type": "multiple"
        },
        {
            "category": "General Knowledge",
            "correct_answer": "Ed Sheeran - I See Fire",
            "difficulty": "hard",
            "incorrect_answers": [
                "Marvin Gaye - Sexual Healing",
                "Coldplay - Midnight",
                "a-ha - Take On Me"
            ],
            "question": "Electronic music producer Kygo&#039;s popularity skyrocketed after a certain remix. Which song did he remix?",
            "type": "multiple"
        },
        {
            "category": "Art",
            "correct_answer": "Neoplasticism",
            "difficulty": "hard",
            "incorrect_answers": [
                "Precisionism",
                "Cubism",
                "Impressionism"
            ],
            "question": "Painter Piet Mondrian (1872 - 1944) was a part of what movement?",
            "type": "multiple"
        },
        {
            "category": "History",
            "correct_answer": "1789",
            "difficulty": "hard",
            "incorrect_answers": [
                "1823",
                "1756",
                "1799"
            ],
            "question": "When did the French Revolution begin?",
            "type": "multiple"
        },
        {
            "category": "General Knowledge",
            "correct_answer": "Mike",
            "difficulty": "easy",
            "incorrect_answers": [
                "Matthew",
                "Mark",
                "Max"
            ],
            "question": "What name represents the letter &quot;M&quot; in the NATO phonetic alphabet?",
            "type": "multiple"
        },
        {
            "category": "Entertainment: Video Games",
            "correct_answer": "True",
            "difficulty": "medium",
            "incorrect_answers": [
                "False"
            ],
            "question": "DragonForce&#039;s &#039;Through the Fire and Flames&#039; is widely considered to be the hardest song in the Guitar Hero series.",
            "type": "boolean"
        },
        {
            "category": "Science: Computers",
            "correct_answer": "Gigahertz",
            "difficulty": "easy",
            "incorrect_answers": [
                "Gigahotz",
                "Gigahetz",
                "Gigahatz"
            ],
            "question": "What does GHz stand for?",
            "type": "multiple"
        },
        {
            "category": "General Knowledge",
            "correct_answer": "Cancer",
            "difficulty": "easy",
            "incorrect_answers": [
                "Libra",
                "Virgo",
                "Sagittarius"
            ],
            "question": "Which sign of the zodiac is represented by the Crab?",
            "type": "multiple"
        },
        {
            "category": "Celebrities",
            "correct_answer": "James",
            "difficulty": "medium",
            "incorrect_answers": [
                "John",
                "Jack",
                "Justin"
            ],
            "question": "Paul McCartney has always used his middle name. What is his real first name? ",
            "type": "multiple"
        },
        {
            "category": "Entertainment: Video Games",
            "correct_answer": "Pac-Man",
            "difficulty": "easy",
            "incorrect_answers": [
                "Gauntlet",
                "Space Invaders",
                "Street Fighter"
            ],
            "question": "Blinky, Pinky, Inky and Clyde are characters from which classic video game?",
            "type": "multiple"
        },
        {
            "category": "Science: Computers",
            "correct_answer": "True",
            "difficulty": "easy",
            "incorrect_answers": [
                "False"
            ],
            "question": "Linus Torvalds created Linux and Git.",
            "type": "boolean"
        },
        {
            "category": "Entertainment: Film",
            "correct_answer": "George Lucas",
            "difficulty": "medium",
            "incorrect_answers": [
                "Ron Howard",
                "Francis Ford Coppola",
                "Steven Spielberg"
            ],
            "question": "Who directed the 1973 film &quot;American Graffiti&quot;?",
            "type": "multiple"
        },
        {
            "category": "Science: Mathematics",
            "correct_answer": "7",
            "difficulty": "easy",
            "incorrect_answers": [
                "4",
                "12",
                "9"
            ],
            "question": "What&#039;s the square root of 49?",
            "type": "multiple"
        },
        {
            "category": "History",
            "correct_answer": "False",
            "difficulty": "medium",
            "incorrect_answers": [
                "True"
            ],
            "question": "&quot;I disapprove of what you say, but I will defend to the death your right to say it&quot; is a quote from French philosopher Voltaire.",
            "type": "boolean"
        },
        {
            "category": "General Knowledge",
            "correct_answer": "Yale University",
            "difficulty": "medium",
            "incorrect_answers": [
                "Princeton University",
                "Harvard University",
                "Columbia University"
            ],
            "question": "Which of the following Ivy League universities has its official motto in Hebrew as well as in Latin?",
            "type": "multiple"
        },
        {
            "category": "Entertainment: Video Games",
            "correct_answer": "Aston Martin Vulcan",
            "difficulty": "medium",
            "incorrect_answers": [
                "Ferrari FXX-K",
                "McLaren P1 GTR",
                "Lotus E23"
            ],
            "question": "In Forza Motorsport 6, which of these track-exclusive cars was NOT featured in the game, either originally with the game or added as DLC?",
            "type": "multiple"
        },
        {
            "category": "Entertainment: Video Games",
            "correct_answer": "Live and Learn",
            "difficulty": "hard",
            "incorrect_answers": [
                "Open Your Heart",
                "Can You Feel the Sunshine?",
                "His World"
            ],
            "question": "What is the main theme song of &quot;Sonic Adventure 2&quot;?",
            "type": "multiple"
        },
        {
            "category": "History",
            "correct_answer": "The Red Baron",
            "difficulty": "easy",
            "incorrect_answers": [
                "The High Flying Ace",
                "The Blue Serpent ",
                "The Germany Gunner"
            ],
            "question": "What was Manfred von Richthofen&#039;s nickname?",
            "type": "multiple"
        },
        {
            "category": "Entertainment: Video Games",
            "correct_answer": "False",
            "difficulty": "medium",
            "incorrect_answers": [
                "True"
            ],
            "question": "In &quot;Team Fortress 2&quot;, the &quot;Bill&#039;s Hat&quot; is a reference to the game &quot;Dota 2&quot;.",
            "type": "boolean"
        },
        {
            "category": "Entertainment: Video Games",
            "correct_answer": "53,594",
            "difficulty": "medium",
            "incorrect_answers": [
                "53,593",
                "53,595",
                "53,596"
            ],
            "question": "How many zombies need to be killed to get the &quot;Zombie Genocider&quot; achievement in Dead Rising (2006)?",
            "type": "multiple"
        },
        {
            "category": "Entertainment: Video Games",
            "correct_answer": "False",
            "difficulty": "easy",
            "incorrect_answers": [
                "True"
            ],
            "question": "In Team Fortress 2, being disguised as a scout or medic results in a speed boost.",
            "type": "boolean"
        },
        {
            "category": "Geography",
            "correct_answer": "0.44km^2",
            "difficulty": "hard",
            "incorrect_answers": [
                "0.10km^2",
                "0.86km^2",
                "12.00km^2"
            ],
            "question": "What is the area of Vatican City?",
            "type": "multiple"
        },
        {
            "category": "Geography",
            "correct_answer": "New Zealand",
            "difficulty": "hard",
            "incorrect_answers": [
                "Nepal",
                "China",
                "Mexico"
            ],
            "question": "The Hunua Ranges is located in...",
            "type": "multiple"
        },
        {
            "category": "Entertainment: Television",
            "correct_answer": "2013",
            "difficulty": "easy",
            "incorrect_answers": [
                "2014",
                "2016",
                "2015"
            ],
            "question": "When did the TV show Rick and Morty first air on Adult Swim?",
            "type": "multiple"
        },
        {
            "category": "Entertainment: Video Games",
            "correct_answer": "Clarence &quot;Razor&quot; Callahan",
            "difficulty": "easy",
            "incorrect_answers": [
                "Hector &quot;Ming&quot; Domingo",
                "Toru &quot;Bull&quot; Sato",
                "Karl &quot;Baron&quot; Smit"
            ],
            "question": "In Need for Speed: Most Wanted (2005), what was the name of the main antagonist?",
            "type": "multiple"
        },
        {
            "category": "Science: Computers",
            "correct_answer": "True",
            "difficulty": "easy",
            "incorrect_answers": [
                "False"
            ],
            "question": "&quot;HTML&quot; stands for Hypertext Markup Language.",
            "type": "boolean"
        },
        {
            "category": "General Knowledge",
            "correct_answer": "False",
            "difficulty": "easy",
            "incorrect_answers": [
                "True"
            ],
            "question": "Adolf Hitler was born in Australia. ",
            "type": "boolean"
        },
        {
            "category": "Entertainment: Video Games",
            "correct_answer": "Crawfish",
            "difficulty": "hard",
            "incorrect_answers": [
                "Lobster",
                "Salmon",
                "Swordfish"
            ],
            "question": "What animal is on Link&#039;s pajamas in The Legend of Zelda: The Wind Waker?",
            "type": "multiple"
        },
        {
            "category": "Entertainment: Video Games",
            "correct_answer": "Elvin Gadd",
            "difficulty": "medium",
            "incorrect_answers": [
                "Robert Fludd",
                "Nirona",
                "Crygor"
            ],
            "question": "Who created the pump &quot;F.L.U.D.D.&quot; Mario uses in Super Mario Sunshine?",
            "type": "multiple"
        },
        {
            "category": "Entertainment: Music",
            "correct_answer": "Matt Bellamy",
            "difficulty": "medium",
            "incorrect_answers": [
                "Dominic Howard",
                "Thom Yorke",
                "Jonny Greenwood"
            ],
            "question": "Who is the frontman of Muse?",
            "type": "multiple"
        },
        {
            "category": "Entertainment: Music",
            "correct_answer": "True",
            "difficulty": "easy",
            "incorrect_answers": [
                "False"
            ],
            "question": "The song &quot;Stronger Than You&quot; is a single by Estelle, who played Garnet in Steven Universe.",
            "type": "boolean"
        },
        {
            "category": "Entertainment: Music",
            "correct_answer": "False",
            "difficulty": "medium",
            "incorrect_answers": [
                "True"
            ],
            "question": "&quot;Twenty One Pilots&quot; made the song &quot;The Motion&quot; featuring Sampha.",
            "type": "boolean"
        },
        {
            "category": "Entertainment: Film",
            "correct_answer": "Jesse Eisenberg",
            "difficulty": "medium",
            "incorrect_answers": [
                "Michael Cera",
                "Jonah Hill",
                "Zach Galifianakis"
            ],
            "question": "Who voices the main character Blu in the 2011 animated film &quot;Rio&quot;?",
            "type": "multiple"
        },
        {
            "category": "Science: Gadgets",
            "correct_answer": "True",
            "difficulty": "easy",
            "incorrect_answers": [
                "False"
            ],
            "question": "Microphones can be used not only to pick up sound, but also to project sound similar to a speaker.",
            "type": "boolean"
        },
        {
            "category": "Science & Nature",
            "correct_answer": "Neon",
            "difficulty": "medium",
            "incorrect_answers": [
                "Potassium",
                "Iodine",
                "Colbalt"
            ],
            "question": "Which of these elements on the Periodic Table is a Noble Gas?",
            "type": "multiple"
        },
        {
            "category": "Vehicles",
            "correct_answer": "Opel",
            "difficulty": "hard",
            "incorrect_answers": [
                "Porsche",
                "Bugatti",
                "Bentley"
            ],
            "question": "Which one of the following is NOT a sub-company of the Volkswagen Group?",
            "type": "multiple"
        },
        {
            "category": "Entertainment: Comics",
            "correct_answer": "Herg&eacute;",
            "difficulty": "medium",
            "incorrect_answers": [
                "E.P. Jacobs",
                "Rin Tin Tin",
                "Chic Young"
            ],
            "question": "Who authored The Adventures of Tintin?",
            "type": "multiple"
        },
        {
            "category": "Sports",
            "correct_answer": "Arizona Cardinals",
            "difficulty": "medium",
            "incorrect_answers": [
                "Chicago Bears",
                "Green Bay Packers",
                "New York Giants"
            ],
            "question": "What is the oldest team in the NFL?",
            "type": "multiple"
        },
        {
            "category": "History",
            "correct_answer": "The Battle of Antietam",
            "difficulty": "medium",
            "incorrect_answers": [
                "The Siege of Vicksburg",
                "The Battle of Gettysburg",
                "The Battles of Chancellorsville"
            ],
            "question": "What was the bloodiest single-day battle during the American Civil War?",
            "type": "multiple"
        },
        {
            "category": "Geography",
            "correct_answer": "False",
            "difficulty": "medium",
            "incorrect_answers": [
                "True"
            ],
            "question": "Norway has a larger land area than Sweden.",
            "type": "boolean"
        },
        {
            "category": "Entertainment: Video Games",
            "correct_answer": "False",
            "difficulty": "easy",
            "incorrect_answers": [
                "True"
            ],
            "question": "Watch_Dogs 2 is a prequel.",
            "type": "boolean"
        },
        {
            "category": "Entertainment: Japanese Anime & Manga",
            "correct_answer": "Poison Potato",
            "difficulty": "medium",
            "incorrect_answers": [
                "Mors Oil",
                "Alpacookie",
                "Parmesansho Fruit"
            ],
            "question": "In &quot;Toriko&quot;, which of the following foods is knowingly compatible with Toriko?",
            "type": "multiple"
        },
        {
            "category": "Entertainment: Film",
            "correct_answer": "1971",
            "difficulty": "hard",
            "incorrect_answers": [
                "1975",
                "1983",
                "1969"
            ],
            "question": "In what year did Clint Eastwood star as Inspector Harry Callahan in the film &quot;Dirty Harry&quot;?",
            "type": "multiple"
        },
        {
            "category": "General Knowledge",
            "correct_answer": "Pancreatic",
            "difficulty": "medium",
            "incorrect_answers": [
                "Bone",
                "Liver",
                "Stomach"
            ],
            "question": "Apple co-founder Steve Jobs died from complications of which form of cancer?",
            "type": "multiple"
        },
        {
            "category": "Entertainment: Video Games",
            "correct_answer": "The Giant",
            "difficulty": "hard",
            "incorrect_answers": [
                "Shadows Of Evil",
                "Der Eisendrache",
                "Moon"
            ],
            "question": "In &quot;Call Of Duty: Zombies&quot;, which map&#039;s opening cutscene shows &quot;Richtofen&quot; killing another version of himself?",
            "type": "multiple"
        },
        {
            "category": "Entertainment: Video Games",
            "correct_answer": "Die Rise",
            "difficulty": "medium",
            "incorrect_answers": [
                "Mob Of The Dead",
                "Origins",
                "Ascension"
            ],
            "question": "In &quot;Call Of Duty: Zombies&quot;, completing which map&#039;s main easter egg will reward you with the achievement, &quot;High Maintenance&quot;?",
            "type": "multiple"
        },
        {
            "category": "Celebrities",
            "correct_answer": "False",
            "difficulty": "easy",
            "incorrect_answers": [
                "True"
            ],
            "question": "Tupac Shakur died due to complications from being stabbed in 1996.",
            "type": "boolean"
        },
        {
            "category": "Entertainment: Video Games",
            "correct_answer": "False",
            "difficulty": "medium",
            "incorrect_answers": [
                "True"
            ],
            "question": "In &quot;League of Legends&quot;, there exists four different ypes of Dragon.",
            "type": "boolean"
        },
        {
            "category": "Entertainment: Video Games",
            "correct_answer": "First Lieutenant",
            "difficulty": "hard",
            "incorrect_answers": [
                "Captain",
                "First Sargent ",
                "Staff Sargent"
            ],
            "question": "What military rank is the protagonist &quot;Nomad&quot; in &quot;Crysis&quot;?",
            "type": "multiple"
        },
        {
            "category": "General Knowledge",
            "correct_answer": "You smell extremely unpleasant.",
            "difficulty": "hard",
            "incorrect_answers": [
                "You are out of shape/weak.",
                "Your appearance is repulsive.",
                "You are incomprehensible/an idiot."
            ],
            "question": "If someone said &quot;you are olid&quot;, what would they mean?",
            "type": "multiple"
        }
    ]
}