{
    "response_code": 0,
    "results": [
        {
            "category": "Entertainment: Video Games",
            "correct_answer": "Rad Mobile",
            "difficulty": "easy",
            "incorrect_answers": [
                "Sonic The Hedgehog",
                "Super Mario 64",
                "Mega Man"
            ],
            "question": "Which game did &quot;Sonic The Hedgehog&quot; make his first appearance in?",
            "type": "multiple"
        },
        {
            "category": "Entertainment: Comics",
            "correct_answer": "Zodiac",
            "difficulty": "medium",
            "incorrect_answers": [
                "Scorpio",
                "Tiger Mafia",
                "The Union"
            ],
            "question": "In Marvel Comics, Taurus is the founder and leader of which criminal organization?",
            "type": "multiple"
        },
        {
            "category": "Sports",
            "correct_answer": "Duck",
            "difficulty": "medium",
            "incorrect_answers": [
                "Bye",
                "Beamer",
                "Carry"
            ],
            "question": "What cricketing term denotes a batsman being dismissed with a score of zero?",
            "type": "multiple"
        },
        {
            "category": "Science: Mathematics",
            "correct_answer": "2.72",
            "difficulty": "hard",
            "incorrect_answers": [
                "3.14",
                "1.62",
                "1.41"
            ],
            "question": "What is the approximate value of mathematical constant e?",
            "type": "multiple"
        },
        {
            "category": "Animals",
            "correct_answer": "True",
            "difficulty": "easy",
            "incorrect_answers": [
                "False"
            ],
            "question": "A slug&rsquo;s blood is green.",
            "type": "boolean"
        },
        {
            "category": "History",
            "correct_answer": "Karl Marx",
            "difficulty": "easy",
            "incorrect_answers": [
                "Vladimir Lenin",
                "Joseph Stalin",
                "Vladimir Putin"
            ],
            "question": "The idea of Socialism was articulated and advanced by whom?",
            "type": "multiple"
        },
        {
            "category": "Entertainment: Music",
            "correct_answer": "Germany",
            "difficulty": "easy",
            "incorrect_answers": [
                "Austria",
                "Armenia",
                "Belgium"
            ],
            "question": "Which country does the band Rammstein hail from?",
            "type": "multiple"
        },
        {
            "category": "Entertainment: Television",
            "correct_answer": "Walter White",
            "difficulty": "easy",
            "incorrect_answers": [
                "Saul Goodman",
                "Jesse Pinkman",
                "Skyler White"
            ],
            "question": "Who is the star of the AMC series Breaking Bad?",
            "type": "multiple"
        },
        {
            "category": "Science & Nature",
            "correct_answer": "Helium",
            "difficulty": "medium",
            "incorrect_answers": [
                "Hydrogen",
                "Neon",
                "Nitrogen"
            ],
            "question": "Which chemical element has the lowest boiling point?",
            "type": "multiple"
        },
        {
            "category": "Entertainment: Video Games",
            "correct_answer": "6",
            "difficulty": "easy",
            "incorrect_answers": [
                "4",
                "5",
                "3"
            ],
            "question": "How many times do you fight Gilgamesh in &quot;Final Fantasy 5&quot;?",
            "type": "multiple"
        },
        {
            "category": "Entertainment: Video Games",
            "correct_answer": "9.31 g",
            "difficulty": "hard",
            "incorrect_answers": [
                "11 g",
                "9.42 g",
                "4.4 g"
            ],
            "question": "In the original &quot;Super Mario Bros.&quot;, what is the acceleration of Mario if he was in free fall?",
            "type": "multiple"
        },
        {
            "category": "Entertainment: Video Games",
            "correct_answer": "Niantic",
            "difficulty": "easy",
            "incorrect_answers": [
                "Rovio",
                "Zynga",
                "Supercell"
            ],
            "question": "Pok&eacute;mon Go is a location-based augmented reality game developed and published by which company?",
            "type": "multiple"
        },
        {
            "category": "Entertainment: Video Games",
            "correct_answer": "2, 3, 1",
            "difficulty": "medium",
            "incorrect_answers": [
                "1, 2, 3",
                "1, 3, 2",
                "2, 1, 3"
            ],
            "question": "In which order do you need to hit some Deku Scrubs to open the first boss door in &quot;Ocarina of Time&quot;?",
            "type": "multiple"
        },
        {
            "category": "General Knowledge",
            "correct_answer": "Pomodoro",
            "difficulty": "medium",
            "incorrect_answers": [
                "Aglio",
                "Cipolla",
                "Peperoncino"
            ],
            "question": "What is the Italian word for &quot;tomato&quot;?",
            "type": "multiple"
        },
        {
            "category": "General Knowledge",
            "correct_answer": "Zima",
            "difficulty": "medium",
            "incorrect_answers": [
                "Leto",
                "Vesna",
                "Osen&#039;"
            ],
            "question": "What is the romanized Russian word for &quot;winter&quot;?",
            "type": "multiple"
        },
        {
            "category": "General Knowledge",
            "correct_answer": "True",
            "difficulty": "medium",
            "incorrect_answers": [
                "False"
            ],
            "question": "The average woman is 5 inches / 13 centimeters shorter than the average man.",
            "type": "boolean"
        },
        {
            "category": "Animals",
            "correct_answer": "Melopsittacus undulatus",
            "difficulty": "hard",
            "incorrect_answers": [
                "Nymphicus hollandicus",
                "Pyrrhura molinae",
                "Ara macao"
            ],
            "question": "What is the scientific name of the Budgerigar?",
            "type": "multiple"
        },
        {
            "category": "Entertainment: Television",
            "correct_answer": "Pinhead",
            "difficulty": "medium",
            "incorrect_answers": [
                "Starfish",
                "Larry",
                "Dirty Dan"
            ],
            "question": "In the episode of SpongeBob SquarePants, &quot;Survival of the Idiots&quot;, Spongebob called Patrick which nickname?",
            "type": "multiple"
        },
        {
            "category": "Entertainment: Cartoon & Animations",
            "correct_answer": "Steven Universe",
            "difficulty": "medium",
            "incorrect_answers": [
                "Regular Show",
                "Adventure Time",
                "The Amazing World of Gumball"
            ],
            "question": "What Cartoon Network show aired its first episode on November 4th, 2013?",
            "type": "multiple"
        },
        {
            "category": "Vehicles",
            "correct_answer": "True",
            "difficulty": "easy",
            "incorrect_answers": [
                "False"
            ],
            "question": "The full English name of the car manufacturer BMW is Bavarian Motor Works",
            "type": "boolean"
        },
        {
            "category": "Entertainment: Film",
            "correct_answer": "Men of Harlech",
            "difficulty": "hard",
            "incorrect_answers": [
                "Scotland the Brave",
                "Colonel Bogey March",
                "The British Grenadiers"
            ],
            "question": "In the 1964 film &quot;Zulu&quot;, what song does the British Army company sing before the final battle?",
            "type": "multiple"
        },
        {
            "category": "Entertainment: Video Games",
            "correct_answer": "Will Stamper",
            "difficulty": "easy",
            "incorrect_answers": [
                "Steve Blum",
                "Richard Epcar",
                "Yuri Lowenthal"
            ],
            "question": "In the game Battleblock Theater, what was the name of the voice actor who voiced the narrator?",
            "type": "multiple"
        },
        {
            "category": "Entertainment: Video Games",
            "correct_answer": "Rhyhorn",
            "difficulty": "medium",
            "incorrect_answers": [
                "Bulbasaur",
                "Mew",
                "Arceus"
            ],
            "question": "During the game&#039;s development, what was the first ever created Pok&eacute;mon?",
            "type": "multiple"
        },
        {
            "category": "Entertainment: Board Games",
            "correct_answer": "Extreme Dungeons &amp; Dragons",
            "difficulty": "easy",
            "incorrect_answers": [
                "Advanced Dungeons &amp; Dragons",
                "Dungeons &amp; Dragons 3.5th edition",
                "Advanced Dungeons &amp; Dragons 2nd edition"
            ],
            "question": "Which one of these is not a real game in the Dungeons &amp; Dragons series?",
            "type": "multiple"
        },
        {
            "category": "Entertainment: Music",
            "correct_answer": "Rin",
            "difficulty": "medium",
            "incorrect_answers": [
                "Rem",
                "Ren",
                "Ram"
            ],
            "question": "What is the name of the main character from the music video of &quot;Shelter&quot; by Porter Robinson and A-1 Studios?",
            "type": "multiple"
        },
        {
            "category": "Entertainment: Books",
            "correct_answer": "John Steinbeck",
            "difficulty": "medium",
            "incorrect_answers": [
                "F. Scott Fitzgerald",
                "Ernest Hemingway",
                "William Faulkner"
            ],
            "question": "Which American author was also a budding travel writer and wrote of his adventures with his dog Charley?",
            "type": "multiple"
        },
        {
            "category": "Entertainment: Video Games",
            "correct_answer": "Anno 2070",
            "difficulty": "medium",
            "incorrect_answers": [
                "Anno 1404",
                "Anno 2205",
                " Anno 1701"
            ],
            "question": "In what Anno game did the eco balance an part of the game play?",
            "type": "multiple"
        },
        {
            "category": "Science: Computers",
            "correct_answer": "True",
            "difficulty": "medium",
            "incorrect_answers": [
                "False"
            ],
            "question": "Early RAM was directly seated onto the motherboard and could not be easily removed.",
            "type": "boolean"
        },
        {
            "category": "Mythology",
            "correct_answer": "Dionysus",
            "difficulty": "easy",
            "incorrect_answers": [
                "Hephaestus",
                "Demeter",
                "Apollo"
            ],
            "question": "In Greek mythology, who is the god of wine?",
            "type": "multiple"
        },
        {
            "category": "Vehicles",
            "correct_answer": "True",
            "difficulty": "medium",
            "incorrect_answers": [
                "False"
            ],
            "question": "Arriva is owned by the Deutsche Bahn.",
            "type": "boolean"
        },
        {
            "category": "Geography",
            "correct_answer": "True",
            "difficulty": "easy",
            "incorrect_answers": [
                "False"
            ],
            "question": "California is larger than Japan.",
            "type": "boolean"
        },
        {
            "category": "Entertainment: Video Games",
            "correct_answer": "Jool",
            "difficulty": "easy",
            "incorrect_answers": [
                "Eeloo",
                "Kerbol",
                "Minmus"
            ],
            "question": "What is the name of the largest planet in Kerbal Space Program?",
            "type": "multiple"
        },
        {
            "category": "Geography",
            "correct_answer": "Niagara Falls",
            "difficulty": "hard",
            "incorrect_answers": [
                "Whistler, British Columbia",
                "Disney World",
                "Yosemite National Park"
            ],
            "question": "What North American tourist attraction is served by the &quot;Maid of the Mist&quot; tour company?",
            "type": "multiple"
        },
        {
            "category": "Geography",
            "correct_answer": "Victoria",
            "difficulty": "medium",
            "incorrect_answers": [
                "Vancouver",
                "Hope",
                "Kelowna"
            ],
            "question": "What is the capital of British Columbia, Canada?",
            "type": "multiple"
        },
        {
            "category": "Entertainment: Video Games",
            "correct_answer": "Day 23",
            "difficulty": "hard",
            "incorrect_answers": [
                "Day 20",
                "Day 17",
                "Day 15"
            ],
            "question": "Which day in &quot;Papers, Please&quot; does the man in red appear?",
            "type": "multiple"
        },
        {
            "category": "Entertainment: Television",
            "correct_answer": "Steven Moffatt",
            "difficulty": "medium",
            "incorrect_answers": [
                "Phil Ford",
                "Russell T Davies",
                "Toby Whithouse"
            ],
            "question": "Which British writer wrote for both Doctor Who and Sherlock?",
            "type": "multiple"
        },
        {
            "category": "Entertainment: Video Games",
            "correct_answer": "Bellevue, Washington",
            "difficulty": "easy",
            "incorrect_answers": [
                "Austin, Texas",
                "Seattle, Washington",
                "San Francisco, California"
            ],
            "question": "Valve Corporation is an American video game developer located in which city?",
            "type": "multiple"
        },
        {
            "category": "Entertainment: Video Games",
            "correct_answer": "Golden ",
            "difficulty": "medium",
            "incorrect_answers": [
                "Diamond",
                "Iron",
                "Obsidian"
            ],
            "question": "Without enchantments, which pickaxe in minecraft mines blocks the quickest.",
            "type": "multiple"
        },
        {
            "category": "History",
            "correct_answer": "1453",
            "difficulty": "medium",
            "incorrect_answers": [
                "1435",
                "1454",
                "1440"
            ],
            "question": "In which year was Constantinople conquered by the Turks?",
            "type": "multiple"
        },
        {
            "category": "Entertainment: Film",
            "correct_answer": "Jonathan Demme",
            "difficulty": "medium",
            "incorrect_answers": [
                "Stanley Kubrick",
                "Frank Darabont",
                "Michael Bay"
            ],
            "question": "Who is the director of the 1991 film &quot;Silence of the Lambs&quot;?",
            "type": "multiple"
        },
        {
            "category": "Entertainment: Television",
            "correct_answer": "True",
            "difficulty": "easy",
            "incorrect_answers": [
                "False"
            ],
            "question": "In &quot;Star Trek&quot;, Klaang is a typical Klingon male.",
            "type": "boolean"
        },
        {
            "category": "General Knowledge",
            "correct_answer": "Bank of Italy",
            "difficulty": "hard",
            "incorrect_answers": [
                "Bank of Long Island",
                "Bank of Pennsylvania",
                "Bank of Charlotte"
            ],
            "question": "What was Bank of America originally established as?",
            "type": "multiple"
        },
        {
            "category": "Entertainment: Video Games",
            "correct_answer": "True",
            "difficulty": "easy",
            "incorrect_answers": [
                "False"
            ],
            "question": "&quot;Metal Gear Solid 3: Snake Eater&quot; was released in 2004.",
            "type": "boolean"
        },
        {
            "category": "Entertainment: Music",
            "correct_answer": "Radiohead",
            "difficulty": "medium",
            "incorrect_answers": [
                "Nirvana",
                "Coldplay",
                "U2"
            ],
            "question": "Which rock band released the album &quot;The Bends&quot; in March 1995?",
            "type": "multiple"
        },
        {
            "category": "Entertainment: Video Games",
            "correct_answer": "Yellow and Blue",
            "difficulty": "medium",
            "incorrect_answers": [
                "Yellow and Red",
                "Red and Blue",
                "Blue and White"
            ],
            "question": "Which of the following colors does the Zombie eyes glow in the &quot;Nuketown&quot; map in &quot;Call of Duty: Black Ops II&quot; Zombies mode?",
            "type": "multiple"
        },
        {
            "category": "Entertainment: Video Games",
            "correct_answer": "The Reaper",
            "difficulty": "medium",
            "incorrect_answers": [
                "Lamentation",
                "The Grim Reaper",
                "The Eviscerator  "
            ],
            "question": "In the &quot;Call Of Duty: Zombies&quot; map &quot;Der Riese&quot;, what is the name of the &quot;Pack-A-Punched PPSH-41&quot;?",
            "type": "multiple"
        },
        {
            "category": "Entertainment: Music",
            "correct_answer": "Plastic Beach",
            "difficulty": "medium",
            "incorrect_answers": [
                "Demon Days",
                "Humanz",
                "The Fall"
            ],
            "question": "From which album is the Gorillaz song, &quot;On Melancholy Hill&quot; featured in?",
            "type": "multiple"
        },
        {
            "category": "Science & Nature",
            "correct_answer": "False",
            "difficulty": "easy",
            "incorrect_answers": [
                "True"
            ],
            "question": "Celiac Disease is a disease that effects the heart, causing those effected to be unable to eat meat.",
            "type": "boolean"
        },
        {
            "category": "Entertainment: Film",
            "correct_answer": "Christian Bale",
            "difficulty": "medium",
            "incorrect_answers": [
                "Michael Caine",
                "Ron Dean",
                "Heath Ledger"
            ],
            "question": "Who plays &quot;Bruce Wayne&quot; in the 2008 movie &quot;The Dark Knight&quot;?",
            "type": "multiple"
        },
        {
            "category": "Entertainment: Comics",
            "correct_answer": "Damian Wayne",
            "difficulty": "medium",
            "incorrect_answers": [
                "Dick Grayson",
                "Tim Drake",
                "Jason Todd"
            ],
            "question": "Which Batman sidekick is the son of Talia al Ghul?",
            "type": "multiple"
        }
    ]
}