{
    "response_code": 0,
    "results": [
        {
            "category": "Geography",
            "correct_answer": "Finland",
            "difficulty": "hard",
            "incorrect_answers": [
                "Norway",
                "Sweden",
                "Denmark"
            ],
            "question": "What country is not a part of Scandinavia?",
            "type": "multiple"
        },
        {
            "category": "Vehicles",
            "correct_answer": "Bull",
            "difficulty": "easy",
            "incorrect_answers": [
                "Bat",
                "Horse",
                "Snake"
            ],
            "question": "The Italian automaker Lamborghini uses what animal as its logo?",
            "type": "multiple"
        },
        {
            "category": "Science & Nature",
            "correct_answer": "Lift",
            "difficulty": "medium",
            "incorrect_answers": [
                "Thrust",
                "Drag",
                "Weight "
            ],
            "question": "In aeronautics, flaps and slats are used to control what on an aircraft?",
            "type": "multiple"
        },
        {
            "category": "Entertainment: Video Games",
            "correct_answer": "GoldSrc",
            "difficulty": "medium",
            "incorrect_answers": [
                "Source",
                "Quake",
                "Unreal"
            ],
            "question": "What engine did the original &quot;Half-Life&quot; run on?",
            "type": "multiple"
        },
        {
            "category": "History",
            "correct_answer": "False",
            "difficulty": "easy",
            "incorrect_answers": [
                "True"
            ],
            "question": "The Cold War ended with Joseph Stalin&#039;s death.",
            "type": "boolean"
        },
        {
            "category": "Entertainment: Music",
            "correct_answer": "The Front Bottoms",
            "difficulty": "medium",
            "incorrect_answers": [
                "Twenty One Pilots",
                "The Wonder Years",
                "The Smith Street Band"
            ],
            "question": "The song &quot;Twin Size Mattress&quot; was written by which band?",
            "type": "multiple"
        },
        {
            "category": "Politics",
            "correct_answer": "Ronald Reagan",
            "difficulty": "medium",
            "incorrect_answers": [
                "Jimmy Carter",
                "Bill Clinton",
                "Richard Nixon"
            ],
            "question": "Who was the 40th President of the USA?",
            "type": "multiple"
        },
        {
            "category": "General Knowledge",
            "correct_answer": "Rum",
            "difficulty": "easy",
            "incorrect_answers": [
                "Gin",
                "Vodka",
                "Whisky"
            ],
            "question": "What alcoholic drink is made from molasses?",
            "type": "multiple"
        },
        {
            "category": "Geography",
            "correct_answer": "Chinese",
            "difficulty": "hard",
            "incorrect_answers": [
                "Japanese",
                "Russian",
                "Indian"
            ],
            "question": "The prefix Sino- (As in Sino-American) is used to refer to what nationality?",
            "type": "multiple"
        },
        {
            "category": "Geography",
            "correct_answer": "The North Pole",
            "difficulty": "medium",
            "incorrect_answers": [
                "The South Pole",
                "The Tropic of Cancer",
                "The Equator"
            ],
            "question": "Where is Earth&#039;s South Magnetic Pole?",
            "type": "multiple"
        },
        {
            "category": "Entertainment: Japanese Anime & Manga",
            "correct_answer": "Edward Elric",
            "difficulty": "easy",
            "incorrect_answers": [
                "Alphonse Elric",
                "Van Hohenheim",
                "Izumi Curtis"
            ],
            "question": "Who was given the title &quot;Full Metal&quot; in the anime series &quot;Full Metal Alchemist&quot;?",
            "type": "multiple"
        },
        {
            "category": "History",
            "correct_answer": "36",
            "difficulty": "hard",
            "incorrect_answers": [
                "62",
                "87",
                "73"
            ],
            "question": "What age was King Henry V when he died?",
            "type": "multiple"
        },
        {
            "category": "Entertainment: Music",
            "correct_answer": "The Life of Pablo",
            "difficulty": "medium",
            "incorrect_answers": [
                "Kill Urself My Man",
                "You&#039;ll Cowards Don&#039;t Even Smoke Crack",
                "Yo Wife Handcuffin&#039; Me"
            ],
            "question": "Which of these is NOT the name of an album released by American rapper Viper?",
            "type": "multiple"
        },
        {
            "category": "Entertainment: Music",
            "correct_answer": "Canada",
            "difficulty": "medium",
            "incorrect_answers": [
                "United States",
                "Australia",
                "United Kingdom"
            ],
            "question": "EDM record label Monstercat is based in which country?",
            "type": "multiple"
        },
        {
            "category": "Entertainment: Music",
            "correct_answer": "Hemidemisemiquaver",
            "difficulty": "hard",
            "incorrect_answers": [
                "Semihemidemisemiquaver",
                "Semiquaver",
                "Demisemiquaver"
            ],
            "question": "What is the British term for a 64th note?",
            "type": "multiple"
        },
        {
            "category": "Vehicles",
            "correct_answer": "Kelisa",
            "difficulty": "hard",
            "incorrect_answers": [
                "Saga",
                "Perdana",
                "Inspira"
            ],
            "question": "Which of these is NOT a car model produced by Malaysian car manufacturer Proton?",
            "type": "multiple"
        },
        {
            "category": "Science: Computers",
            "correct_answer": "False",
            "difficulty": "medium",
            "incorrect_answers": [
                "True"
            ],
            "question": "MacOS is based on Linux.",
            "type": "boolean"
        },
        {
            "category": "Science: Gadgets",
            "correct_answer": "Sony",
            "difficulty": "medium",
            "incorrect_answers": [
                "Panasonic",
                "LG",
                "Fujitsu"
            ],
            "question": "Which company designed the &quot;Betamax&quot; video cassette format?",
            "type": "multiple"
        },
        {
            "category": "Entertainment: Film",
            "correct_answer": "Jackie Earle Haley",
            "difficulty": "medium",
            "incorrect_answers": [
                "Tyler Mane",
                "Derek Mears",
                "Gunnar Hansen"
            ],
            "question": "In the 2010 Nightmare on Elm Street reboot, who played Freddy Kruger?",
            "type": "multiple"
        },
        {
            "category": "Entertainment: Film",
            "correct_answer": "The Shining",
            "difficulty": "medium",
            "incorrect_answers": [
                "2001: A Space Odyssey",
                " Dr. Strangelove ",
                "Eyes Wide Shut"
            ],
            "question": "Which movie of film director Stanley Kubrick is known to be an adaptation of a Stephen King novel?",
            "type": "multiple"
        },
        {
            "category": "Entertainment: Video Games",
            "correct_answer": "BMW M3 GTR",
            "difficulty": "medium",
            "incorrect_answers": [
                "Porsche 911 Turbo",
                "Nissan 240SX",
                "Ford Mustang"
            ],
            "question": "In Need For Speed Most Wanted (2005), what do you drive at the beginning of the career mode?",
            "type": "multiple"
        },
        {
            "category": "Entertainment: Video Games",
            "correct_answer": "True",
            "difficulty": "medium",
            "incorrect_answers": [
                "False"
            ],
            "question": "TF2: The Medic will be credited for an assist if he heals a Spy that successfully saps a building.",
            "type": "boolean"
        },
        {
            "category": "Entertainment: Television",
            "correct_answer": "RiDGiD STUDiOS",
            "difficulty": "easy",
            "incorrect_answers": [
                "Dan Bell",
                "Billy Familia",
                "VeganGainz"
            ],
            "question": "The &quot;Psycho&quot; series of videos on YouTube was created by which of the following?",
            "type": "multiple"
        },
        {
            "category": "Science: Computers",
            "correct_answer": "Luna",
            "difficulty": "medium",
            "incorrect_answers": [
                "Neptune",
                "Whistler",
                "Bliss"
            ],
            "question": "What is the name of the default theme that is installed with Windows XP?",
            "type": "multiple"
        },
        {
            "category": "Mythology",
            "correct_answer": "True",
            "difficulty": "hard",
            "incorrect_answers": [
                "False"
            ],
            "question": "Rannamaari was a sea demon that haunted the people of the Maldives and had to be appeased monthly with the sacrifice of a virgin girl.",
            "type": "boolean"
        },
        {
            "category": "Entertainment: Video Games",
            "correct_answer": "Glock-18",
            "difficulty": "easy",
            "incorrect_answers": [
                "Tec-9",
                "Desert Eagle",
                "Dual Berretas"
            ],
            "question": "The starting pistol of the Terrorist team in a competitive match of Counter Strike: Global Offensive is what?",
            "type": "multiple"
        },
        {
            "category": "History",
            "correct_answer": "Slovenia, Croatia",
            "difficulty": "medium",
            "incorrect_answers": [
                "Macedonia, Montenegro",
                "Slovenia, Macedonia",
                "Montenegro, Slovenia"
            ],
            "question": "What were the first states to break away from Yugoslavia?",
            "type": "multiple"
        },
        {
            "category": "Science: Computers",
            "correct_answer": "print(&quot;Hello World&quot;)",
            "difficulty": "medium",
            "incorrect_answers": [
                "console.log(&quot;Hello World&quot;)",
                "echo &quot;Hello World&quot;",
                "printf(&quot;Hello World&quot;)"
            ],
            "question": "In the programming language &quot;Python&quot;, which of these statements would display the string &quot;Hello World&quot; correctly?",
            "type": "multiple"
        },
        {
            "category": "Entertainment: Video Games",
            "correct_answer": "Spooky Stuff",
            "difficulty": "hard",
            "incorrect_answers": [
                "Ghosts n&#039; Ghouls",
                "Nerving Nights",
                "Fearful Frights"
            ],
            "question": "What&#039;s the name of the halloween-related Sims 4 Stuff Pack released September 29th, 2015?",
            "type": "multiple"
        },
        {
            "category": "Entertainment: Video Games",
            "correct_answer": "True",
            "difficulty": "easy",
            "incorrect_answers": [
                "False"
            ],
            "question": "The end credits sequence in Grand Theft Auto 5 is over half an hour long.",
            "type": "boolean"
        },
        {
            "category": "Sports",
            "correct_answer": "25",
            "difficulty": "easy",
            "incorrect_answers": [
                "19",
                "69",
                "41"
            ],
            "question": "How many points did LeBron James score in his first NBA game?",
            "type": "multiple"
        },
        {
            "category": "Entertainment: Music",
            "correct_answer": "Yeezus",
            "difficulty": "hard",
            "incorrect_answers": [
                "My Beautiful Dark Twisted Fantasy",
                "The Life of Pablo",
                "Watch the Throne"
            ],
            "question": "Which album was released by Kanye West in 2013?",
            "type": "multiple"
        },
        {
            "category": "Entertainment: Music",
            "correct_answer": "Watch the Throne",
            "difficulty": "easy",
            "incorrect_answers": [
                "Distant Relatives",
                "What a Time to be Alive",
                "Unfinished Business"
            ],
            "question": "What collaborative album was released by Kanye West and Jay-Z in 2011?",
            "type": "multiple"
        },
        {
            "category": "General Knowledge",
            "correct_answer": "London Liverpool Street",
            "difficulty": "medium",
            "incorrect_answers": [
                "Frankfurt (Main) Hauptbahnhof",
                "Paris Gare du Nord",
                "Brussels Midi"
            ],
            "question": "Amsterdam Centraal station is twinned with what station?",
            "type": "multiple"
        },
        {
            "category": "Vehicles",
            "correct_answer": "False",
            "difficulty": "medium",
            "incorrect_answers": [
                "True"
            ],
            "question": "The General Motors EV1 was the first street-legal production electric vehicle.",
            "type": "boolean"
        },
        {
            "category": "Sports",
            "correct_answer": "Mercedes-AMG Petronas",
            "difficulty": "medium",
            "incorrect_answers": [
                "Scuderia Ferrari",
                "McLaren Honda",
                "Red Bull Racing Renault"
            ],
            "question": "In 2016, who won the Formula 1 World Constructor&#039;s Championship for the third time in a row?",
            "type": "multiple"
        },
        {
            "category": "Entertainment: Video Games",
            "correct_answer": "James Bond",
            "difficulty": "hard",
            "incorrect_answers": [
                "Diddy Kong",
                "Mega Man",
                "Wave Racer"
            ],
            "question": "Which of these characters was considered, but ultimately not included, for Super Smash Bros. Melee?",
            "type": "multiple"
        },
        {
            "category": "Entertainment: Video Games",
            "correct_answer": "Punished &quot;Venom&quot; Snake",
            "difficulty": "medium",
            "incorrect_answers": [
                "Miller",
                "Solid Snake",
                "Ocelot"
            ],
            "question": "What was the name of the protagonist of Metal Gear Solid V: The Phantom Pain?",
            "type": "multiple"
        },
        {
            "category": "Entertainment: Video Games",
            "correct_answer": "Shao Kahn",
            "difficulty": "easy",
            "incorrect_answers": [
                "Liu Kang",
                "Shang Tsung",
                "Raiden"
            ],
            "question": "Who turns out to be the true victor in the Battle of Armageddon in Mortal Kombat?",
            "type": "multiple"
        },
        {
            "category": "Science: Mathematics",
            "correct_answer": "False",
            "difficulty": "medium",
            "incorrect_answers": [
                "True"
            ],
            "question": "Zero factorial is equal to zero. ",
            "type": "boolean"
        },
        {
            "category": "History",
            "correct_answer": "1901",
            "difficulty": "medium",
            "incorrect_answers": [
                "1910",
                "1899",
                "1911"
            ],
            "question": "What year did Australia become a federation?",
            "type": "multiple"
        },
        {
            "category": "Entertainment: Video Games",
            "correct_answer": "DeLorean",
            "difficulty": "hard",
            "incorrect_answers": [
                "Deep",
                "Demo",
                "Dev"
            ],
            "question": "The &#039;D&#039; in the term &quot;D-Mail&quot; from the game &quot;Steins; Gate&quot; is short for what?",
            "type": "multiple"
        },
        {
            "category": "Entertainment: Video Games",
            "correct_answer": "Haley Joel Osment",
            "difficulty": "medium",
            "incorrect_answers": [
                "K\u014dki Uchiyama",
                "Jesse McCartney",
                "Miyu Irino"
            ],
            "question": "Who is the English voice actor for Sora from the Kingdom Hearts series?",
            "type": "multiple"
        },
        {
            "category": "Celebrities",
            "correct_answer": "Kiernan Shipka",
            "difficulty": "medium",
            "incorrect_answers": [
                "Ariel Winter",
                "Emma Watson",
                "Bonnie Wright"
            ],
            "question": "Who out of these actresses is the youngest?",
            "type": "multiple"
        },
        {
            "category": "Entertainment: Video Games",
            "correct_answer": "The Legend of Zelda: The Minish Cap",
            "difficulty": "hard",
            "incorrect_answers": [
                "The Legend of Zelda: Twilight Princess",
                "The Legend of Zelda: Spirit Tracks",
                "The Legend of Zelda: Four Swords"
            ],
            "question": "Which of the following games in the The Legend of Zelda franchise was released in Japan before North America?",
            "type": "multiple"
        },
        {
            "category": "Sports",
            "correct_answer": "False",
            "difficulty": "easy",
            "incorrect_answers": [
                "True"
            ],
            "question": "In Rugby League, performing a &quot;40-20&quot; is punished by a free kick for the opposing team.",
            "type": "boolean"
        },
        {
            "category": "Entertainment: Video Games",
            "correct_answer": "Voez",
            "difficulty": "medium",
            "incorrect_answers": [
                "Just Dance 2017",
                "Snipperclips",
                "Fast RMX"
            ],
            "question": "Which of these games was NOT a Nintendo Switch launch title in the United States? ",
            "type": "multiple"
        },
        {
            "category": "Entertainment: Video Games",
            "correct_answer": "Hudson Mohawke",
            "difficulty": "hard",
            "incorrect_answers": [
                "Rustie",
                "Machinedrum",
                "Flying Lotus"
            ],
            "question": "Which artist composed the original soundtrack for &quot;Watch Dogs 2&quot;?",
            "type": "multiple"
        },
        {
            "category": "Entertainment: Video Games",
            "correct_answer": "Coins",
            "difficulty": "medium",
            "incorrect_answers": [
                "Stamps",
                "Tickets",
                "Gems"
            ],
            "question": "What was the main currency in Club Penguin?",
            "type": "multiple"
        },
        {
            "category": "Politics",
            "correct_answer": "Qatar",
            "difficulty": "hard",
            "incorrect_answers": [
                "Bahrain",
                "United States of America",
                "Russia"
            ],
            "question": "In June 2017, Saudi Arabia and Egypt broke off ties with which country over its supposed support for terrorism?",
            "type": "multiple"
        }
    ]
}