{
    "response_code": 0,
    "results": [
        {
            "category": "Entertainment: Video Games",
            "correct_answer": "October 29, 1988",
            "difficulty": "medium",
            "incorrect_answers": [
                "August 14, 1989",
                "November 30, 1990",
                "September 1, 1986"
            ],
            "question": "When was the Sega Genesis released in Japan?",
            "type": "multiple"
        },
        {
            "category": "Entertainment: Books",
            "correct_answer": "Herman Melville",
            "difficulty": "hard",
            "incorrect_answers": [
                "William Golding",
                "William Shakespeare",
                "J. R. R. Tolkien"
            ],
            "question": "Who wrote the novel &quot;Moby-Dick&quot;?",
            "type": "multiple"
        },
        {
            "category": "Entertainment: Video Games",
            "correct_answer": "False",
            "difficulty": "easy",
            "incorrect_answers": [
                "True"
            ],
            "question": "The main character in the &quot;Half-Life&quot; franchise is named Morgan Freeman.",
            "type": "boolean"
        },
        {
            "category": "Geography",
            "correct_answer": "Lion",
            "difficulty": "easy",
            "incorrect_answers": [
                "Bull",
                "Horse",
                "Dog"
            ],
            "question": "The body of the Egyptian Sphinx was based on which animal?",
            "type": "multiple"
        },
        {
            "category": "Entertainment: Video Games",
            "correct_answer": "True",
            "difficulty": "easy",
            "incorrect_answers": [
                "False"
            ],
            "question": "The Indie Game Development Studio Cing, developers of Hotel Dusk and Last Window, went bankrupt on March 1st, 2010.",
            "type": "boolean"
        },
        {
            "category": "History",
            "correct_answer": "1929",
            "difficulty": "easy",
            "incorrect_answers": [
                "1932",
                "1930",
                "1925"
            ],
            "question": "In what year did the Wall Street Crash take place?",
            "type": "multiple"
        },
        {
            "category": "Mythology",
            "correct_answer": "Vulcan",
            "difficulty": "medium",
            "incorrect_answers": [
                "Apollo",
                "Jupiter",
                "Mercury"
            ],
            "question": "Who was the Roman god of fire?",
            "type": "multiple"
        },
        {
            "category": "Celebrities",
            "correct_answer": "Catherine Zeta-Jones",
            "difficulty": "easy",
            "incorrect_answers": [
                "Ruth Jones",
                "Pam Ferris",
                "Sara Sugarman"
            ],
            "question": "Which actress married Michael Douglas in 2000?",
            "type": "multiple"
        },
        {
            "category": "General Knowledge",
            "correct_answer": "Wasabi ",
            "difficulty": "medium",
            "incorrect_answers": [
                "Mentsuyu",
                "Karashi",
                "Ponzu"
            ],
            "question": "Which essential condiment is also known as Japanese horseradish?",
            "type": "multiple"
        },
        {
            "category": "Entertainment: Film",
            "correct_answer": "Top Gun",
            "difficulty": "easy",
            "incorrect_answers": [
                "Days of Thunder",
                "The Color of Money",
                "Cocktail"
            ],
            "question": "This movie contains the quote, &quot;I feel the need ... the need for speed!&quot;",
            "type": "multiple"
        },
        {
            "category": "History",
            "correct_answer": "Assyrians",
            "difficulty": "medium",
            "incorrect_answers": [
                "Babylonians",
                "Hittites",
                "Elamites"
            ],
            "question": "Which of the following ancient Near Eastern peoples still exists as a modern ethnic group?",
            "type": "multiple"
        },
        {
            "category": "Geography",
            "correct_answer": "Portugal, Ireland, Italy, Greece, Spain",
            "difficulty": "easy",
            "incorrect_answers": [
                "Poland, Iceland, Italy, Greece, Serbia",
                "Poland, Iceland, Italy, Greenland, Spain",
                "Portugal, Iceland, Ireland, Greece, Serbia"
            ],
            "question": "The derisive acronym &quot;PIIGS&quot; refers to which of the following European countries and their economic statuses?",
            "type": "multiple"
        },
        {
            "category": "Science: Computers",
            "correct_answer": "HD Graphics 500",
            "difficulty": "easy",
            "incorrect_answers": [
                "HD Graphics 700 ",
                "HD Graphics 600",
                "HD Graphics 7000"
            ],
            "question": "The series of the Intel HD graphics generation succeeding that of the 5000 and 6000 series (Broadwell) is called:",
            "type": "multiple"
        },
        {
            "category": "Entertainment: Film",
            "correct_answer": "Dr. No",
            "difficulty": "easy",
            "incorrect_answers": [
                "Goldfinger",
                "From Russia With Love",
                "Thunderball"
            ],
            "question": "What was the first James Bond film?",
            "type": "multiple"
        },
        {
            "category": "Entertainment: Music",
            "correct_answer": "Being For The Benefit Of Mr. Kite!",
            "difficulty": "medium",
            "incorrect_answers": [
                "Why Don&#039;t We Do It in the Road?",
                "Everybody&#039;s Got Something to Hide Except Me and My Monkey",
                "The Continuing Story of Bungalow Bill"
            ],
            "question": "Which of these is NOT a song on The Beatles&#039; 1968 self titled album, also known as the White album?",
            "type": "multiple"
        },
        {
            "category": "Celebrities",
            "correct_answer": "1982",
            "difficulty": "medium",
            "incorrect_answers": [
                "1985",
                "1984",
                "1995"
            ],
            "question": "What year did radio icon Howard Stern start a job at radio station WNBC?",
            "type": "multiple"
        },
        {
            "category": "Entertainment: Video Games",
            "correct_answer": "False",
            "difficulty": "easy",
            "incorrect_answers": [
                "True"
            ],
            "question": "In &quot;Sonic Adventure&quot;, you are able to transform into Super Sonic at will after completing the main story.",
            "type": "boolean"
        },
        {
            "category": "Entertainment: Video Games",
            "correct_answer": "The I.D.P.D",
            "difficulty": "hard",
            "incorrect_answers": [
                "The Fishmen",
                "The Bandits",
                "The Y.V.G.G"
            ],
            "question": "In the game Nuclear Throne, what organization chases the player character throughout the game?",
            "type": "multiple"
        },
        {
            "category": "Science & Nature",
            "correct_answer": "True",
            "difficulty": "medium",
            "incorrect_answers": [
                "False"
            ],
            "question": "Anatomy considers the forms of macroscopic structures such as organs and organ systems.",
            "type": "boolean"
        },
        {
            "category": "General Knowledge",
            "correct_answer": "True",
            "difficulty": "easy",
            "incorrect_answers": [
                "False"
            ],
            "question": "&quot;Ananas&quot; is mostly used as the word for Pineapple in other languages.",
            "type": "boolean"
        },
        {
            "category": "Science & Nature",
            "correct_answer": "Vitrainium",
            "difficulty": "hard",
            "incorrect_answers": [
                "Praseodymium",
                "Hassium",
                "Lutetium"
            ],
            "question": "Which of the following is NOT a real element?",
            "type": "multiple"
        },
        {
            "category": "Entertainment: Film",
            "correct_answer": "Milla Jovovich",
            "difficulty": "easy",
            "incorrect_answers": [
                "Madison Derpe",
                "Milla Johnson",
                "Kim Demp"
            ],
            "question": "Who plays Alice in the Resident Evil movies?",
            "type": "multiple"
        },
        {
            "category": "Entertainment: Film",
            "correct_answer": "Jack and Jill",
            "difficulty": "hard",
            "incorrect_answers": [
                "The Girl with the Dragon Tattoo",
                "Thor",
                "The King&#039;s Speech"
            ],
            "question": "In 2012, which movie won every category in the 32nd &quot;Golden Raspberry Awards&quot;?",
            "type": "multiple"
        },
        {
            "category": "Vehicles",
            "correct_answer": "Electricity",
            "difficulty": "easy",
            "incorrect_answers": [
                "Gasoline",
                "Diesel",
                "Nuclear"
            ],
            "question": "Automobiles produced by Telsa Motors operate on which form of energy?",
            "type": "multiple"
        },
        {
            "category": "Geography",
            "correct_answer": "Equatorial Guinea",
            "difficulty": "easy",
            "incorrect_answers": [
                "Guinea",
                "Cameroon",
                "Angola"
            ],
            "question": "Which of these African countries list &quot;Spanish&quot; as an official language?",
            "type": "multiple"
        },
        {
            "category": "Celebrities",
            "correct_answer": "Drug Overdose",
            "difficulty": "easy",
            "incorrect_answers": [
                "Knife Attack",
                "House Fire",
                "Gunshot"
            ],
            "question": "What was the cause of Marilyn Monroes suicide?",
            "type": "multiple"
        },
        {
            "category": "Entertainment: Comics",
            "correct_answer": "False",
            "difficulty": "medium",
            "incorrect_answers": [
                "True"
            ],
            "question": "In the webcomic Homestuck, the first character introduced is Dave Strider.",
            "type": "boolean"
        },
        {
            "category": "Science: Computers",
            "correct_answer": "140",
            "difficulty": "easy",
            "incorrect_answers": [
                "120",
                "160",
                "100"
            ],
            "question": "On Twitter, what is the character limit for a Tweet?",
            "type": "multiple"
        },
        {
            "category": "Mythology",
            "correct_answer": "Paris",
            "difficulty": "medium",
            "incorrect_answers": [
                "Hector",
                "Helen",
                "Pericles"
            ],
            "question": "In Greek Mythology, who killed Achilles?",
            "type": "multiple"
        },
        {
            "category": "Entertainment: Television",
            "correct_answer": "Scotland",
            "difficulty": "hard",
            "incorrect_answers": [
                "England",
                "Sweden",
                "Germany"
            ],
            "question": "Which country does the YouTuber &quot;SinowBeats&quot; originate from?",
            "type": "multiple"
        },
        {
            "category": "General Knowledge",
            "correct_answer": "D. G. Yuengling and Son, Inc",
            "difficulty": "easy",
            "incorrect_answers": [
                "Anheuser Busch",
                "Boston Beer Company",
                "Miller Coors"
            ],
            "question": "Which American-owned brewery led the country in sales by volume in 2015?",
            "type": "multiple"
        },
        {
            "category": "Entertainment: Music",
            "correct_answer": "Rebecca Sugar",
            "difficulty": "hard",
            "incorrect_answers": [
                "Matt Burnett",
                "Ian Jones Quartey",
                "Ben Leven"
            ],
            "question": "Who designed the album cover for True Romance, an album by Estelle?",
            "type": "multiple"
        },
        {
            "category": "Geography",
            "correct_answer": "Belgium",
            "difficulty": "medium",
            "incorrect_answers": [
                "Andorra",
                "France",
                "Luxembourg"
            ],
            "question": "The towns of Brugelette, Arlon and Ath are located in which country?",
            "type": "multiple"
        },
        {
            "category": "Entertainment: Video Games",
            "correct_answer": "M4A4",
            "difficulty": "medium",
            "incorrect_answers": [
                "AWP",
                "M4A1",
                "MP9"
            ],
            "question": "This weapon in Counter-Strike: Global Offensive does not exist in real life.",
            "type": "multiple"
        },
        {
            "category": "Science & Nature",
            "correct_answer": "Jacob&#039;s Syndrome",
            "difficulty": "hard",
            "incorrect_answers": [
                "Klinefelter&#039;s Syndrome",
                "Turner&#039;s Syndrome",
                "Down Syndrome"
            ],
            "question": "What genetic disease is caused by having an extra Y chromosome (XYY)?",
            "type": "multiple"
        },
        {
            "category": "Entertainment: Film",
            "correct_answer": "False",
            "difficulty": "easy",
            "incorrect_answers": [
                "True"
            ],
            "question": "George Lucas directed the entire original Star Wars trilogy.",
            "type": "boolean"
        },
        {
            "category": "Entertainment: Cartoon & Animations",
            "correct_answer": "J. G. Quintel",
            "difficulty": "easy",
            "incorrect_answers": [
                "Ben Bocquelet",
                "Pendleton Ward",
                "Rebecca Sugar"
            ],
            "question": "Who created the Cartoon Network series &quot;Regular Show&quot;?",
            "type": "multiple"
        },
        {
            "category": "Sports",
            "correct_answer": "Montreal Canadians",
            "difficulty": "easy",
            "incorrect_answers": [
                "Chicago Blackhawks",
                "Toronto Maple Leafs",
                "Detroit Red Wings"
            ],
            "question": "Which team has won the most Stanley Cups in the NHL?",
            "type": "multiple"
        },
        {
            "category": "Entertainment: Television",
            "correct_answer": "True",
            "difficulty": "easy",
            "incorrect_answers": [
                "False"
            ],
            "question": "Klingons express emotion in art through opera and poetry.",
            "type": "boolean"
        },
        {
            "category": "Science: Computers",
            "correct_answer": "Honeycomb",
            "difficulty": "medium",
            "incorrect_answers": [
                "Eclair",
                "Froyo",
                "Marshmellow"
            ],
            "question": "What was the first Android version specifically optimized for tablets?",
            "type": "multiple"
        },
        {
            "category": "Entertainment: Video Games",
            "correct_answer": "The Sound of Crickets",
            "difficulty": "medium",
            "incorrect_answers": [
                "Attacks from Koopas",
                "The &quot;Ice Storm&quot; Item",
                "The Hammer"
            ],
            "question": "In &quot;Paper Mario: The Thousand Year Door&quot;, what is Hooktail&#039;s weakness?",
            "type": "multiple"
        },
        {
            "category": "Entertainment: Cartoon & Animations",
            "correct_answer": "At Summer Camp",
            "difficulty": "medium",
            "incorrect_answers": [
                "At High School",
                "At Church",
                "At 742 Evergreen Terrace"
            ],
            "question": "In &quot;The Simpsons&quot;, where did Homer and Marge first meet?",
            "type": "multiple"
        },
        {
            "category": "Entertainment: Books",
            "correct_answer": "The Dresden Files",
            "difficulty": "medium",
            "incorrect_answers": [
                "A Hat in Time",
                "The Cinder Spires",
                "My Life as a Teenage Wizard"
            ],
            "question": "What book series published by Jim Butcher follows a wizard in modern day Chicago?",
            "type": "multiple"
        },
        {
            "category": "Entertainment: Video Games",
            "correct_answer": "Origins",
            "difficulty": "easy",
            "incorrect_answers": [
                "Shangri-La",
                "Revelations",
                "Nuketown"
            ],
            "question": "Which &quot;Call Of Duty: Zombies&quot; map introduced the &quot;Staffs Of The Ancients&quot;?",
            "type": "multiple"
        },
        {
            "category": "Entertainment: Video Games",
            "correct_answer": "Quantum Entanglement Device",
            "difficulty": "medium",
            "incorrect_answers": [
                "Quad Ectoplasmic Driver",
                "Question Every Dog",
                "Quality Edward Device"
            ],
            "question": "In the &quot;Call Of Duty: Zombies&quot; map &quot;Moon&quot;, there is a secondary called the QED. What does QED stand for?",
            "type": "multiple"
        },
        {
            "category": "Entertainment: Video Games",
            "correct_answer": "The Pentagon Thief",
            "difficulty": "easy",
            "incorrect_answers": [
                "Hellhounds",
                "Jumping Jacks",
                "Napalm Zombie"
            ],
            "question": "What is the boss round featured in the &quot;Call Of Duty: Zombies&quot; map &quot;Five&quot;?",
            "type": "multiple"
        },
        {
            "category": "Entertainment: Video Games",
            "correct_answer": "Rex",
            "difficulty": "medium",
            "incorrect_answers": [
                "Switch",
                "Candyman",
                "Sonata"
            ],
            "question": "Which of these is not a character in the game, &quot;Lethal League&quot;?",
            "type": "multiple"
        },
        {
            "category": "Animals",
            "correct_answer": "Pufferfish",
            "difficulty": "medium",
            "incorrect_answers": [
                "Bass",
                "Salmon",
                "Mackerel"
            ],
            "question": "The dish Fugu, is made from what family of fish?",
            "type": "multiple"
        },
        {
            "category": "Entertainment: Video Games",
            "correct_answer": "Dr. N. Gin",
            "difficulty": "hard",
            "incorrect_answers": [
                "Dr. Neo Cortex",
                "Komodo Brothers",
                "Tiny Tiger"
            ],
            "question": "What is the 4th boss in the 1997 video game &quot;Crash Bandicoot 2: Cortex Strikes Back&quot;?",
            "type": "multiple"
        },
        {
            "category": "Entertainment: Television",
            "correct_answer": " Bryan Cranston",
            "difficulty": "easy",
            "incorrect_answers": [
                "Andrew Lincoln",
                "Aaron Paul",
                "RJ Mitte"
            ],
            "question": "Which actor portrays &quot;Walter White&quot; in the series &quot;Breaking Bad&quot;?",
            "type": "multiple"
        }
    ]
}