{
    "response_code": 0,
    "results": [
        {
            "category": "Science & Nature",
            "correct_answer": "Radius",
            "difficulty": "easy",
            "incorrect_answers": [
                "Patella",
                "Tibia",
                "Fibula "
            ],
            "question": "Which of the following bones is not in the leg?",
            "type": "multiple"
        },
        {
            "category": "History",
            "correct_answer": "Jethro Tull",
            "difficulty": "hard",
            "incorrect_answers": [
                "Charles Babbage",
                "Isaac Newton",
                "J.J Thomson"
            ],
            "question": "The seed drill was invented by which British inventor?",
            "type": "multiple"
        },
        {
            "category": "Entertainment: Film",
            "correct_answer": "Steven Spielberg",
            "difficulty": "easy",
            "incorrect_answers": [
                "Stanley Kubrick",
                "James Cameron",
                "Tim Burton"
            ],
            "question": "Who directed &quot;E.T. the Extra-Terrestrial&quot; (1982)?",
            "type": "multiple"
        },
        {
            "category": "Science: Mathematics",
            "correct_answer": "Jerk",
            "difficulty": "hard",
            "incorrect_answers": [
                "Shift",
                "Bump",
                "Slide"
            ],
            "question": "What is the derivative of Acceleration with respect to time?",
            "type": "multiple"
        },
        {
            "category": "History",
            "correct_answer": "Typhoons",
            "difficulty": "medium",
            "incorrect_answers": [
                "Tornados",
                "Economic depression",
                "Samurai"
            ],
            "question": "During the Mongolian invasions of Japan, what were the Mongol boats mostly stopped by?",
            "type": "multiple"
        },
        {
            "category": "Entertainment: Cartoon & Animations",
            "correct_answer": "Cleveland Brown",
            "difficulty": "easy",
            "incorrect_answers": [
                "Glenn Quagmire",
                "Joe Swanson",
                "The Greased-up Deaf Guy"
            ],
            "question": "Which &#039;Family Guy&#039; character got his own spin-off show in 2009?",
            "type": "multiple"
        },
        {
            "category": "General Knowledge",
            "correct_answer": "July 2, 1776",
            "difficulty": "medium",
            "incorrect_answers": [
                "May 4, 1776",
                "June 4, 1776",
                "July 4, 1776"
            ],
            "question": "When was the Declaration of Independence approved by the Second Continental Congress?",
            "type": "multiple"
        },
        {
            "category": "Entertainment: Music",
            "correct_answer": "Waterloo",
            "difficulty": "medium",
            "incorrect_answers": [
                "Mamma Mia",
                "Fernando",
                "Dancing Queen"
            ],
            "question": "What was the title of ABBA`s first UK hit single?",
            "type": "multiple"
        },
        {
            "category": "Entertainment: Video Games",
            "correct_answer": "14",
            "difficulty": "easy",
            "incorrect_answers": [
                "10",
                "13",
                "12"
            ],
            "question": "In Kingdom Hearts, how many members does Organization XIII have in total?",
            "type": "multiple"
        },
        {
            "category": "Geography",
            "correct_answer": "Santiago",
            "difficulty": "medium",
            "incorrect_answers": [
                "Valpara&iacute;so",
                "Copiap&oacute;",
                "Antofagasta"
            ],
            "question": "What is the capital of Chile?",
            "type": "multiple"
        },
        {
            "category": "Science: Mathematics",
            "correct_answer": "40",
            "difficulty": "easy",
            "incorrect_answers": [
                "60",
                "15",
                "90"
            ],
            "question": "In Roman Numerals, what does XL equate to?",
            "type": "multiple"
        },
        {
            "category": "Entertainment: Film",
            "correct_answer": "Dr. No",
            "difficulty": "easy",
            "incorrect_answers": [
                "From Russia with Love",
                "Goldfinger",
                "Thunderball"
            ],
            "question": "What was the title of the first Bond movie, released in 1962?",
            "type": "multiple"
        },
        {
            "category": "Science: Computers",
            "correct_answer": "Motherboard",
            "difficulty": "easy",
            "incorrect_answers": [
                "Central Processing Unit",
                "Hard Disk Drive",
                "Random Access Memory"
            ],
            "question": "Which computer hardware device provides an interface for all other connected devices to communicate?",
            "type": "multiple"
        },
        {
            "category": "Entertainment: Books",
            "correct_answer": "Hans Christian Andersen",
            "difficulty": "medium",
            "incorrect_answers": [
                "Charles Dickens",
                "Lewis Carroll",
                "Oscar Wilde"
            ],
            "question": "Who wrote the children&#039;s story &quot;The Little Match Girl&quot;?",
            "type": "multiple"
        },
        {
            "category": "Geography",
            "correct_answer": "True",
            "difficulty": "medium",
            "incorrect_answers": [
                "False"
            ],
            "question": "Israel is 7 hours ahead of New York.",
            "type": "boolean"
        },
        {
            "category": "Celebrities",
            "correct_answer": "John",
            "difficulty": "medium",
            "incorrect_answers": [
                "Jeff",
                "Jerald",
                "Jason"
            ],
            "question": "Donald J. Trump&#039;s Middle Name is...",
            "type": "multiple"
        },
        {
            "category": "Vehicles",
            "correct_answer": "Renault Avantime",
            "difficulty": "medium",
            "incorrect_answers": [
                "Chevy Volt",
                "Mercedes-Benz A-Class",
                "Honda Odyssey"
            ],
            "question": "Which of the following vehicles featured a full glass roof at base model?",
            "type": "multiple"
        },
        {
            "category": "Geography",
            "correct_answer": "North Atlantic Ocean, between Florida and Puerto Rico",
            "difficulty": "medium",
            "incorrect_answers": [
                "North Pacific Ocean, between Japan and the USA",
                "In the Caribbean Sea",
                "South Pacific Ocean, far off Chile"
            ],
            "question": "Where is the area commonly known as the Bermuda Triangle?",
            "type": "multiple"
        },
        {
            "category": "Science & Nature",
            "correct_answer": "R",
            "difficulty": "hard",
            "incorrect_answers": [
                "O",
                "B",
                "D"
            ],
            "question": "Which horizon in a soil profile consists of bedrock?",
            "type": "multiple"
        },
        {
            "category": "Entertainment: Television",
            "correct_answer": "Kiefer Sutherland",
            "difficulty": "medium",
            "incorrect_answers": [
                "Kevin Bacon",
                "Hugh Laurie",
                "Rob Lowe"
            ],
            "question": "Who was the star of the TV series &quot;24&quot;?",
            "type": "multiple"
        },
        {
            "category": "Entertainment: Cartoon & Animations",
            "correct_answer": "All Dogs Go To Heaven",
            "difficulty": "hard",
            "incorrect_answers": [
                "Titan A.E.",
                "Anastasia",
                "The Land Before Time"
            ],
            "question": "Which of the following films was Don Bluth both the writer, director, and producer for?",
            "type": "multiple"
        },
        {
            "category": "Science & Nature",
            "correct_answer": "Bones",
            "difficulty": "medium",
            "incorrect_answers": [
                "Skin",
                "Brain",
                "Heart"
            ],
            "question": "The medical condition osteoporosis affects which part of the body?",
            "type": "multiple"
        },
        {
            "category": "Entertainment: Film",
            "correct_answer": "Dirty Harry",
            "difficulty": "medium",
            "incorrect_answers": [
                "Indiana Jones",
                "James Bond",
                "Harry Potter"
            ],
            "question": "Which iconic character is featured in movies such as &quot;The Enforcer&quot;, &quot;Sudden Impact&quot;, and &quot;The Dead Pool&quot;?",
            "type": "multiple"
        },
        {
            "category": "Vehicles",
            "correct_answer": "Toyota",
            "difficulty": "easy",
            "incorrect_answers": [
                "Honda",
                "Kawasaki",
                "Yamaha"
            ],
            "question": "Which of these companies does NOT manufacture motorcycles?",
            "type": "multiple"
        },
        {
            "category": "Sports",
            "correct_answer": "Penrith Panthers",
            "difficulty": "medium",
            "incorrect_answers": [
                "Melbourne Storm",
                "Sydney Roosters",
                "North Queensland Cowboys"
            ],
            "question": "Josh Mansour is part of what NRL team?",
            "type": "multiple"
        },
        {
            "category": "Entertainment: Music",
            "correct_answer": "Sweden",
            "difficulty": "medium",
            "incorrect_answers": [
                "Germany",
                "United States",
                "Finland"
            ],
            "question": "Which country does the power metal band &quot;Sabaton&quot; originate from?",
            "type": "multiple"
        },
        {
            "category": "Geography",
            "correct_answer": "Kazakhstan",
            "difficulty": "medium",
            "incorrect_answers": [
                "Russia",
                "Iran",
                "United States"
            ],
            "question": "Where is the world&#039;s oldest still operational space launch facility located?",
            "type": "multiple"
        },
        {
            "category": "Entertainment: Video Games",
            "correct_answer": "Nolan North",
            "difficulty": "medium",
            "incorrect_answers": [
                "John DiMaggio",
                "Mark Hamill",
                " Troy Baker"
            ],
            "question": "In the game Destiny, who succeeded Peter Dinklage in voicing the protagonist&#039;s &quot;Ghost&quot;?",
            "type": "multiple"
        },
        {
            "category": "Entertainment: Books",
            "correct_answer": "Frankenstein&#039;s monster",
            "difficulty": "medium",
            "incorrect_answers": [
                "Dracula",
                "The Thing",
                "The Invisible Man"
            ],
            "question": "In the year 1818, novelist Mary Shelly is credited with writing a fiction novel and creating this infamous character.",
            "type": "multiple"
        },
        {
            "category": "Entertainment: Comics",
            "correct_answer": "True",
            "difficulty": "easy",
            "incorrect_answers": [
                "False"
            ],
            "question": "The &quot;Pepe&quot; meme originated from a comic drawn by Matt Furie called &quot;Boy&#039;s Club&quot;?",
            "type": "boolean"
        },
        {
            "category": "Entertainment: Cartoon & Animations",
            "correct_answer": "The Shell",
            "difficulty": "medium",
            "incorrect_answers": [
                "The Limit",
                "The Kids",
                "The Gripes"
            ],
            "question": "Which episode from The Amazing World Of Gumball won the Childrens Choice Award at the British Animation Awards in 2016?",
            "type": "multiple"
        },
        {
            "category": "Sports",
            "correct_answer": "Chile",
            "difficulty": "medium",
            "incorrect_answers": [
                "Argentina",
                "Brazil",
                "Paraguay"
            ],
            "question": "Which soccer team won the Copa Am&eacute;rica 2015 Championship ?",
            "type": "multiple"
        },
        {
            "category": "Sports",
            "correct_answer": "Portugal",
            "difficulty": "medium",
            "incorrect_answers": [
                "France",
                "Germany",
                "England"
            ],
            "question": "What national team won the 2016 edition of UEFA European Championship?",
            "type": "multiple"
        },
        {
            "category": "Entertainment: Video Games",
            "correct_answer": "CDC",
            "difficulty": "easy",
            "incorrect_answers": [
                "Cleaners",
                "Last Man Batallion",
                "Rikers"
            ],
            "question": "Which of the following is not a faction in Tom Clancy&#039;s The Division?",
            "type": "multiple"
        },
        {
            "category": "Entertainment: Music",
            "correct_answer": "True",
            "difficulty": "easy",
            "incorrect_answers": [
                "False"
            ],
            "question": "Stevie Wonder&#039;s real name is Stevland Hardaway Morris.",
            "type": "boolean"
        },
        {
            "category": "Mythology",
            "correct_answer": "Set",
            "difficulty": "medium",
            "incorrect_answers": [
                "Horus",
                "Ra",
                "Anhur"
            ],
            "question": "According to the Egyptian Myth of Osiris, who murdered Osiris?",
            "type": "multiple"
        },
        {
            "category": "Entertainment: Video Games",
            "correct_answer": "False",
            "difficulty": "easy",
            "incorrect_answers": [
                "True"
            ],
            "question": "In RuneScape, one must complete the &quot;Dragon Slayer&quot; quest before equipping Rune Platelegs.",
            "type": "boolean"
        },
        {
            "category": "Entertainment: Television",
            "correct_answer": "Megatron Griffin",
            "difficulty": "medium",
            "incorrect_answers": [
                "Who-Cares Griffin",
                "Neil Griffin",
                "Megan Griffin"
            ],
            "question": "What is Meg&#039;s full name in &quot;Family Guy&quot;?",
            "type": "multiple"
        },
        {
            "category": "Science: Computers",
            "correct_answer": "Comprehensive documentation",
            "difficulty": "hard",
            "incorrect_answers": [
                "Individuals and interactions",
                "Customer collaboration",
                "Responding to change"
            ],
            "question": "Which of these is not a key value of Agile software development?",
            "type": "multiple"
        },
        {
            "category": "Science: Gadgets",
            "correct_answer": "Microsoft",
            "difficulty": "medium",
            "incorrect_answers": [
                "HTC",
                "Oculus",
                "Tobii"
            ],
            "question": "Which company developed the Hololens?",
            "type": "multiple"
        },
        {
            "category": "Entertainment: Television",
            "correct_answer": "True",
            "difficulty": "hard",
            "incorrect_answers": [
                "False"
            ],
            "question": "The Klingon home planet is Qo&#039;noS.",
            "type": "boolean"
        },
        {
            "category": "Entertainment: Television",
            "correct_answer": "True",
            "difficulty": "medium",
            "incorrect_answers": [
                "False"
            ],
            "question": "Klingons once had a period of Democracy in their history, they referred to it as the &quot;Dark Times&quot;.",
            "type": "boolean"
        },
        {
            "category": "Entertainment: Television",
            "correct_answer": "Grapok sauce",
            "difficulty": "hard",
            "incorrect_answers": [
                "Gazorpazorp pudding",
                "Sweet chili sauce",
                "Grapork sauce"
            ],
            "question": "In &quot;Star Trek&quot;, what sauce is commonly used by Klingons on bregit lung?",
            "type": "multiple"
        },
        {
            "category": "Vehicles",
            "correct_answer": "Lamborghini",
            "difficulty": "medium",
            "incorrect_answers": [
                "Ferrari",
                "Pagani",
                "Bugatti"
            ],
            "question": "Which car manufacturer created the &quot;Aventador&quot;?",
            "type": "multiple"
        },
        {
            "category": "Entertainment: Video Games",
            "correct_answer": "March 9, 2017",
            "difficulty": "medium",
            "incorrect_answers": [
                "January 7, 2007",
                "October 23, 1997",
                "February 16, 2015"
            ],
            "question": "When was the video game &quot;P.A.M.E.L.A.&quot; released on Steam?",
            "type": "multiple"
        },
        {
            "category": "Geography",
            "correct_answer": "Western Australia",
            "difficulty": "medium",
            "incorrect_answers": [
                "Northern Territory",
                "South Australia",
                "Tasmania"
            ],
            "question": "Broome is a town in which state of Australia?",
            "type": "multiple"
        },
        {
            "category": "Science: Mathematics",
            "correct_answer": "True",
            "difficulty": "hard",
            "incorrect_answers": [
                "False"
            ],
            "question": "In Topology, the complement of an open set is a closed set.",
            "type": "boolean"
        },
        {
            "category": "Entertainment: Musicals & Theatres",
            "correct_answer": "Italy",
            "difficulty": "hard",
            "incorrect_answers": [
                "United States",
                "Greece",
                "France"
            ],
            "question": "After England, more Shakespeare plays are set in this present day country than in any other.",
            "type": "multiple"
        },
        {
            "category": "Entertainment: Music",
            "correct_answer": "The Piper at the Gates of Dawn",
            "difficulty": "medium",
            "incorrect_answers": [
                "Ummagumma",
                "More",
                "Atom Heart Mother"
            ],
            "question": "What was the name of Pink Floyd&#039;s first studio album?",
            "type": "multiple"
        },
        {
            "category": "Politics",
            "correct_answer": "Nikita Khrushchev",
            "difficulty": "medium",
            "incorrect_answers": [
                "Leonid Brezhnev",
                "Mikhail Gorbachev",
                "Boris Yeltsin"
            ],
            "question": "Who succeeded Joseph Stalin as General Secretary of the Communist Party of the Soviet Union?",
            "type": "multiple"
        }
    ]
}