{
    "response_code": 0,
    "results": [
        {
            "category": "Entertainment: Video Games",
            "correct_answer": "Multiplayer Online Battle Arena (MOBA)",
            "difficulty": "easy",
            "incorrect_answers": [
                "Real Time Strategy (RTS)",
                "First Person Shooter (FPS)",
                "Role Playing Game (RPG)"
            ],
            "question": "League of Legends, DOTA 2, Smite and Heroes of the Storm are all part of which game genre?",
            "type": "multiple"
        },
        {
            "category": "Entertainment: Film",
            "correct_answer": "Harry Potter",
            "difficulty": "easy",
            "incorrect_answers": [
                "Ted",
                "Spy Kids",
                "Pirates of the Caribbean "
            ],
            "question": "Daniel Radcliffe became a global star in the film industry due to his performance in which film franchise?",
            "type": "multiple"
        },
        {
            "category": "Science & Nature",
            "correct_answer": "Acetone",
            "difficulty": "hard",
            "incorrect_answers": [
                "Water",
                "Mercury",
                "Benzene"
            ],
            "question": "Which of the following liquids is least viscous? Assume temperature is 25&deg;C.",
            "type": "multiple"
        },
        {
            "category": "Entertainment: Books",
            "correct_answer": "Frankenstein",
            "difficulty": "easy",
            "incorrect_answers": [
                "Dracula",
                "The Strange Case of Dr. Jekyll and Mr. Hyde ",
                "The Legend of Sleepy Hollow"
            ],
            "question": "Which famous book is sub-titled &#039;The Modern Prometheus&#039;?",
            "type": "multiple"
        },
        {
            "category": "Art",
            "correct_answer": "Michelangelo",
            "difficulty": "easy",
            "incorrect_answers": [
                "Leonardo da Vinci",
                "Pablo Picasso",
                "Raphael"
            ],
            "question": "Who painted the Sistine Chapel?",
            "type": "multiple"
        },
        {
            "category": "History",
            "correct_answer": "500",
            "difficulty": "medium",
            "incorrect_answers": [
                "100",
                "1000",
                "50"
            ],
            "question": "What number does the Roman numeral &quot;D&quot; stand for?",
            "type": "multiple"
        },
        {
            "category": "General Knowledge",
            "correct_answer": "24 MPH",
            "difficulty": "hard",
            "incorrect_answers": [
                "15 MPH",
                "20 MPH",
                "200 MPH"
            ],
            "question": "What is the airspeed velocity of an unladen swallow?",
            "type": "multiple"
        },
        {
            "category": "Entertainment: Music",
            "correct_answer": "Pete Townshend",
            "difficulty": "easy",
            "incorrect_answers": [
                "Jimmy Page",
                "Eddie Van Halen",
                "Jimi Hendrix"
            ],
            "question": "Whose signature guitar technique is called the &quot;windmill&quot;?",
            "type": "multiple"
        },
        {
            "category": "Entertainment: Books",
            "correct_answer": "Oswald",
            "difficulty": "hard",
            "incorrect_answers": [
                "James",
                "Harold",
                "Christopher"
            ],
            "question": "In the Harry Potter universe, what is Cornelius Fudge&#039;s middle name?",
            "type": "multiple"
        },
        {
            "category": "Science & Nature",
            "correct_answer": "Fruit Flies ",
            "difficulty": "medium",
            "incorrect_answers": [
                "Monkey",
                "Dog",
                "Mouse"
            ],
            "question": "What was the first living creature in space?",
            "type": "multiple"
        },
        {
            "category": "Art",
            "correct_answer": "N&uuml;rnberg",
            "difficulty": "hard",
            "incorrect_answers": [
                "Augsburg",
                "Bamberg",
                "Berlin"
            ],
            "question": "Albrecht D&uuml;rer&#039;s birthplace and place of death were in...",
            "type": "multiple"
        },
        {
            "category": "Science & Nature",
            "correct_answer": "Nicotine",
            "difficulty": "easy",
            "incorrect_answers": [
                "Cathinone",
                "Ephedrine",
                "Glaucine"
            ],
            "question": "What is the primary addictive substance found in tobacco?",
            "type": "multiple"
        },
        {
            "category": "Science & Nature",
            "correct_answer": "Jonas Salk",
            "difficulty": "medium",
            "incorrect_answers": [
                "John F. Enders",
                "Thomas Weller",
                "Frederick Robbins"
            ],
            "question": "Who developed the first successful polio vaccine in the 1950s?",
            "type": "multiple"
        },
        {
            "category": "History",
            "correct_answer": "Chile",
            "difficulty": "medium",
            "incorrect_answers": [
                "Peru",
                "Brazil",
                "Argentina"
            ],
            "question": "In the War of the Pacific (1879 - 1883), Bolivia lost its access to the Pacific Ocean after being defeated by which South American country?",
            "type": "multiple"
        },
        {
            "category": "Entertainment: Video Games",
            "correct_answer": "I Would Have Been Your Daddy",
            "difficulty": "easy",
            "incorrect_answers": [
                "I Wanna Have Babies You Down",
                "I Would Hate Being Your Driver",
                "I Would Have Bought Your Dog"
            ],
            "question": "What does IWHBYD stand for on the skull in the Halo series?",
            "type": "multiple"
        },
        {
            "category": "Entertainment: Music",
            "correct_answer": "4/4",
            "difficulty": "medium",
            "incorrect_answers": [
                "1/2",
                "8/12",
                "2/4"
            ],
            "question": "What&#039;s the most common time signature for rock songs?",
            "type": "multiple"
        },
        {
            "category": "Science & Nature",
            "correct_answer": "Perceptual Neuron",
            "difficulty": "hard",
            "incorrect_answers": [
                "Sensory Neuron",
                "Motor Neuron",
                "Interneuron"
            ],
            "question": "Which is not a type of neuron?",
            "type": "multiple"
        },
        {
            "category": "General Knowledge",
            "correct_answer": "Gin",
            "difficulty": "medium",
            "incorrect_answers": [
                "Vodka",
                "Rum",
                "Tequila"
            ],
            "question": "What alcoholic drink is mainly made from juniper berries?",
            "type": "multiple"
        },
        {
            "category": "Geography",
            "correct_answer": "False",
            "difficulty": "medium",
            "incorrect_answers": [
                "True"
            ],
            "question": "Gothenburg is the capital of Sweden.",
            "type": "boolean"
        },
        {
            "category": "General Knowledge",
            "correct_answer": "Thing",
            "difficulty": "hard",
            "incorrect_answers": [
                "People",
                "Place",
                "Pineapple"
            ],
            "question": "The Swedish word &quot;Grunka&quot; means what in English?",
            "type": "multiple"
        },
        {
            "category": "Entertainment: Video Games",
            "correct_answer": "Everyone Listed",
            "difficulty": "medium",
            "incorrect_answers": [
                "Heavy",
                "Soldier",
                "Engineer"
            ],
            "question": "In Team Fortress 2, which class wields a shotgun?",
            "type": "multiple"
        },
        {
            "category": "Entertainment: Video Games",
            "correct_answer": "Jesse McCree",
            "difficulty": "medium",
            "incorrect_answers": [
                "Jack &quot;McCree&quot; Morrison",
                "Gabriel Reyes",
                "Jamison &quot;Deadeye&quot; Fawkes"
            ],
            "question": "In &quot;Overwatch,&quot; what is the hero McCree&#039;s full name?",
            "type": "multiple"
        },
        {
            "category": "Entertainment: Video Games",
            "correct_answer": "Gordon &amp; Freeman",
            "difficulty": "medium",
            "incorrect_answers": [
                "Sam &amp; Fisher",
                "Nathan &amp; Drake",
                "Dig &amp; Dug"
            ],
            "question": "In Call of Duty: United Offensive, what two soldiers share a name of a video game character?",
            "type": "multiple"
        },
        {
            "category": "Science: Computers",
            "correct_answer": "Infrastructure as a Service",
            "difficulty": "medium",
            "incorrect_answers": [
                "Internet as a Service",
                "Internet and a Server",
                "Infrastructure as a Server"
            ],
            "question": "In the server hosting industry IaaS stands for...",
            "type": "multiple"
        },
        {
            "category": "Entertainment: Video Games",
            "correct_answer": "Photojournalist",
            "difficulty": "easy",
            "incorrect_answers": [
                "Janitor",
                "Chef",
                "Taxi Driver"
            ],
            "question": "What was Frank West&#039;s job in &quot;Dead Rising&quot;?",
            "type": "multiple"
        },
        {
            "category": "Science: Gadgets",
            "correct_answer": "False",
            "difficulty": "medium",
            "incorrect_answers": [
                "True"
            ],
            "question": "The Western Electric Model 500 telephone uses tone dialing to dial phone numbers.",
            "type": "boolean"
        },
        {
            "category": "Entertainment: Video Games",
            "correct_answer": "September 1st, 2013",
            "difficulty": "medium",
            "incorrect_answers": [
                "March 3rd, 2011",
                "September 12th, 2013",
                "October 2nd, 2012"
            ],
            "question": "When was Chapter 1 of the Source Engine mod &quot;Underhell&quot; released?",
            "type": "multiple"
        },
        {
            "category": "History",
            "correct_answer": "True",
            "difficulty": "medium",
            "incorrect_answers": [
                "False"
            ],
            "question": "Abraham Lincoln was the first U.S. President to be born outside the borders of the thirteen original states. ",
            "type": "boolean"
        },
        {
            "category": "Entertainment: Japanese Anime & Manga",
            "correct_answer": "God",
            "difficulty": "easy",
            "incorrect_answers": [
                "Alien",
                "Time Traveler",
                "Esper"
            ],
            "question": "In &quot;The Melancholy of Haruhi Suzumiya&quot; series, the SOS Brigade club leader is unknowingly treated as a(n) __ by her peers.",
            "type": "multiple"
        },
        {
            "category": "Entertainment: Video Games",
            "correct_answer": "Counter-Strike: Source",
            "difficulty": "medium",
            "incorrect_answers": [
                "Half-Life 2",
                "Garry&#039;s Mod",
                "Team Fortress 2"
            ],
            "question": "What was the first game ever released that ran on the Source engine?",
            "type": "multiple"
        },
        {
            "category": "Entertainment: Music",
            "correct_answer": "P!nk",
            "difficulty": "medium",
            "incorrect_answers": [
                "Mitis",
                "Adam lambert",
                "Koven"
            ],
            "question": "What musician made the song &quot;Fuckin` Perfect&quot; in 2010?",
            "type": "multiple"
        },
        {
            "category": "Entertainment: Video Games",
            "correct_answer": "Terri Brosius",
            "difficulty": "medium",
            "incorrect_answers": [
                " Jennifer Hale",
                "Jenn Taylor",
                "Lori Alan"
            ],
            "question": "Who voices the infamous Citadel Station A.I known as S.H.O.D.A.N, in the System Shock games?",
            "type": "multiple"
        },
        {
            "category": "Science: Computers",
            "correct_answer": "False",
            "difficulty": "medium",
            "incorrect_answers": [
                "True"
            ],
            "question": "The last Windows operating system to be based on the Windows 9x kernel was Windows 98.",
            "type": "boolean"
        },
        {
            "category": "Entertainment: Books",
            "correct_answer": "9",
            "difficulty": "medium",
            "incorrect_answers": [
                "5",
                "11",
                "13"
            ],
            "question": "In the novel &quot;Lord of the Rings&quot;, how many rings of power were given to the race of man?",
            "type": "multiple"
        },
        {
            "category": "Entertainment: Television",
            "correct_answer": "House Majority Whip",
            "difficulty": "easy",
            "incorrect_answers": [
                "Attorney General",
                "President",
                "Chief of Staff"
            ],
            "question": "In season one of the Netflix political drama &quot;House of Cards&quot;, what government position does Frank Underwood hold?",
            "type": "multiple"
        },
        {
            "category": "General Knowledge",
            "correct_answer": "Twilight Zone Tower of Terror",
            "difficulty": "medium",
            "incorrect_answers": [
                "The Haunted Mansion",
                "Pirates of the Caribbean",
                "Peter Pan&#039;s Flight"
            ],
            "question": "Which iconic Disneyland attraction was closed in 2017 to be remodeled as a &quot;Guardians of the Galaxy&quot; themed ride?",
            "type": "multiple"
        },
        {
            "category": "General Knowledge",
            "correct_answer": "Brad&#039;s Drink",
            "difficulty": "medium",
            "incorrect_answers": [
                "Pepsin Pop",
                "Carolina Cola",
                "Pepsin Syrup"
            ],
            "question": "What was the soft drink Pepsi originally introduced as?",
            "type": "multiple"
        },
        {
            "category": "Entertainment: Television",
            "correct_answer": "False",
            "difficulty": "medium",
            "incorrect_answers": [
                "True"
            ],
            "question": "Bob Ross was a US Air Force pilot.",
            "type": "boolean"
        },
        {
            "category": "Entertainment: Japanese Anime & Manga",
            "correct_answer": "False",
            "difficulty": "easy",
            "incorrect_answers": [
                "True"
            ],
            "question": "Kiznaiver is an adaptation of a manga.",
            "type": "boolean"
        },
        {
            "category": "Entertainment: Music",
            "correct_answer": "2012",
            "difficulty": "easy",
            "incorrect_answers": [
                "2013",
                "2014",
                "2011"
            ],
            "question": "When was Gangnam Style uploaded to YouTube?",
            "type": "multiple"
        },
        {
            "category": "Entertainment: Video Games",
            "correct_answer": "Dwarf Fortress",
            "difficulty": "hard",
            "incorrect_answers": [
                "Minecraft",
                "Wurm Online",
                "0x10c"
            ],
            "question": "Which of these games was NOT developed by Markus Persson?",
            "type": "multiple"
        },
        {
            "category": "Entertainment: Television",
            "correct_answer": "Sto-vo-kor",
            "difficulty": "hard",
            "incorrect_answers": [
                "Valhalla",
                "Karon&#039;gahk",
                "New Jersey"
            ],
            "question": "What is the Klingon&#039;s afterlife called?",
            "type": "multiple"
        },
        {
            "category": "Entertainment: Video Games",
            "correct_answer": "IDCLIP",
            "difficulty": "hard",
            "incorrect_answers": [
                "IDFA",
                "IDDQD",
                "IDSPISPOPD"
            ],
            "question": "In the original DOOM (1993) which of the following is NOT a cheat code?",
            "type": "multiple"
        },
        {
            "category": "Mythology",
            "correct_answer": "Centaur",
            "difficulty": "easy",
            "incorrect_answers": [
                "Minotaur",
                "Pegasus",
                "Gorgon"
            ],
            "question": "Which of these mythological creatures is said to be half-man and half-horse?",
            "type": "multiple"
        },
        {
            "category": "Entertainment: Video Games",
            "correct_answer": "Electric Cherry",
            "difficulty": "medium",
            "incorrect_answers": [
                "Quick Revive",
                "Vulture Aid",
                "Tombstone"
            ],
            "question": "What is the perk that was introduced in the &quot;Call Of Duty: Zombies&quot; map, &quot;Mob Of The Dead&quot;?",
            "type": "multiple"
        },
        {
            "category": "Entertainment: Video Games",
            "correct_answer": "6",
            "difficulty": "medium",
            "incorrect_answers": [
                "8",
                "5",
                "3"
            ],
            "question": "In the &quot;Call Of Duty: Zombies&quot; map &quot;Origins&quot;, how many numbered power generators are there?",
            "type": "multiple"
        },
        {
            "category": "Entertainment: Film",
            "correct_answer": "Ridley Scott",
            "difficulty": "medium",
            "incorrect_answers": [
                "Christopher Nolan",
                "Michael Bay",
                "James Cameron"
            ],
            "question": "Who directed the movie &quot;Alien&quot;?",
            "type": "multiple"
        },
        {
            "category": "Entertainment: Television",
            "correct_answer": "False",
            "difficulty": "medium",
            "incorrect_answers": [
                "True"
            ],
            "question": "In &quot;Star Trek: The Next Generation&quot;, Data is the only android in existence.",
            "type": "boolean"
        },
        {
            "category": "History",
            "correct_answer": "July 28",
            "difficulty": "hard",
            "incorrect_answers": [
                "January 28",
                "June 28",
                "April 28"
            ],
            "question": "Which day did World War I begin?",
            "type": "multiple"
        },
        {
            "category": "Entertainment: Music",
            "correct_answer": "Blondie",
            "difficulty": "easy",
            "incorrect_answers": [
                "Paramore",
                "Coldplay",
                "The Police"
            ],
            "question": "Which band recorded the album &quot;Parallel Lines&quot;?",
            "type": "multiple"
        }
    ]
}