{
    "response_code": 0,
    "results": [
        {
            "category": "Entertainment: Video Games",
            "correct_answer": "Souls ",
            "difficulty": "easy",
            "incorrect_answers": [
                "Final Fantasy ",
                "Monster Hunter",
                "The Legend of Zelda"
            ],
            "question": "In which series of games do you collect souls to empower you and buy weaponry and armor with?",
            "type": "multiple"
        },
        {
            "category": "Entertainment: Video Games",
            "correct_answer": "False",
            "difficulty": "easy",
            "incorrect_answers": [
                "True"
            ],
            "question": "The name of the main character of the video game &quot;The Legend of Zelda&quot;, is Zelda.",
            "type": "boolean"
        },
        {
            "category": "General Knowledge",
            "correct_answer": "Clyde",
            "difficulty": "medium",
            "incorrect_answers": [
                "Tay",
                "Dee",
                "Tweed"
            ],
            "question": "Which river flows through the Scottish city of Glasgow?",
            "type": "multiple"
        },
        {
            "category": "Science: Computers",
            "correct_answer": "Windows XP",
            "difficulty": "medium",
            "incorrect_answers": [
                "Windows 2000",
                "Windows 7",
                "Windows 95"
            ],
            "question": "Whistler was the codename of this Microsoft Operating System.",
            "type": "multiple"
        },
        {
            "category": "Entertainment: Books",
            "correct_answer": "Seeker",
            "difficulty": "medium",
            "incorrect_answers": [
                "Beater",
                "Chaser",
                "Keeper"
            ],
            "question": "What position does Harry Potter play in Quidditch?",
            "type": "multiple"
        },
        {
            "category": "Vehicles",
            "correct_answer": "Austria",
            "difficulty": "medium",
            "incorrect_answers": [
                "Afghanistan",
                "Australia",
                "Armenia"
            ],
            "question": "Which country has the international vehicle registration letter &#039;A&#039;?",
            "type": "multiple"
        },
        {
            "category": "Geography",
            "correct_answer": "Yangtze",
            "difficulty": "hard",
            "incorrect_answers": [
                "Fujian",
                "Sichuan",
                "Guangdong"
            ],
            "question": "Which of these is NOT a province in China?",
            "type": "multiple"
        },
        {
            "category": "Vehicles",
            "correct_answer": "Poland",
            "difficulty": "medium",
            "incorrect_answers": [
                "China",
                "Sweden",
                "Italy"
            ],
            "question": "What country is the Hussarya supercar, made by the car manufacturer &quot;Arrinera&quot;, assembled in?",
            "type": "multiple"
        },
        {
            "category": "History",
            "correct_answer": "Median, Achaemenid, Parthian, Sassanid",
            "difficulty": "hard",
            "incorrect_answers": [
                "Median, Achaemenid, Sassanid, Parthian",
                "Achaemenid, Median, Parthian, Sassanid",
                "Achaemenid, Median, Sassanid, Parthian"
            ],
            "question": "List the following Iranic empires in chronological order:",
            "type": "multiple"
        },
        {
            "category": "General Knowledge",
            "correct_answer": "True",
            "difficulty": "medium",
            "incorrect_answers": [
                "False"
            ],
            "question": "There are 86400 seconds in a day.",
            "type": "boolean"
        },
        {
            "category": "Entertainment: Japanese Anime & Manga",
            "correct_answer": "Human Transmutation ",
            "difficulty": "medium",
            "incorrect_answers": [
                "Transmuting Lead Into Gold",
                "Using Alchemy For Crime ",
                "Preforming Without A Permit"
            ],
            "question": "In the anime series &quot;Full Metal Alchemist&quot;, what do Alchemists consider the greatest taboo?",
            "type": "multiple"
        },
        {
            "category": "General Knowledge",
            "correct_answer": "$12.7 Billion",
            "difficulty": "medium",
            "incorrect_answers": [
                "$95 Million",
                "$956 Million",
                "$2.7 Billion"
            ],
            "question": "In 2013 how much money was lost by Nigerian scams?",
            "type": "multiple"
        },
        {
            "category": "Geography",
            "correct_answer": "Electric Town",
            "difficulty": "medium",
            "incorrect_answers": [
                "Moon Walk River",
                "Otaku Central ",
                "Big Eyes"
            ],
            "question": "The Japanese district Akihabara is also known by what nickname?",
            "type": "multiple"
        },
        {
            "category": "Entertainment: Film",
            "correct_answer": "Karl Ruprecht Kroenen",
            "difficulty": "hard",
            "incorrect_answers": [
                "Klaus Werner von Krupt",
                "Grigori Efimovich Rasputin",
                "Ilsa Haupstein"
            ],
            "question": "What is the name of the assassin in the first &quot;Hellboy&quot; movie?",
            "type": "multiple"
        },
        {
            "category": "History",
            "correct_answer": "True",
            "difficulty": "easy",
            "incorrect_answers": [
                "False"
            ],
            "question": "The United States Department of Homeland Security was formed in response to the September 11th attacks.",
            "type": "boolean"
        },
        {
            "category": "Geography",
            "correct_answer": "Mali",
            "difficulty": "medium",
            "incorrect_answers": [
                "Senegal",
                "Niger",
                "Burkina Faso"
            ],
            "question": "The historical city Timbuktu is located in which West African country?",
            "type": "multiple"
        },
        {
            "category": "Celebrities",
            "correct_answer": "Jon Jafari",
            "difficulty": "medium",
            "incorrect_answers": [
                "Rocco Botte",
                "Derrick Acosta",
                "Shawn Chatfield"
            ],
            "question": "Which of these people is NOT a part of the Internet comedy group Mega64?",
            "type": "multiple"
        },
        {
            "category": "General Knowledge",
            "correct_answer": "F&ouml;nster",
            "difficulty": "medium",
            "incorrect_answers": [
                "H&aring;l",
                "Sk&auml;rm",
                "Ruta"
            ],
            "question": "What is the Swedish word for &quot;window&quot;?",
            "type": "multiple"
        },
        {
            "category": "Entertainment: Video Games",
            "correct_answer": "Anti-mass spectrometer",
            "difficulty": "medium",
            "incorrect_answers": [
                "Oscillation generator",
                "Dark fusion reactor",
                "Dark fusion resonator"
            ],
            "question": "What is the name of the machine that fails and essentially dooms mankind in the beginning of the first Half-Life game?",
            "type": "multiple"
        },
        {
            "category": "Entertainment: Video Games",
            "correct_answer": "Aperture Fixtures",
            "difficulty": "medium",
            "incorrect_answers": [
                "Aperture Lavatories",
                "Aperture Science Innovators",
                "Wheatley Laboratories"
            ],
            "question": "In the Portal series, Aperture Science was founded under what name in the early 1940s?",
            "type": "multiple"
        },
        {
            "category": "Geography",
            "correct_answer": "4",
            "difficulty": "hard",
            "incorrect_answers": [
                "3",
                "1",
                "6"
            ],
            "question": "How many countries border Kyrgyzstan?",
            "type": "multiple"
        },
        {
            "category": "History",
            "correct_answer": "Leader of the Ukrainian Cossacks",
            "difficulty": "hard",
            "incorrect_answers": [
                "General Secretary of the Communist Party of the USSR",
                "Prince of Wallachia",
                "Grand Prince of Novgorod"
            ],
            "question": "Bohdan Khmelnytsky was which of the following?",
            "type": "multiple"
        },
        {
            "category": "Entertainment: Video Games",
            "correct_answer": "Frank West",
            "difficulty": "easy",
            "incorrect_answers": [
                "Chuck Greene",
                "John North",
                "Jason Grey"
            ],
            "question": "Who is the protagonist in Dead Rising (2006)?",
            "type": "multiple"
        },
        {
            "category": "Geography",
            "correct_answer": "Anglesey",
            "difficulty": "hard",
            "incorrect_answers": [
                "Barry",
                "Bardsey",
                "Caldey"
            ],
            "question": "Llanfair&shy;pwllgwyngyll&shy;gogery&shy;chwyrn&shy;drobwll&shy;llan&shy;tysilio&shy;gogo&shy;goch is located on which Welsh island?",
            "type": "multiple"
        },
        {
            "category": "Geography",
            "correct_answer": "Dzongkha",
            "difficulty": "medium",
            "incorrect_answers": [
                "Ladakhi",
                "Karen",
                "Groma"
            ],
            "question": "What is the official language of Bhutan?",
            "type": "multiple"
        },
        {
            "category": "Entertainment: Film",
            "correct_answer": "Indominus Rex",
            "difficulty": "easy",
            "incorrect_answers": [
                "Mosasaurus",
                "Pteranodon",
                "Tyrannosaurus Rex "
            ],
            "question": "In &quot;Jurassic World&quot;, what is the name of the dinosaur that is a genetic hybrid?",
            "type": "multiple"
        },
        {
            "category": "General Knowledge",
            "correct_answer": "False",
            "difficulty": "medium",
            "incorrect_answers": [
                "True"
            ],
            "question": "The French word for &quot;glass&quot; is &quot;glace&quot;.",
            "type": "boolean"
        },
        {
            "category": "Entertainment: Video Games",
            "correct_answer": "False",
            "difficulty": "easy",
            "incorrect_answers": [
                "True"
            ],
            "question": "The names of Tom Nook&#039;s cousins in the Animal Crossing franchise are named &quot;Timmy&quot; and &quot;Jimmy&quot;.",
            "type": "boolean"
        },
        {
            "category": "Entertainment: Music",
            "correct_answer": "Cinderella",
            "difficulty": "easy",
            "incorrect_answers": [
                "Belle",
                "Snow White",
                "Pocahontas"
            ],
            "question": "Which Disney character sings the song &quot;A Dream is a Wish Your Heart Makes&quot;?",
            "type": "multiple"
        },
        {
            "category": "Geography",
            "correct_answer": "Tyler, Texas",
            "difficulty": "hard",
            "incorrect_answers": [
                "San Diego, California",
                "Miami, Florida",
                "Anaheim, California"
            ],
            "question": "What city is known as the Rose Capital of the World?",
            "type": "multiple"
        },
        {
            "category": "Geography",
            "correct_answer": "December 6th",
            "difficulty": "hard",
            "incorrect_answers": [
                "January 2nd",
                "November 12th",
                "February 8th"
            ],
            "question": "When does Finland celebrate their independence day?",
            "type": "multiple"
        },
        {
            "category": "Science & Nature",
            "correct_answer": "-40",
            "difficulty": "hard",
            "incorrect_answers": [
                "32",
                "-39",
                "-42"
            ],
            "question": "What is the same in Celsius and Fahrenheit?",
            "type": "multiple"
        },
        {
            "category": "General Knowledge",
            "correct_answer": "McDonald&#039;s",
            "difficulty": "easy",
            "incorrect_answers": [
                "Whataburger",
                "Burger King",
                "Sonic"
            ],
            "question": "Which restaurant&#039;s mascot is a clown?",
            "type": "multiple"
        },
        {
            "category": "Geography",
            "correct_answer": "Madrid",
            "difficulty": "easy",
            "incorrect_answers": [
                "Barcelona",
                "Sevilla",
                "Toledo"
            ],
            "question": "What is the capital of Spain?",
            "type": "multiple"
        },
        {
            "category": "Entertainment: Japanese Anime & Manga",
            "correct_answer": "Dhampir",
            "difficulty": "medium",
            "incorrect_answers": [
                "Fl&uuml;gel",
                "Imanity",
                "Seiren"
            ],
            "question": "The character Plum from &quot;No Game No Life&quot; is of what race?",
            "type": "multiple"
        },
        {
            "category": "Science: Gadgets",
            "correct_answer": "2007",
            "difficulty": "easy",
            "incorrect_answers": [
                "2005",
                "2006",
                "2004"
            ],
            "question": "When was the iPhone released?",
            "type": "multiple"
        },
        {
            "category": "Entertainment: Video Games",
            "correct_answer": "True",
            "difficulty": "medium",
            "incorrect_answers": [
                "False"
            ],
            "question": "Resident Evil 4 was originally meant to be a Nintendo GameCube exclusive.",
            "type": "boolean"
        },
        {
            "category": "Entertainment: Cartoon & Animations",
            "correct_answer": "Gary",
            "difficulty": "easy",
            "incorrect_answers": [
                "Orvillie",
                "Squidward",
                "Squidette"
            ],
            "question": "Which of these characters from &quot;SpongeBob SquarePants&quot; is not a squid?",
            "type": "multiple"
        },
        {
            "category": "History",
            "correct_answer": "Genuine universal suffrage",
            "difficulty": "hard",
            "incorrect_answers": [
                "Gaining Independence",
                "Go back under British Rule",
                "Lower taxes"
            ],
            "question": "What was the aim of the &quot;Umbrella Revolution&quot; in Hong Kong in 2014?",
            "type": "multiple"
        },
        {
            "category": "Entertainment: Video Games",
            "correct_answer": "Rufus",
            "difficulty": "medium",
            "incorrect_answers": [
                "Rutus",
                "Finn",
                "Apollo"
            ],
            "question": "In the game &quot;Red Dead Redemption&quot;, what is the name of John Marston&#039;s dog?",
            "type": "multiple"
        },
        {
            "category": "Entertainment: Video Games",
            "correct_answer": "Semper Fi",
            "difficulty": "medium",
            "incorrect_answers": [
                "Ring of Steel",
                "Vendetta",
                "Eviction"
            ],
            "question": "What is the name of the first level in &quot;Call of Duty: World at War&quot;?",
            "type": "multiple"
        },
        {
            "category": "Entertainment: Video Games",
            "correct_answer": "Generator 5",
            "difficulty": "hard",
            "incorrect_answers": [
                "Generator 3",
                "Generator 4",
                "Excavation Site"
            ],
            "question": "In the &quot;Call Of Duty: Zombies&quot; map &quot;Origins&quot;, where is &quot;Stamin-Up&quot; located?",
            "type": "multiple"
        },
        {
            "category": "Entertainment: Music",
            "correct_answer": "U2",
            "difficulty": "medium",
            "incorrect_answers": [
                "Radiohead",
                "Coldplay",
                "Bon Jovi"
            ],
            "question": "Which of these bands was a featuring artist in Compton rapper Kendrick Lamar&#039;s 2017 album, &quot;DAMN.&quot;?",
            "type": "multiple"
        },
        {
            "category": "Entertainment: Japanese Anime & Manga",
            "correct_answer": "She crawled into it&#039;s mouth as a baby.",
            "difficulty": "medium",
            "incorrect_answers": [
                "She found it scary.",
                "She was badly injured from it.",
                "It is part Bug."
            ],
            "question": "In Pok&eacute;mon Chronicles, why was Misty afraid of Gyarados?",
            "type": "multiple"
        },
        {
            "category": "Science: Computers",
            "correct_answer": "Java",
            "difficulty": "medium",
            "incorrect_answers": [
                "Python",
                "Solaris OS",
                "C++"
            ],
            "question": "Which programming language was developed by Sun Microsystems in 1995?",
            "type": "multiple"
        },
        {
            "category": "Entertainment: Video Games",
            "correct_answer": "True",
            "difficulty": "easy",
            "incorrect_answers": [
                "False"
            ],
            "question": "Several characters in &quot;Super Mario 64&quot; blink their eyes, including Mario himself.",
            "type": "boolean"
        },
        {
            "category": "Entertainment: Video Games",
            "correct_answer": "The Sacred Stones",
            "difficulty": "medium",
            "incorrect_answers": [
                "Blazing Sword",
                "Awakening",
                "Path of Radiance"
            ],
            "question": "What is the name of the 8th installment in the Fire Emblem series?",
            "type": "multiple"
        },
        {
            "category": "Entertainment: Television",
            "correct_answer": "9",
            "difficulty": "hard",
            "incorrect_answers": [
                "6",
                "3",
                "0"
            ],
            "question": "In season one of the US Kitchen Nightmares, Gordan Ramsay tried to save 10 different restaurants. How many ended up closing afterwards?",
            "type": "multiple"
        },
        {
            "category": "Science & Nature",
            "correct_answer": "STS-107",
            "difficulty": "medium",
            "incorrect_answers": [
                "STS-51-L",
                "STS-61-C",
                "STS-109"
            ],
            "question": "On which mission did the Space Shuttle Columbia break up upon re-entry?",
            "type": "multiple"
        },
        {
            "category": "Entertainment: Television",
            "correct_answer": "Richard &quot;Dick&quot; Whitman",
            "difficulty": "easy",
            "incorrect_answers": [
                "Donald Draper",
                "John Ashbury",
                "Michael &quot;Mikey&quot; Wilhelm"
            ],
            "question": "In the TV show &quot;Mad Men&quot;, what was Donald Draper&#039;s birthname?",
            "type": "multiple"
        }
    ]
}