{
    "response_code": 0,
    "results": [
        {
            "category": "Entertainment: Television",
            "correct_answer": "Boston Red Sox",
            "difficulty": "easy",
            "incorrect_answers": [
                "New York Mets",
                "Baltimore Orioles",
                "Milwaukee Brewers"
            ],
            "question": "In the TV show &quot;Cheers&quot;, Sam Malone was a former relief pitcher for which baseball team?",
            "type": "multiple"
        },
        {
            "category": "Sports",
            "correct_answer": "Eagle",
            "difficulty": "easy",
            "incorrect_answers": [
                "Birdie",
                "Bogey",
                "Albatross"
            ],
            "question": "In golf, what name is given to a hole score of two under par?",
            "type": "multiple"
        },
        {
            "category": "Entertainment: Video Games",
            "correct_answer": "107",
            "difficulty": "hard",
            "incorrect_answers": [
                "108",
                "93",
                "96"
            ],
            "question": "How many people can you recruit in the game Suikoden in a single playthrough?",
            "type": "multiple"
        },
        {
            "category": "Entertainment: Music",
            "correct_answer": "The Eagles",
            "difficulty": "medium",
            "incorrect_answers": [
                "Fools Gold",
                "The Doobie Brothers",
                "Fleetwood Mac"
            ],
            "question": "Which band had hits in 1975 with the songs, &#039;One Of These Nights&#039; &amp; &#039;Lyin Eyes&#039;?",
            "type": "multiple"
        },
        {
            "category": "History",
            "correct_answer": "Buffalo Bill",
            "difficulty": "easy",
            "incorrect_answers": [
                "Billy the Kid",
                "Wild Bill Hickok",
                "Pawnee Bill"
            ],
            "question": "What was William Frederick Cody better known as?",
            "type": "multiple"
        },
        {
            "category": "Sports",
            "correct_answer": "Saints",
            "difficulty": "medium",
            "incorrect_answers": [
                "Harlequins",
                "Saracens",
                "Wasps"
            ],
            "question": "What is the nickname of Northampton town&#039;s rugby union club?",
            "type": "multiple"
        },
        {
            "category": "Science: Mathematics",
            "correct_answer": "100",
            "difficulty": "medium",
            "incorrect_answers": [
                "10",
                "1,000",
                "1,000,000"
            ],
            "question": "How many zeros are there in a googol?",
            "type": "multiple"
        },
        {
            "category": "Entertainment: Film",
            "correct_answer": "Johnny Depp",
            "difficulty": "medium",
            "incorrect_answers": [
                " Clint Eastwood",
                "Leonardo DiCaprio",
                "Ben Stiller"
            ],
            "question": "Which actor played the main character in the 1990 film &quot;Edward Scissorhands&quot;?",
            "type": "multiple"
        },
        {
            "category": "Entertainment: Video Games",
            "correct_answer": "Mike Harrington",
            "difficulty": "medium",
            "incorrect_answers": [
                "Robin Walker",
                "Marc Laidlaw",
                "Stephen Bahl"
            ],
            "question": "Along with Gabe Newell, who co-founded Valve?",
            "type": "multiple"
        },
        {
            "category": "Entertainment: Music",
            "correct_answer": "Tommy Moore",
            "difficulty": "hard",
            "incorrect_answers": [
                "Ringo Starr",
                "Stuart Sutcliffe",
                "Pete Best"
            ],
            "question": "Who was the original drummer for The Beatles?",
            "type": "multiple"
        },
        {
            "category": "History",
            "correct_answer": "Leif Erikson",
            "difficulty": "medium",
            "incorrect_answers": [
                "Christopher Columbus",
                "Amerigo Vespucci",
                "Ferdinand Magellan"
            ],
            "question": "Who was the first explorer to sail to North America?",
            "type": "multiple"
        },
        {
            "category": "Geography",
            "correct_answer": "Kingston",
            "difficulty": "easy",
            "incorrect_answers": [
                "San Juan",
                "Port-au-Prince",
                "Bridgetown"
            ],
            "question": "What is the capital of Jamaica?",
            "type": "multiple"
        },
        {
            "category": "Entertainment: Video Games",
            "correct_answer": "May 20, 2003",
            "difficulty": "medium",
            "incorrect_answers": [
                "June 17, 2001",
                "September 29, 2003",
                "January 14, 2005"
            ],
            "question": "The original Planetside was released in North America on...",
            "type": "multiple"
        },
        {
            "category": "Entertainment: Video Games",
            "correct_answer": "True",
            "difficulty": "hard",
            "incorrect_answers": [
                "False"
            ],
            "question": "Unturned originally started as a Roblox game.",
            "type": "boolean"
        },
        {
            "category": "Entertainment: Film",
            "correct_answer": "False",
            "difficulty": "easy",
            "incorrect_answers": [
                "True"
            ],
            "question": "The 2010 film &quot;The Social Network&quot; is a biographical drama film about MySpace founder Tom Anderson.",
            "type": "boolean"
        },
        {
            "category": "Geography",
            "correct_answer": "Murcia",
            "difficulty": "medium",
            "incorrect_answers": [
                "Asturias",
                "Navarre",
                "Le&oacute;n"
            ],
            "question": "The following Spanish provinces are located in the northern area of Spain except:",
            "type": "multiple"
        },
        {
            "category": "General Knowledge",
            "correct_answer": "False",
            "difficulty": "easy",
            "incorrect_answers": [
                "True"
            ],
            "question": "It is automatically considered entrapment in the United States if the police sell you illegal substances without revealing themselves.",
            "type": "boolean"
        },
        {
            "category": "Entertainment: Japanese Anime & Manga",
            "correct_answer": "&#039;. . . the front tires slide so the car won&#039;t face the inside&#039;",
            "difficulty": "hard",
            "incorrect_answers": [
                "&#039;. . . the wheels lose traction, making the car slide sideways&#039;",
                "&#039;. . . the car oversteers through a curve, causing it to turn faster&#039;",
                "&#039;. . . you turn a lot&#039;"
            ],
            "question": "In the anime Initial D, how does Takumi Fujiwara describe a drift?",
            "type": "multiple"
        },
        {
            "category": "Entertainment: Japanese Anime & Manga",
            "correct_answer": "False",
            "difficulty": "easy",
            "incorrect_answers": [
                "True"
            ],
            "question": "Studio Ghibli is a Japanese animation studio responsible for the films &quot;Wolf Children&quot; and &quot;The Boy and the Beast&quot;.",
            "type": "boolean"
        },
        {
            "category": "Geography",
            "correct_answer": "California",
            "difficulty": "easy",
            "incorrect_answers": [
                "New York",
                "Texas",
                "Florida"
            ],
            "question": "Which US state has the highest population?",
            "type": "multiple"
        },
        {
            "category": "Entertainment: Music",
            "correct_answer": "Vinesauce",
            "difficulty": "easy",
            "incorrect_answers": [
                "The8BitDrummer",
                "LIRIK",
                "Sodapoppin"
            ],
            "question": "Which Twitch streamer is the vocalist for Red Vox?",
            "type": "multiple"
        },
        {
            "category": "Animals",
            "correct_answer": "Nervousness",
            "difficulty": "medium",
            "incorrect_answers": [
                "Excitement",
                "Aggression",
                "Exhaustion"
            ],
            "question": "For what reason would a spotted hyena &quot;laugh&quot;?",
            "type": "multiple"
        },
        {
            "category": "Entertainment: Comics",
            "correct_answer": "Antimony",
            "difficulty": "medium",
            "incorrect_answers": [
                "Bismuth",
                "Mercury",
                "Cobalt"
            ],
            "question": "What is the name of the main character in the webcomic Gunnerkrigg Court by Tom Siddell?",
            "type": "multiple"
        },
        {
            "category": "General Knowledge",
            "correct_answer": "Fiat",
            "difficulty": "medium",
            "incorrect_answers": [
                "Maserati",
                "Alfa Romeo",
                "Ferrari"
            ],
            "question": "Which Italian automobile manufacturer gained majority control of U.S. automobile manufacturer Chrysler in 2011?",
            "type": "multiple"
        },
        {
            "category": "Entertainment: Video Games",
            "correct_answer": "Jill",
            "difficulty": "hard",
            "incorrect_answers": [
                "Dana",
                "Alma",
                "Anna"
            ],
            "question": "What is the name of the main character in the video game VA-11 HALL-A: Cyberpunk Bartender Action?",
            "type": "multiple"
        },
        {
            "category": "Geography",
            "correct_answer": "False",
            "difficulty": "medium",
            "incorrect_answers": [
                "True"
            ],
            "question": "Vietnam is the only country in the world that starts with V. ",
            "type": "boolean"
        },
        {
            "category": "History",
            "correct_answer": "Landsberg Prison",
            "difficulty": "medium",
            "incorrect_answers": [
                "Spandau Prison",
                "Ebrach Abbey",
                "Hohenasperg"
            ],
            "question": "In what prison was Adolf Hitler held in 1924?",
            "type": "multiple"
        },
        {
            "category": "Entertainment: Video Games",
            "correct_answer": "2015",
            "difficulty": "easy",
            "incorrect_answers": [
                "2013",
                "2011",
                "2016"
            ],
            "question": "What year did the game &quot;Overwatch&quot; enter closed beta?",
            "type": "multiple"
        },
        {
            "category": "History",
            "correct_answer": "1983",
            "difficulty": "medium",
            "incorrect_answers": [
                "1982",
                "1993",
                "1970"
            ],
            "question": "In what year did the North American Video Game Crash occur?",
            "type": "multiple"
        },
        {
            "category": "Science & Nature",
            "correct_answer": "True",
            "difficulty": "medium",
            "incorrect_answers": [
                "False"
            ],
            "question": "Scientists accidentally killed the once known world&#039;s oldest living creature, a mollusc, known to be aged as 507 years old.",
            "type": "boolean"
        },
        {
            "category": "Entertainment: Film",
            "correct_answer": "Jimmy Cooper",
            "difficulty": "medium",
            "incorrect_answers": [
                "Pete Townshend",
                "Franc Roddam",
                "Archie Bunker"
            ],
            "question": "In the 1979 British film &quot;Quadrophenia&quot; what is the name of the main protagonist?",
            "type": "multiple"
        },
        {
            "category": "Science: Computers",
            "correct_answer": "Neptune",
            "difficulty": "hard",
            "incorrect_answers": [
                "Enceladus",
                "Pollux",
                "Saturn"
            ],
            "question": "Which of these names was an actual codename for a cancelled Microsoft project?",
            "type": "multiple"
        },
        {
            "category": "Entertainment: Cartoon & Animations",
            "correct_answer": "Pendleton Ward",
            "difficulty": "easy",
            "incorrect_answers": [
                "J. G. Quintel",
                "Ben Bocquelet",
                "Rebecca Sugar"
            ],
            "question": "Who created the Cartoon Network series &quot;Adventure Time&quot;?",
            "type": "multiple"
        },
        {
            "category": "Science & Nature",
            "correct_answer": "2",
            "difficulty": "easy",
            "incorrect_answers": [
                "1",
                "4",
                "3"
            ],
            "question": "Human cells typically have how many copies of each gene?",
            "type": "multiple"
        },
        {
            "category": "Entertainment: Video Games",
            "correct_answer": "James Heller",
            "difficulty": "easy",
            "incorrect_answers": [
                "Alex Mercer",
                "Dana Mercer",
                "Any Goliaths roaming around"
            ],
            "question": "In PROTOTYPE 2. who is referred to as &quot;Tango Primary&quot;?",
            "type": "multiple"
        },
        {
            "category": "Geography",
            "correct_answer": "Andorra",
            "difficulty": "medium",
            "incorrect_answers": [
                "Liechtenstein",
                "Monaco",
                "San Marino"
            ],
            "question": "What tiny principality lies between Spain and France?",
            "type": "multiple"
        },
        {
            "category": "Sports",
            "correct_answer": "Pelle",
            "difficulty": "hard",
            "incorrect_answers": [
                "Insigne",
                "Barzagli",
                "Giaccherini"
            ],
            "question": "Which Italian footballer told Neuer where he&#039;s putting his shot and dragging it wide, during the match Italy-Germany, UEFA EURO 2016?",
            "type": "multiple"
        },
        {
            "category": "History",
            "correct_answer": "True",
            "difficulty": "medium",
            "incorrect_answers": [
                "False"
            ],
            "question": "United States President Ronald Reagan was the first president to appoint a woman to the Supreme Court. ",
            "type": "boolean"
        },
        {
            "category": "Entertainment: Video Games",
            "correct_answer": "4",
            "difficulty": "easy",
            "incorrect_answers": [
                "1",
                "2",
                "3"
            ],
            "question": "How many flagship monsters appear in Monster Hunter Gernerations?",
            "type": "multiple"
        },
        {
            "category": "Entertainment: Music",
            "correct_answer": "South Korea",
            "difficulty": "easy",
            "incorrect_answers": [
                "Japan",
                "North Korea",
                "China"
            ],
            "question": "From which country did the song &quot;Gangnam Style&quot; originate from?",
            "type": "multiple"
        },
        {
            "category": "Geography",
            "correct_answer": "Switzerland",
            "difficulty": "medium",
            "incorrect_answers": [
                "China",
                "Canada",
                "No Country"
            ],
            "question": "Which country has the abbreviation &quot;CH&quot;?",
            "type": "multiple"
        },
        {
            "category": "Geography",
            "correct_answer": "Baffin Island",
            "difficulty": "hard",
            "incorrect_answers": [
                "Prince Edward Island",
                "Vancouver Island",
                "Newfoundland"
            ],
            "question": "What is Canada&#039;s largest island?",
            "type": "multiple"
        },
        {
            "category": "Politics",
            "correct_answer": "True",
            "difficulty": "easy",
            "incorrect_answers": [
                "False"
            ],
            "question": "One of Barack Obama&#039;s United States presidential campaign slogan&#039;s was &quot;Yes We Can&quot;.",
            "type": "boolean"
        },
        {
            "category": "Entertainment: Film",
            "correct_answer": "Fight Club",
            "difficulty": "easy",
            "incorrect_answers": [
                "The Island",
                "Unthinkable",
                "American Pie"
            ],
            "question": "&quot;The first rule is: you don&#039;t talk about it&quot; is a reference to which movie?",
            "type": "multiple"
        },
        {
            "category": "History",
            "correct_answer": "Harry S. Truman",
            "difficulty": "medium",
            "incorrect_answers": [
                "Dwight D. Eisenhower",
                "Franklin D. Roosevelt",
                "Herbert Hoover"
            ],
            "question": "Which U.S. president took part in the Potsdam Conference, where the Allies reached a peace settlement with Germany?",
            "type": "multiple"
        },
        {
            "category": "Entertainment: Music",
            "correct_answer": "Left Eye",
            "difficulty": "medium",
            "incorrect_answers": [
                "Right Ear",
                "Right Middle Finger",
                "Nose"
            ],
            "question": "African-American performer Sammy Davis Jr. was known for losing which part of his body in a car accident?",
            "type": "multiple"
        },
        {
            "category": "Entertainment: Japanese Anime & Manga",
            "correct_answer": "Worst One",
            "difficulty": "medium",
            "incorrect_answers": [
                "Another One",
                "Blazer",
                "Princess"
            ],
            "question": "Ikki Kurogane is known by what nickname at the beginning of &quot;Chivalry of a Failed Knight&quot;?",
            "type": "multiple"
        },
        {
            "category": "Entertainment: Video Games",
            "correct_answer": "The Legend of Zelda: Twilight Princess",
            "difficulty": "hard",
            "incorrect_answers": [
                "Zelda II: The Adventure of Link",
                "The Legend of Zelda: Four Swords Adventures",
                "The Legend of Zelda: Majora&#039;s Mask"
            ],
            "question": "Which of the following games in the The Legend of Zelda franchise was released in North America before Japan?",
            "type": "multiple"
        },
        {
            "category": "Science: Computers",
            "correct_answer": "Jonathan Ive",
            "difficulty": "medium",
            "incorrect_answers": [
                "Steve Jobs",
                "Ronald Wayne",
                "Steve Wozniak"
            ],
            "question": "Which of these people was NOT a founder of Apple Inc?",
            "type": "multiple"
        },
        {
            "category": "Entertainment: Film",
            "correct_answer": "Don&#039;t Stop Me Now",
            "difficulty": "medium",
            "incorrect_answers": [
                "Brighton Rock",
                "Another Bites the Dust",
                "We Will Rock You"
            ],
            "question": "What Queen song plays during the final fight scene of the film &quot;Hardcore Henry&quot;?",
            "type": "multiple"
        }
    ]
}