{
    "response_code": 0,
    "results": [
        {
            "category": "History",
            "correct_answer": "Richard III",
            "difficulty": "medium",
            "incorrect_answers": [
                "Edward V",
                "Henry VII",
                "James I"
            ],
            "question": "Which king was killed at the Battle of Bosworth Field in 1485? ",
            "type": "multiple"
        },
        {
            "category": "General Knowledge",
            "correct_answer": "A Tight Rope",
            "difficulty": "easy",
            "incorrect_answers": [
                "Broken Glass",
                "Balls",
                "The Moon"
            ],
            "question": "What does a funambulist walk on?",
            "type": "multiple"
        },
        {
            "category": "Entertainment: Video Games",
            "correct_answer": "True",
            "difficulty": "easy",
            "incorrect_answers": [
                "False"
            ],
            "question": "The song &quot;Megalovania&quot; by Toby Fox made its third appearence in the 2015 RPG &quot;Undertale&quot;.",
            "type": "boolean"
        },
        {
            "category": "Art",
            "correct_answer": "True",
            "difficulty": "easy",
            "incorrect_answers": [
                "False"
            ],
            "question": "Leonardo da Vinci&#039;s Mona Lisa does not have eyebrows.",
            "type": "boolean"
        },
        {
            "category": "Science & Nature",
            "correct_answer": "8 Minutes",
            "difficulty": "medium",
            "incorrect_answers": [
                "6 Minutes",
                "2 Minutes",
                "12 Minutes"
            ],
            "question": "To the nearest minute, how long does it take for light to travel from the Sun to the Earth?",
            "type": "multiple"
        },
        {
            "category": "Entertainment: Video Games",
            "correct_answer": "False",
            "difficulty": "easy",
            "incorrect_answers": [
                "True"
            ],
            "question": "In &quot;Super Mario 64&quot;, collecting 100 coins on a level will give you a 1-UP.",
            "type": "boolean"
        },
        {
            "category": "Entertainment: Video Games",
            "correct_answer": "Tennis for Two",
            "difficulty": "hard",
            "incorrect_answers": [
                "Spacewar!",
                "Pong",
                "Space Travel"
            ],
            "question": "What was the world&#039;s first video game?",
            "type": "multiple"
        },
        {
            "category": "Entertainment: Video Games",
            "correct_answer": "Magnavox Odyssey",
            "difficulty": "medium",
            "incorrect_answers": [
                "Coleco Telstar",
                "Nintendo Color TV Game",
                "Atari 2600"
            ],
            "question": "What is the world&#039;s first video game console?",
            "type": "multiple"
        },
        {
            "category": "Entertainment: Music",
            "correct_answer": "False",
            "difficulty": "easy",
            "incorrect_answers": [
                "True"
            ],
            "question": "American rapper Dr. Dre actually has a Ph.D. doctorate.",
            "type": "boolean"
        },
        {
            "category": "General Knowledge",
            "correct_answer": "7",
            "difficulty": "easy",
            "incorrect_answers": [
                "8",
                "9",
                "10"
            ],
            "question": "How many colors are there in a rainbow?",
            "type": "multiple"
        },
        {
            "category": "Entertainment: Music",
            "correct_answer": "CN Tower",
            "difficulty": "medium",
            "incorrect_answers": [
                "Allan Gardens",
                "Union Station",
                "Prince of Wales Theatre"
            ],
            "question": "Which Toronto landmark was featured on the cover art of Canadian rapper Drake&#039;s 2016 album &quot;Views&quot;?",
            "type": "multiple"
        },
        {
            "category": "Entertainment: Board Games",
            "correct_answer": "The Gatekeeper",
            "difficulty": "medium",
            "incorrect_answers": [
                "The Kryptkeeper",
                "The Monster",
                "The Nightmare"
            ],
            "question": "Who is the main character in the VHS tape included in the board game Nightmare?",
            "type": "multiple"
        },
        {
            "category": "General Knowledge",
            "correct_answer": "OCBC",
            "difficulty": "hard",
            "incorrect_answers": [
                "HSBC",
                "Standard Chartered",
                "Bank of China"
            ],
            "question": "Which of these banks are NOT authorized to issue currency notes in Hong Kong?",
            "type": "multiple"
        },
        {
            "category": "Entertainment: Video Games",
            "correct_answer": "Lordran",
            "difficulty": "easy",
            "incorrect_answers": [
                "Drangleic",
                "Oolacile",
                "Catarina"
            ],
            "question": "In the game Dark Souls, what is the name of the region you&#039;re in for the majority of the game?",
            "type": "multiple"
        },
        {
            "category": "History",
            "correct_answer": "True",
            "difficulty": "medium",
            "incorrect_answers": [
                "False"
            ],
            "question": "If you grab the bladed end of a longsword in a specific way, you will not cut yourself.",
            "type": "boolean"
        },
        {
            "category": "Entertainment: Video Games",
            "correct_answer": "True",
            "difficulty": "easy",
            "incorrect_answers": [
                "False"
            ],
            "question": "Solid Snake is actually a clone from the DNA of Big Boss in the Metal Gear Solid series&#039; history.",
            "type": "boolean"
        },
        {
            "category": "Science: Computers",
            "correct_answer": "Mystic Mansion",
            "difficulty": "medium",
            "incorrect_answers": [
                "Trusty Tahr",
                "Utopic Unicorn",
                "Wily Werewolf"
            ],
            "question": "Which one of these is not an official development name for a Ubuntu release?",
            "type": "multiple"
        },
        {
            "category": "Entertainment: Video Games",
            "correct_answer": "Crowbar",
            "difficulty": "easy",
            "incorrect_answers": [
                "Sledgehammer",
                "Fiber Wire",
                "Katana"
            ],
            "question": "In the Half-Life series, Gordon Freeman&#039;s signature weapon is a:",
            "type": "multiple"
        },
        {
            "category": "Entertainment: Video Games",
            "correct_answer": "The Enclave",
            "difficulty": "easy",
            "incorrect_answers": [
                "The Minutemen",
                "The Brotherhood of Steel",
                "The Institute"
            ],
            "question": "In &quot;Fallout 4&quot; which faction is not present in the game?",
            "type": "multiple"
        },
        {
            "category": "Geography",
            "correct_answer": "Rosemead, California",
            "difficulty": "hard",
            "incorrect_answers": [
                "Sacremento, California",
                "Fresno, California",
                "San Diego, California"
            ],
            "question": "Where is the fast food chain &quot;Panda Express&quot; headquartered?",
            "type": "multiple"
        },
        {
            "category": "Entertainment: Music",
            "correct_answer": "The Beatles (White Album)",
            "difficulty": "easy",
            "incorrect_answers": [
                "Rubber Soul",
                "Abbey Road",
                "Magical Mystery Tour"
            ],
            "question": "Which Beatles album does NOT feature any of the band members on it&#039;s cover?",
            "type": "multiple"
        },
        {
            "category": "Science: Computers",
            "correct_answer": "80",
            "difficulty": "hard",
            "incorrect_answers": [
                "53",
                "443",
                "23"
            ],
            "question": "What port does HTTP run on?",
            "type": "multiple"
        },
        {
            "category": "Entertainment: Video Games",
            "correct_answer": "Astalos",
            "difficulty": "medium",
            "incorrect_answers": [
                "Gore Magala",
                "Malfestio",
                "Arzuros"
            ],
            "question": "In Monster Hunter Generations, which of the following monsters are a part of the &quot;Fated Four&quot;?",
            "type": "multiple"
        },
        {
            "category": "Entertainment: Music",
            "correct_answer": "False",
            "difficulty": "medium",
            "incorrect_answers": [
                "True"
            ],
            "question": "&quot;The Division Bell&quot; is the final album of the progressive rock band Pink Floyd.",
            "type": "boolean"
        },
        {
            "category": "Entertainment: Television",
            "correct_answer": "Jessica Smith",
            "difficulty": "hard",
            "incorrect_answers": [
                "Pui Fan Lee",
                "Sue Monroe",
                "Lisa Brockwell"
            ],
            "question": "Who played the sun baby in the original run of Teletubbies?",
            "type": "multiple"
        },
        {
            "category": "Entertainment: Video Games",
            "correct_answer": "Zero-Point Energy Field Manipulator",
            "difficulty": "medium",
            "incorrect_answers": [
                "Universal Gravity Manipulation Device",
                "Isaac Newton&#039;s Theory Disprover",
                "Quantum Energy Displacement Modifier"
            ],
            "question": "In the Half-Life franchise, what is the real name of the &quot;gravity gun&quot;?",
            "type": "multiple"
        },
        {
            "category": "Science & Nature",
            "correct_answer": "True",
            "difficulty": "medium",
            "incorrect_answers": [
                "False"
            ],
            "question": "In the periodic table, Potassium&#039;s symbol is the letter K.",
            "type": "boolean"
        },
        {
            "category": "Entertainment: Video Games",
            "correct_answer": "GLaDOS",
            "difficulty": "hard",
            "incorrect_answers": [
                "Cave Johnson",
                "Wheatley",
                "Atlas / P-Body"
            ],
            "question": "The voice actor for which Portal 2 character was not a TV or film actor prior to the game?",
            "type": "multiple"
        },
        {
            "category": "Entertainment: Board Games",
            "correct_answer": "Tsumo",
            "difficulty": "hard",
            "incorrect_answers": [
                "Ron",
                "R\u012bchi",
                "Kan"
            ],
            "question": "What do you declare in R\u012bchi Mahjong when you&#039;ve drawn your winning tile?",
            "type": "multiple"
        },
        {
            "category": "Mythology",
            "correct_answer": "Hera",
            "difficulty": "easy",
            "incorrect_answers": [
                "Aphrodite",
                "Athena",
                "Hestia"
            ],
            "question": "In most traditions, who was the wife of Zeus?",
            "type": "multiple"
        },
        {
            "category": "History",
            "correct_answer": "The Apology",
            "difficulty": "medium",
            "incorrect_answers": [
                "The Euthyphro",
                "The Laws",
                "The Republic"
            ],
            "question": "In what dialogue did Socrates defend himself to the court of Athens? ",
            "type": "multiple"
        },
        {
            "category": "General Knowledge",
            "correct_answer": "Fruit Brute",
            "difficulty": "medium",
            "incorrect_answers": [
                "Count Chocula",
                "Franken Berry",
                "Boo-Berry"
            ],
            "question": "Which of the General Mills Corporation&#039;s monster cereals was the last to be released in the 1970&#039;s?",
            "type": "multiple"
        },
        {
            "category": "General Knowledge",
            "correct_answer": "1979",
            "difficulty": "medium",
            "incorrect_answers": [
                "1984",
                "1972",
                "1980"
            ],
            "question": "When was Hubba Bubba first introduced?",
            "type": "multiple"
        },
        {
            "category": "Entertainment: Film",
            "correct_answer": "Jack Black",
            "difficulty": "easy",
            "incorrect_answers": [
                "Mirana Jonnes",
                "McConahey Ramses",
                "Jim Petersson"
            ],
            "question": "Who plays the character of Po in the Kung Fu Panda movies?",
            "type": "multiple"
        },
        {
            "category": "Entertainment: Television",
            "correct_answer": "The Governor",
            "difficulty": "easy",
            "incorrect_answers": [
                "Negan",
                "Rick Grimes",
                "Daryl Dixon"
            ],
            "question": "British actor David Morrissey stars as which role in &quot;The Walking Dead&quot;?",
            "type": "multiple"
        },
        {
            "category": "Entertainment: Video Games",
            "correct_answer": "Israel",
            "difficulty": "medium",
            "incorrect_answers": [
                "United States of America",
                "Mexico",
                "Canada"
            ],
            "question": "Which country was Eliza &quot;Ash&quot; Cohen from &quot;Tom Clancy&#039;s Rainbow Six Siege&quot; born in?",
            "type": "multiple"
        },
        {
            "category": "History",
            "correct_answer": "False",
            "difficulty": "hard",
            "incorrect_answers": [
                "True"
            ],
            "question": "The USS Missouri (BB-63) last served in the Korean War.",
            "type": "boolean"
        },
        {
            "category": "Entertainment: Cartoon & Animations",
            "correct_answer": "Liver",
            "difficulty": "easy",
            "incorrect_answers": [
                "Chicken",
                "Steak",
                "Caribou"
            ],
            "question": "What is Everest&#039;s favorite food in the Nickelodeon/Nick Jr. series &quot;PAW Patrol&quot;?",
            "type": "multiple"
        },
        {
            "category": "Entertainment: Books",
            "correct_answer": "Ray Bradbury",
            "difficulty": "medium",
            "incorrect_answers": [
                "R. L. Stine",
                "Wolfgang Amadeus Mozart",
                "Stephen King"
            ],
            "question": "The book &quot;Fahrenheit 451&quot; was written by whom?",
            "type": "multiple"
        },
        {
            "category": "Entertainment: Japanese Anime & Manga",
            "correct_answer": " Tracker",
            "difficulty": "hard",
            "incorrect_answers": [
                "Assassin",
                "Scribe",
                "Apprentice"
            ],
            "question": "Akatsuki&#039;s subclass in &quot;Log Horizon&quot; is what?",
            "type": "multiple"
        },
        {
            "category": "Entertainment: Video Games",
            "correct_answer": "2003",
            "difficulty": "easy",
            "incorrect_answers": [
                "2000",
                "2010",
                "2006"
            ],
            "question": "When was the top-down online RPG &quot;Space Station 13&quot; released?",
            "type": "multiple"
        },
        {
            "category": "Entertainment: Video Games",
            "correct_answer": "Half Human / Half Bear",
            "difficulty": "medium",
            "incorrect_answers": [
                "A Human",
                "Half Wolf / Half Bear",
                "Half Tiger /  Half Human"
            ],
            "question": "In the game &quot;Brawlhalla&quot;, what species is the character B&ouml;dvar is?",
            "type": "multiple"
        },
        {
            "category": "Science: Computers",
            "correct_answer": "RAID 1",
            "difficulty": "hard",
            "incorrect_answers": [
                "RAID 0",
                "RAID 10",
                "RAID 5"
            ],
            "question": "Which RAID array type is associated with data mirroring?",
            "type": "multiple"
        },
        {
            "category": "Art",
            "correct_answer": "False",
            "difficulty": "easy",
            "incorrect_answers": [
                "True"
            ],
            "question": "Leonardo da Vinci was not the creator of the Mona Lisa.",
            "type": "boolean"
        },
        {
            "category": "Entertainment: Video Games",
            "correct_answer": "Devil May Cry 3: Dante&#039;s Awakening ",
            "difficulty": "hard",
            "incorrect_answers": [
                "Devil May Cry 4",
                "Devil May Cry",
                "Devil May Cry 2"
            ],
            "question": "In the &quot;Devil May Cry&quot; franchise, which game is chronologically first?",
            "type": "multiple"
        },
        {
            "category": "Science: Computers",
            "correct_answer": "Dennis Ritchie",
            "difficulty": "easy",
            "incorrect_answers": [
                "Tim Berners Lee",
                "al-Khw\u0101rizm\u012b",
                "Willis Ware"
            ],
            "question": "The C programming language was created by this American computer scientist. ",
            "type": "multiple"
        },
        {
            "category": "Entertainment: Film",
            "correct_answer": "1992 Ford Explorer XLT",
            "difficulty": "medium",
            "incorrect_answers": [
                "1992 Toyota Land Cruiser",
                "1992 Jeep Wrangler YJ Sahar",
                "Mercedes M-Class"
            ],
            "question": "What is the make and model of the tour vehicles in &quot;Jurassic Park&quot;?",
            "type": "multiple"
        },
        {
            "category": "Geography",
            "correct_answer": "Sri Lanka",
            "difficulty": "easy",
            "incorrect_answers": [
                "Kiribati",
                "Scotland",
                "Bhutan"
            ],
            "question": "Which of the following countries has a flag featuring a yellow lion wielding a sword on a dark red background?",
            "type": "multiple"
        },
        {
            "category": "Entertainment: Video Games",
            "correct_answer": "False",
            "difficulty": "easy",
            "incorrect_answers": [
                "True"
            ],
            "question": "Activision created Battlefield 1.",
            "type": "boolean"
        },
        {
            "category": "Entertainment: Video Games",
            "correct_answer": "4",
            "difficulty": "medium",
            "incorrect_answers": [
                "3",
                "5",
                "1"
            ],
            "question": "In Grand Theft Auto: V, what wanted level does the player receive if they enter Zancudo Army Base north of Los Santos?",
            "type": "multiple"
        }
    ]
}