{
    "response_code": 0,
    "results": [
        {
            "category": "Mythology",
            "correct_answer": "Crete",
            "difficulty": "hard",
            "incorrect_answers": [
                "Sardinia",
                "Sicily",
                "Cyprus"
            ],
            "question": "Talos, the mythical giant bronze man, was the protector of which island?",
            "type": "multiple"
        },
        {
            "category": "Entertainment: Video Games",
            "correct_answer": "Six",
            "difficulty": "medium",
            "incorrect_answers": [
                "Seven",
                "Five",
                "Eight"
            ],
            "question": "How many Chaos Emeralds can you collect in the first Sonic The Hedgehog?",
            "type": "multiple"
        },
        {
            "category": "Entertainment: Film",
            "correct_answer": "4",
            "difficulty": "hard",
            "incorrect_answers": [
                "2",
                "6",
                "1"
            ],
            "question": "In the 1976 film &#039;Taxi Driver&#039;, how many guns did Travis buy from the salesman?",
            "type": "multiple"
        },
        {
            "category": "Entertainment: Video Games",
            "correct_answer": "Galaxian",
            "difficulty": "medium",
            "incorrect_answers": [
                "Galactica",
                "Space Invaders",
                "Galactic Wars"
            ],
            "question": "What was the game &quot;Galaga&quot; was a sequel to?",
            "type": "multiple"
        },
        {
            "category": "Entertainment: Film",
            "correct_answer": "Dan Marino",
            "difficulty": "medium",
            "incorrect_answers": [
                "John Elway",
                "Tom Brady",
                "Joe Montana"
            ],
            "question": "Which retired American football quarterback played himself in &#039;Ace Ventura: Pet Detective&#039; and &#039;Little Nicky&#039;?",
            "type": "multiple"
        },
        {
            "category": "Science: Mathematics",
            "correct_answer": "314.15 Inches",
            "difficulty": "medium",
            "incorrect_answers": [
                "380.1215 Inches",
                "3141.5 Inches",
                "1256.6 Inches"
            ],
            "question": "What is the area of a circle with a diameter of 20 inches if &pi;= 3.1415?",
            "type": "multiple"
        },
        {
            "category": "Entertainment: Video Games",
            "correct_answer": "Quake Engine",
            "difficulty": "easy",
            "incorrect_answers": [
                "Doom Engine",
                "id Engine",
                "Source Engine"
            ],
            "question": "Half-Life by Valve uses the GoldSrc game engine, which is a highly modified version of what engine?",
            "type": "multiple"
        },
        {
            "category": "Entertainment: Music",
            "correct_answer": "Aneka",
            "difficulty": "hard",
            "incorrect_answers": [
                "Toyah",
                "Sandra",
                "Madonna"
            ],
            "question": "Who had a 1981 hit with the song &quot;Japanese Boy&quot;?",
            "type": "multiple"
        },
        {
            "category": "History",
            "correct_answer": "Ukraine",
            "difficulty": "medium",
            "incorrect_answers": [
                "Belarus",
                "Latvia",
                "Lithuania"
            ],
            "question": "Which country had an &quot;Orange Revolution&quot; between 2004 and 2005?",
            "type": "multiple"
        },
        {
            "category": "Entertainment: Music",
            "correct_answer": "Hurry Up, We&#039;re Dreaming",
            "difficulty": "hard",
            "incorrect_answers": [
                "Saturdays = Youth",
                "Before the Dawn Heals Us",
                "Junk"
            ],
            "question": "Which M83 album is the song &quot;Midnight City&quot; featured in?",
            "type": "multiple"
        },
        {
            "category": "Entertainment: Video Games",
            "correct_answer": "Mario",
            "difficulty": "medium",
            "incorrect_answers": [
                "Inklings",
                "Octolings",
                "Zelda"
            ],
            "question": "The original mascot of the popular Nintendo game, &quot;Splatoon&quot; was going to be...",
            "type": "multiple"
        },
        {
            "category": "Science & Nature",
            "correct_answer": "Nitrogen",
            "difficulty": "medium",
            "incorrect_answers": [
                "Oxygen",
                "Hydrogen",
                "Neon"
            ],
            "question": "Which element has the atomic number of 7?",
            "type": "multiple"
        },
        {
            "category": "Geography",
            "correct_answer": "Afghanistan and Pakistan",
            "difficulty": "hard",
            "incorrect_answers": [
                "India and Nepal",
                "Pakistan and India",
                "Tajikistan and Kyrgyzstan"
            ],
            "question": "The mountainous Khyber Pass connects which of the two following countries?",
            "type": "multiple"
        },
        {
            "category": "Entertainment: Video Games",
            "correct_answer": "A GDC Document",
            "difficulty": "hard",
            "incorrect_answers": [
                "Text Document on Herbs",
                "Nothing",
                "Document on B.O.Ws"
            ],
            "question": "In the Gamecube Version of &quot;Resident Evil&quot; what text document is open on the monitor of the computer in the Visual Data Room?",
            "type": "multiple"
        },
        {
            "category": "Entertainment: Film",
            "correct_answer": "LV-426",
            "difficulty": "hard",
            "incorrect_answers": [
                "Weyland Yutani Corporation Base",
                "FR-838",
                "DI-621"
            ],
            "question": "What was the name of the planet in &quot;Aliens&quot;?",
            "type": "multiple"
        },
        {
            "category": "Entertainment: Comics",
            "correct_answer": "Calvin and Hobbes",
            "difficulty": "medium",
            "incorrect_answers": [
                "Winnie the Pooh",
                "Albert and Pogo",
                "Peanuts"
            ],
            "question": "What is the name of the comic about a young boy, and a tiger who is actually a stuffed animal?",
            "type": "multiple"
        },
        {
            "category": "Entertainment: Video Games",
            "correct_answer": "Naked Snake",
            "difficulty": "medium",
            "incorrect_answers": [
                "Solid Snake",
                "Liquid Snake",
                "Venom Snake"
            ],
            "question": "Who is the main character of &quot;Metal Gear Solid 3&quot;?",
            "type": "multiple"
        },
        {
            "category": "Geography",
            "correct_answer": "Constaninople",
            "difficulty": "easy",
            "incorrect_answers": [
                "H&uuml;davendigar",
                "S&ouml;\u011f&uuml;t",
                "Adrianople"
            ],
            "question": "What name was historically used for the Turkish city currently known as Istanbul?",
            "type": "multiple"
        },
        {
            "category": "Entertainment: Music",
            "correct_answer": "Entra&ntilde;as",
            "difficulty": "hard",
            "incorrect_answers": [
                "&amp;&amp;&amp;&amp;&amp;&amp;",
                "Sheep",
                "Xen"
            ],
            "question": "What is the name of the 2016 mixtape released by Venezuelan electronic producer Arca?",
            "type": "multiple"
        },
        {
            "category": "Science: Mathematics",
            "correct_answer": "23",
            "difficulty": "easy",
            "incorrect_answers": [
                "25",
                "21",
                "27"
            ],
            "question": "What prime number comes next after 19?",
            "type": "multiple"
        },
        {
            "category": "Geography",
            "correct_answer": "Wales",
            "difficulty": "easy",
            "incorrect_answers": [
                "England",
                "North Ireland",
                "Scotland"
            ],
            "question": "Which UK country features a dragon on their flag?",
            "type": "multiple"
        },
        {
            "category": "General Knowledge",
            "correct_answer": "India",
            "difficulty": "medium",
            "incorrect_answers": [
                "United States of America",
                "Soviet Union",
                "Poland"
            ],
            "question": "What country saw a world record 315 million voters turn out for elections on May 20, 1991?",
            "type": "multiple"
        },
        {
            "category": "Geography",
            "correct_answer": "True",
            "difficulty": "medium",
            "incorrect_answers": [
                "False"
            ],
            "question": "There exists an island named &quot;Java&quot;.",
            "type": "boolean"
        },
        {
            "category": "Vehicles",
            "correct_answer": "E46",
            "difficulty": "hard",
            "incorrect_answers": [
                "E39",
                "E85",
                "F10"
            ],
            "question": "Which one of these chassis codes are used by BMW 3-series?",
            "type": "multiple"
        },
        {
            "category": "Celebrities",
            "correct_answer": "Zoroastrianism",
            "difficulty": "hard",
            "incorrect_answers": [
                "Paganism",
                "Ashurism",
                "Judaism"
            ],
            "question": "What was the religion of famous singer &quot;Freddie Mercury&quot;?",
            "type": "multiple"
        },
        {
            "category": "Entertainment: Video Games",
            "correct_answer": "World War II",
            "difficulty": "easy",
            "incorrect_answers": [
                "World War I",
                "Vietnam War",
                "Iraq War"
            ],
            "question": "The &quot;Day of Defeat&quot; series of games take place during which war?",
            "type": "multiple"
        },
        {
            "category": "Science: Mathematics",
            "correct_answer": "6",
            "difficulty": "medium",
            "incorrect_answers": [
                "3",
                "4",
                "5"
            ],
            "question": "To the nearest whole number, how many radians are in a whole circle?",
            "type": "multiple"
        },
        {
            "category": "Geography",
            "correct_answer": "False",
            "difficulty": "easy",
            "incorrect_answers": [
                "True"
            ],
            "question": "St. Louis is the capital of the US State Missouri.",
            "type": "boolean"
        },
        {
            "category": "Entertainment: Video Games",
            "correct_answer": "Interplay Entertainment ",
            "difficulty": "medium",
            "incorrect_answers": [
                "Capcom",
                "Blizzard Entertainment",
                "Nintendo"
            ],
            "question": "Which company did Bethesda purchase the Fallout Series from?",
            "type": "multiple"
        },
        {
            "category": "Entertainment: Music",
            "correct_answer": "Taylor Swift",
            "difficulty": "easy",
            "incorrect_answers": [
                "MF DOOM",
                "Beyonce",
                "Beck"
            ],
            "question": "Kanye West at 2009 VMA&#039;s interrupted which celebrity?",
            "type": "multiple"
        },
        {
            "category": "Celebrities",
            "correct_answer": "2035",
            "difficulty": "medium",
            "incorrect_answers": [
                "2030",
                "2040",
                "2045"
            ],
            "question": "If he was still alive, in what year would Elvis Presley celebrate his 100th birthday?",
            "type": "multiple"
        },
        {
            "category": "Entertainment: Japanese Anime & Manga",
            "correct_answer": "Bones",
            "difficulty": "medium",
            "incorrect_answers": [
                "A-1 Pictures",
                "Shaft",
                "Madhouse"
            ],
            "question": "Which animation studio animated the 2016 anime &quot;Mob Psycho 100&quot;?",
            "type": "multiple"
        },
        {
            "category": "Geography",
            "correct_answer": "False",
            "difficulty": "hard",
            "incorrect_answers": [
                "True"
            ],
            "question": "Switzerland has four national languages, English being one of them.",
            "type": "boolean"
        },
        {
            "category": "Celebrities",
            "correct_answer": "False",
            "difficulty": "easy",
            "incorrect_answers": [
                "True"
            ],
            "question": "Marilyn Monroe was born on July 1, 1926.",
            "type": "boolean"
        },
        {
            "category": "Entertainment: Board Games",
            "correct_answer": "9",
            "difficulty": "hard",
            "incorrect_answers": [
                "1",
                "6",
                "10"
            ],
            "question": "How many rooms are there, not including the hallways and the set of stairs, in the board game &quot;Clue&quot;?",
            "type": "multiple"
        },
        {
            "category": "Science & Nature",
            "correct_answer": "Gray ",
            "difficulty": "medium",
            "incorrect_answers": [
                "Watt",
                "Decibel",
                "Kelvin"
            ],
            "question": "What is radiation measured in?",
            "type": "multiple"
        },
        {
            "category": "Entertainment: Video Games",
            "correct_answer": "Tracer",
            "difficulty": "easy",
            "incorrect_answers": [
                "Widowmaker",
                "Sombra",
                "Symmetra"
            ],
            "question": "Which of the following characters from the game &quot;Overwatch&quot; was revealed to be homosexual in December of 2016?",
            "type": "multiple"
        },
        {
            "category": "Geography",
            "correct_answer": "Mt. Everest",
            "difficulty": "medium",
            "incorrect_answers": [
                "Mount Godwin Austen",
                "Kangchenjunga",
                "Annapurna"
            ],
            "question": "What is the highest mountain in the world?",
            "type": "multiple"
        },
        {
            "category": "Vehicles",
            "correct_answer": "346",
            "difficulty": "easy",
            "incorrect_answers": [
                "350",
                "355",
                "360"
            ],
            "question": "The LS1 engine is how many cubic inches?",
            "type": "multiple"
        },
        {
            "category": "Entertainment: Television",
            "correct_answer": "False",
            "difficulty": "medium",
            "incorrect_answers": [
                "True"
            ],
            "question": "In &quot;Star Trek&quot;, Klingons are commonly referred to as &quot;Black Elves&quot;.",
            "type": "boolean"
        },
        {
            "category": "Sports",
            "correct_answer": "Madeira",
            "difficulty": "medium",
            "incorrect_answers": [
                "Terceira",
                "Santa Maria",
                "Porto Santo"
            ],
            "question": "Which portuguese island is soccer player Cristiano Ronaldo from?",
            "type": "multiple"
        },
        {
            "category": "Entertainment: Video Games",
            "correct_answer": "Radiation&#039;s Earthbound Halloween Hack",
            "difficulty": "medium",
            "incorrect_answers": [
                "Homestuck: [S] Wake",
                "Undertale",
                "Mother: Cognitive Dissonance"
            ],
            "question": "Toby Fox&#039;s &quot;Megalovania&quot; was first used where?",
            "type": "multiple"
        },
        {
            "category": "Celebrities",
            "correct_answer": "True",
            "difficulty": "hard",
            "incorrect_answers": [
                "False"
            ],
            "question": "Lady Gaga&#039;s real name is Stefani Joanne Angelina Germanotta.",
            "type": "boolean"
        },
        {
            "category": "Science & Nature",
            "correct_answer": "Ohm",
            "difficulty": "easy",
            "incorrect_answers": [
                "Mho",
                "Tesla",
                "Joule"
            ],
            "question": "What is the unit of electrical resistance?",
            "type": "multiple"
        },
        {
            "category": "Entertainment: Film",
            "correct_answer": "False",
            "difficulty": "hard",
            "incorrect_answers": [
                "True"
            ],
            "question": "The weapon Clint Eastwood uses in &quot;Dirty Harry&quot; was a .44 Automag.",
            "type": "boolean"
        },
        {
            "category": "Entertainment: Japanese Anime & Manga",
            "correct_answer": "Chris Niosi",
            "difficulty": "medium",
            "incorrect_answers": [
                "Max Mittelman",
                "Kyle McCarley",
                "Casey Mongillo"
            ],
            "question": "Who voices the character &quot;Reigen&quot;  in the English dub of &quot;Mob Psycho 100&quot;?",
            "type": "multiple"
        },
        {
            "category": "Science & Nature",
            "correct_answer": "The Sonoran Desert",
            "difficulty": "medium",
            "incorrect_answers": [
                "The Gobi Desert",
                "The Yuma Desert",
                "The Arabian Desert"
            ],
            "question": "Which desert is the only desert in the world where the &quot;Saguaro&quot; cactus grows indigenously?",
            "type": "multiple"
        },
        {
            "category": "Entertainment: Video Games",
            "correct_answer": "The Director",
            "difficulty": "hard",
            "incorrect_answers": [
                "Herbert P. Bear",
                "Tusk",
                "Ultimate Proto-Bot 10000"
            ],
            "question": "Which of these characters wasn&#039;t a villian in Club Penguin?",
            "type": "multiple"
        },
        {
            "category": "Animals",
            "correct_answer": "Peregrine Falcon",
            "difficulty": "medium",
            "incorrect_answers": [
                "Golden Eagle",
                "Cheetah",
                "Horsefly"
            ],
            "question": "What is the fastest animal?",
            "type": "multiple"
        },
        {
            "category": "Science & Nature",
            "correct_answer": "True",
            "difficulty": "easy",
            "incorrect_answers": [
                "False"
            ],
            "question": "Psychology is the science of behavior and mind.",
            "type": "boolean"
        }
    ]
}