{
    "response_code": 0,
    "results": [
        {
            "category": "Science & Nature",
            "correct_answer": "Apollo 11",
            "difficulty": "easy",
            "incorrect_answers": [
                "Apollo 10",
                "Apollo 9",
                "Apollo 13"
            ],
            "question": "Which Apollo mission was the first one to land on the Moon?",
            "type": "multiple"
        },
        {
            "category": "General Knowledge",
            "correct_answer": "Richard Branson",
            "difficulty": "easy",
            "incorrect_answers": [
                "Alan Sugar",
                "Donald Trump",
                "Bill Gates"
            ],
            "question": "Virgin Trains, Virgin Atlantic and Virgin Racing, are all companies owned by which famous entrepreneur?   ",
            "type": "multiple"
        },
        {
            "category": "Entertainment: Cartoon & Animations",
            "correct_answer": "Scoobert",
            "difficulty": "medium",
            "incorrect_answers": [
                "Scooter",
                "Scrappy",
                "Shooby"
            ],
            "question": "What is Scooby-Doo&#039;s real name?",
            "type": "multiple"
        },
        {
            "category": "History",
            "correct_answer": "Romantic",
            "difficulty": "hard",
            "incorrect_answers": [
                "Classic",
                "Baroque",
                "Renaissance"
            ],
            "question": "Pianist Fr&eacute;d&eacute;ric Chopin was a composer of which musical era?",
            "type": "multiple"
        },
        {
            "category": "Entertainment: Music",
            "correct_answer": "Air",
            "difficulty": "medium",
            "incorrect_answers": [
                "Fire",
                "Earth",
                "Water"
            ],
            "question": "Which French duo had UK hits in 1998 with the songs &#039;Sexy Boy&#039;, &#039;Kelly Watch The Stars&#039; &amp; &#039;All I Need&#039;?",
            "type": "multiple"
        },
        {
            "category": "Entertainment: Cartoon & Animations",
            "correct_answer": "Bambi",
            "difficulty": "easy",
            "incorrect_answers": [
                "Cinderella",
                "Pinocchio",
                "The Jungle Book"
            ],
            "question": "The song &#039;Little April Shower&#039; features in which Disney cartoon film?",
            "type": "multiple"
        },
        {
            "category": "Science & Nature",
            "correct_answer": "Femur",
            "difficulty": "easy",
            "incorrect_answers": [
                "Scapula",
                "Fibula",
                "Ulna"
            ],
            "question": "Which is the longest bone in the human body? ",
            "type": "multiple"
        },
        {
            "category": "History",
            "correct_answer": "6",
            "difficulty": "easy",
            "incorrect_answers": [
                "1",
                "3",
                "7"
            ],
            "question": "How many manned moon landings have there been?",
            "type": "multiple"
        },
        {
            "category": "General Knowledge",
            "correct_answer": "Watches",
            "difficulty": "medium",
            "incorrect_answers": [
                "Cars",
                "Computers",
                "Sports equipment"
            ],
            "question": "Rolex is a company that specializes in what type of product?",
            "type": "multiple"
        },
        {
            "category": "Entertainment: Music",
            "correct_answer": "True",
            "difficulty": "medium",
            "incorrect_answers": [
                "False"
            ],
            "question": "The cover of The Beatles album &quot;Abbey Road&quot; featured a Volkswagen Beetle in the background.",
            "type": "boolean"
        },
        {
            "category": "Entertainment: Film",
            "correct_answer": "True",
            "difficulty": "easy",
            "incorrect_answers": [
                "False"
            ],
            "question": "Matt Damon played an astronaut stranded on an extraterrestrial planet in both of the movies Interstellar and The Martian.",
            "type": "boolean"
        },
        {
            "category": "Science: Computers",
            "correct_answer": "Think",
            "difficulty": "medium",
            "incorrect_answers": [
                "Click",
                "Logic",
                "Pixel"
            ],
            "question": "What five letter word is the motto of the IBM Computer company?",
            "type": "multiple"
        },
        {
            "category": "General Knowledge",
            "correct_answer": "George Washington",
            "difficulty": "easy",
            "incorrect_answers": [
                "Thomas Jefferson",
                "Abraham Lincoln",
                "Benjamin Franklin"
            ],
            "question": "Which American president appears on a one dollar bill?",
            "type": "multiple"
        },
        {
            "category": "Science & Nature",
            "correct_answer": "Gold",
            "difficulty": "medium",
            "incorrect_answers": [
                "Silver",
                "Oxygen",
                "Nickel"
            ],
            "question": "Au on the Periodic Table refers to which element?",
            "type": "multiple"
        },
        {
            "category": "Science: Gadgets",
            "correct_answer": "Lighthouse",
            "difficulty": "medium",
            "incorrect_answers": [
                "Motion",
                "Constellation ",
                "Trackers"
            ],
            "question": "What are the base station trackers used for the HTC Vive called?",
            "type": "multiple"
        },
        {
            "category": "Vehicles",
            "correct_answer": "0.1m",
            "difficulty": "hard",
            "incorrect_answers": [
                "1m",
                "10m ",
                "100m"
            ],
            "question": "The difference between the lengths of a Boeing 777-300ER and an Airbus A350-1000 is closest to:",
            "type": "multiple"
        },
        {
            "category": "Science & Nature",
            "correct_answer": "True",
            "difficulty": "hard",
            "incorrect_answers": [
                "False"
            ],
            "question": "It was once believed that injecting shark cartilage into people would prevent them from contracting cancer.",
            "type": "boolean"
        },
        {
            "category": "Entertainment: Japanese Anime & Manga",
            "correct_answer": "True",
            "difficulty": "medium",
            "incorrect_answers": [
                "False"
            ],
            "question": "The animated film &quot;Spirited Away&quot; won the Academy Award for Best Animated Feature at the 75th Academy Awards in 2003.",
            "type": "boolean"
        },
        {
            "category": "Entertainment: Video Games",
            "correct_answer": "Laura Cruz",
            "difficulty": "easy",
            "incorrect_answers": [
                "Laura Craft",
                "Laura Croft",
                "Lara Craft"
            ],
            "question": "&quot;Tomb Raider&quot; icon Lara Croft was originally called...",
            "type": "multiple"
        },
        {
            "category": "Entertainment: Japanese Anime & Manga",
            "correct_answer": "Elric",
            "difficulty": "easy",
            "incorrect_answers": [
                "Ellis",
                "Eliek",
                "Elwood"
            ],
            "question": "What is the last name of Edward and Alphonse in the Fullmetal Alchemist series.",
            "type": "multiple"
        },
        {
            "category": "Entertainment: Japanese Anime & Manga",
            "correct_answer": "False",
            "difficulty": "easy",
            "incorrect_answers": [
                "True"
            ],
            "question": "The anime &quot;Lucky Star&quot; follows the story of one girl who is unaware she is God.",
            "type": "boolean"
        },
        {
            "category": "General Knowledge",
            "correct_answer": "The Goth Family",
            "difficulty": "hard",
            "incorrect_answers": [
                "The Family",
                "The Simoleon Family",
                "The Proud Family"
            ],
            "question": "Which of the following is an existing family in &quot;The Sims&quot;?",
            "type": "multiple"
        },
        {
            "category": "Geography",
            "correct_answer": "Qatar",
            "difficulty": "easy",
            "incorrect_answers": [
                "Kuwait",
                "United Arab Emirates",
                "Jordan"
            ],
            "question": "Which of the following Arab countries does NOT have a flag containing only Pan-Arab colours?",
            "type": "multiple"
        },
        {
            "category": "General Knowledge",
            "correct_answer": "Harry",
            "difficulty": "hard",
            "incorrect_answers": [
                "Gus",
                "Phineas",
                "Ezra"
            ],
            "question": "Disney&#039;s Haunted Mansion is home to a trio of Hitchhiking Ghosts. Which of these is NOT one of them?",
            "type": "multiple"
        },
        {
            "category": "History",
            "correct_answer": "True",
            "difficulty": "easy",
            "incorrect_answers": [
                "False"
            ],
            "question": "Adolf Hitler was a german soldier in World War I.",
            "type": "boolean"
        },
        {
            "category": "Entertainment: Video Games",
            "correct_answer": "September 19th",
            "difficulty": "medium",
            "incorrect_answers": [
                "September 21st",
                "September 30th",
                "September 14th"
            ],
            "question": "Capcom&#039;s survival horror title Dead Rising, canonically starts on what day of September 2006?",
            "type": "multiple"
        },
        {
            "category": "Entertainment: Video Games",
            "correct_answer": "2012",
            "difficulty": "easy",
            "incorrect_answers": [
                "2011",
                "2008",
                "2013"
            ],
            "question": "What year was the game Dishonored released?",
            "type": "multiple"
        },
        {
            "category": "Mythology",
            "correct_answer": "Apollo",
            "difficulty": "easy",
            "incorrect_answers": [
                "Aphrodite",
                "Artemis",
                "Athena"
            ],
            "question": "Which Greek &amp; Roman god was known as the god of music, truth and prophecy, healing, the sun and light, plague, poetry, and more?",
            "type": "multiple"
        },
        {
            "category": "Entertainment: Japanese Anime & Manga",
            "correct_answer": "Mukuro Ikusaba",
            "difficulty": "easy",
            "incorrect_answers": [
                "Ryota Mitarai",
                "Ultimate Imposter",
                "Komaru Naegi"
            ],
            "question": "The name of Junko Enoshima&#039;s imposter at the beginning of Danganronpa: Trigger Happy Havoc is?",
            "type": "multiple"
        },
        {
            "category": "Entertainment: Video Games",
            "correct_answer": "True",
            "difficulty": "easy",
            "incorrect_answers": [
                "False"
            ],
            "question": "Danganronpa 2: Goodbye Despair featured all of the surviving students from the first game.",
            "type": "boolean"
        },
        {
            "category": "Science & Nature",
            "correct_answer": "4",
            "difficulty": "easy",
            "incorrect_answers": [
                "2",
                "6",
                "3"
            ],
            "question": "The human heart has how many chambers?",
            "type": "multiple"
        },
        {
            "category": "Science: Gadgets",
            "correct_answer": "Courage",
            "difficulty": "easy",
            "incorrect_answers": [
                "Innovation",
                "Revolution",
                "Bravery"
            ],
            "question": "Which buzzword did Apple Inc. use to describe their removal of the headphone jack?",
            "type": "multiple"
        },
        {
            "category": "Entertainment: Television",
            "correct_answer": "Dean",
            "difficulty": "easy",
            "incorrect_answers": [
                "Dave",
                "Steve",
                "Mike"
            ],
            "question": "In Supernatural, what&#039;s is Sam&#039;s brothers name?",
            "type": "multiple"
        },
        {
            "category": "Entertainment: Video Games",
            "correct_answer": "Festung Recogne",
            "difficulty": "hard",
            "incorrect_answers": [
                "Ste. Mere-Eglise (Day)",
                "Chateau",
                "Brecourt"
            ],
            "question": "In the game Call of Duty, what is the last level where you play as an American soldier?",
            "type": "multiple"
        },
        {
            "category": "Entertainment: Video Games",
            "correct_answer": "San Andreas",
            "difficulty": "medium",
            "incorrect_answers": [
                "San Fierro",
                "Las Venturas",
                "Vice City"
            ],
            "question": "Which of these is not the name of a city in the Grand Theft Auto series?",
            "type": "multiple"
        },
        {
            "category": "History",
            "correct_answer": "1997",
            "difficulty": "medium",
            "incorrect_answers": [
                "1986",
                "1981",
                "1971"
            ],
            "question": "What year is considered to be the year that the British Empire ended?",
            "type": "multiple"
        },
        {
            "category": "Mythology",
            "correct_answer": "False",
            "difficulty": "medium",
            "incorrect_answers": [
                "True"
            ],
            "question": "In Greek mythology, Hera is the goddess of harvest.",
            "type": "boolean"
        },
        {
            "category": "General Knowledge",
            "correct_answer": "Polska",
            "difficulty": "easy",
            "incorrect_answers": [
                "Pupcia",
                "Polszka",
                "P&oacute;land"
            ],
            "question": "What is the name of Poland in Polish?",
            "type": "multiple"
        },
        {
            "category": "Geography",
            "correct_answer": "11",
            "difficulty": "medium",
            "incorrect_answers": [
                "6",
                "24",
                "16"
            ],
            "question": "How many timezones does Russia have?",
            "type": "multiple"
        },
        {
            "category": "Entertainment: Music",
            "correct_answer": "True",
            "difficulty": "easy",
            "incorrect_answers": [
                "False"
            ],
            "question": "Daft Punk originated in France.",
            "type": "boolean"
        },
        {
            "category": "Entertainment: Film",
            "correct_answer": "Atreyu",
            "difficulty": "medium",
            "incorrect_answers": [
                "Atrayu",
                "Atraiyu",
                "Atraeyu"
            ],
            "question": "What is the correct spelling of the protagonist of the book in The NeverEnding Story (1984)?",
            "type": "multiple"
        },
        {
            "category": "History",
            "correct_answer": "Frank Lloyd Wright",
            "difficulty": "medium",
            "incorrect_answers": [
                "Antoni Gaudi",
                "Frank Gehry",
                "Le Corbusier"
            ],
            "question": "The Fallingwater House, located in Pennsylvania, was designed by which architect?",
            "type": "multiple"
        },
        {
            "category": "Entertainment: Video Games",
            "correct_answer": "Hannover",
            "difficulty": "medium",
            "incorrect_answers": [
                "Berlin",
                "Hamburg",
                "Munich"
            ],
            "question": "Which German city does the map &quot;Clubhouse&quot; in &quot;Tom Clancy&#039;s Rainbow Six Siege&quot; take place in?",
            "type": "multiple"
        },
        {
            "category": "Entertainment: Video Games",
            "correct_answer": "Sand",
            "difficulty": "medium",
            "incorrect_answers": [
                "End Stone",
                "Water",
                "Wood Planks"
            ],
            "question": "Which of these blocks in &quot;Minecraft&quot; has the lowest blast resistance?",
            "type": "multiple"
        },
        {
            "category": "Entertainment: Film",
            "correct_answer": "Edgar Wright",
            "difficulty": "medium",
            "incorrect_answers": [
                "Phil Lord",
                "Chris Miller",
                "Seth Rogan"
            ],
            "question": "Who was the director of &quot;Scott Pilgrim vs. the World (2010)&quot;?",
            "type": "multiple"
        },
        {
            "category": "Entertainment: Video Games",
            "correct_answer": "True",
            "difficulty": "medium",
            "incorrect_answers": [
                "False"
            ],
            "question": "In &quot;Starbound&quot;, the track played by the Decorated Music Box is named &quot;Atlas&quot;.",
            "type": "boolean"
        },
        {
            "category": "Science: Gadgets",
            "correct_answer": "Canada",
            "difficulty": "medium",
            "incorrect_answers": [
                "Norway",
                "United States of America",
                "United Kingdom"
            ],
            "question": "Mobile hardware and software company &quot;Blackberry Limited&quot; was founded in which country?",
            "type": "multiple"
        },
        {
            "category": "Politics",
            "correct_answer": "False",
            "difficulty": "medium",
            "incorrect_answers": [
                "True"
            ],
            "question": "Helen Clark was the 37th Prime Minister of Australia.",
            "type": "boolean"
        },
        {
            "category": "Entertainment: Video Games",
            "correct_answer": "Grass and Cobblestone",
            "difficulty": "easy",
            "incorrect_answers": [
                "Grass and Stone",
                "Crafting Table and Cobblestone",
                "Cobblestone and Stone"
            ],
            "question": "What were the first two blocks in &quot;Minecraft&quot;?",
            "type": "multiple"
        },
        {
            "category": "Entertainment: Board Games",
            "correct_answer": "Tom Vasel",
            "difficulty": "hard",
            "incorrect_answers": [
                "Jason LeVine",
                "Borth Sampson",
                "Uncle Pennybags"
            ],
            "question": "The Dice Tower network of board game podcasts and videos is run by which individual?",
            "type": "multiple"
        }
    ]
}